device_id,timestamp,meas_type,value,unit
a126ebe4-2cca-4cbb-953e-71eaca8ac837,2025-02-11T00:00:00,ENERGYMETER,18906.01,kWh
a126ebe4-2cca-4cbb-953e-71eaca8ac837,2025-02-11T01:00:00,ENERGYMETER,18909.83,kWh
a126ebe4-2cca-4cbb-953e-71eaca8ac837,2025-02-11T02:00:00,ENERGYMETER,18906.01,kWh
a126ebe4-2cca-4cbb-953e-71eaca8ac837,2025-02-11T03:00:00,ENERGYMETER,18909.83,kWh
a126ebe4-2cca-4cbb-953e-71eaca8ac837,2025-02-11T04:00:00,ENERGYMETER,18913.64,kWh
a126ebe4-2cca-4cbb-953e-71eaca8ac837,2025-02-11T05:00:00,ENERGYMETER,18917.46,kWh
a126ebe4-2cca-4cbb-953e-71eaca8ac837,2025-02-11T06:00:00,ENERGYMETER,18921.28,kWh
a126ebe4-2cca-4cbb-953e-71eaca8ac837,2025-02-11T07:00:00,ENERGYMETER,18925.12,kWh
a126ebe4-2cca-4cbb-953e-71eaca8ac837,2025-02-11T08:00:00,ENERGYMETER,18928.97,kWh
a126ebe4-2cca-4cbb-953e-71eaca8ac837,2025-02-11T09:00:00,ENERGYMETER,18934.14,kWh
a126ebe4-2cca-4cbb-953e-71eaca8ac837,2025-02-11T10:00:00,ENERGYMETER,18935.41,kWh
a126ebe4-2cca-4cbb-953e-71eaca8ac837,2025-02-11T11:00:00,ENERGYMETER,18935.76,kWh
a126ebe4-2cca-4cbb-953e-71eaca8ac837,2025-02-11T12:00:00,ENERGYMETER,18935.9,kWh
a126ebe4-2cca-4cbb-953e-71eaca8ac837,2025-02-11T13:00:00,ENERGYMETER,18935.94,kWh
a126ebe4-2cca-4cbb-953e-71eaca8ac837,2025-02-11T14:00:00,ENERGYMETER,18935.99,kWh
a126ebe4-2cca-4cbb-953e-71eaca8ac837,2025-02-11T15:00:00,ENERGYMETER,18936.07,kWh
a126ebe4-2cca-4cbb-953e-71eaca8ac837,2025-02-11T16:00:00,ENERGYMETER,18936.13,kWh
a126ebe4-2cca-4cbb-953e-71eaca8ac837,2025-02-11T17:00:00,ENERGYMETER,18936.18,kWh
a126ebe4-2cca-4cbb-953e-71eaca8ac837,2025-02-11T18:00:00,ENERGYMETER,18936.22,kWh
a126ebe4-2cca-4cbb-953e-71eaca8ac837,2025-02-11T19:00:00,ENERGYMETER,18936.28,kWh
a126ebe4-2cca-4cbb-953e-71eaca8ac837,2025-02-11T20:00:00,ENERGYMETER,18939.36,kWh
a126ebe4-2cca-4cbb-953e-71eaca8ac837,2025-02-11T21:00:00,ENERGYMETER,18945.27,kWh
a126ebe4-2cca-4cbb-953e-71eaca8ac837,2025-02-11T22:00:00,ENERGYMETER,18951.11,kWh
a126ebe4-2cca-4cbb-953e-71eaca8ac837,2025-02-11T23:00:00,ENERGYMETER,18956.95,kWh
a126ebe4-2cca-4cbb-953e-71eaca8ac837,2025-02-12T00:00:00,ENERGYMETER,18962.79,kWh
a126ebe4-2cca-4cbb-953e-71eaca8ac837,2025-02-12T01:00:00,ENERGYMETER,18967.33,kWh
a126ebe4-2cca-4cbb-953e-71eaca8ac837,2025-02-12T02:00:00,ENERGYMETER,18971.16,kWh
a126ebe4-2cca-4cbb-953e-71eaca8ac837,2025-02-12T03:00:00,ENERGYMETER,18974.97,kWh
a126ebe4-2cca-4cbb-953e-71eaca8ac837,2025-02-12T04:00:00,ENERGYMETER,18978.78,kWh
a126ebe4-2cca-4cbb-953e-71eaca8ac837,2025-02-12T05:00:00,ENERGYMETER,18982.59,kWh
a126ebe4-2cca-4cbb-953e-71eaca8ac837,2025-02-12T06:00:00,ENERGYMETER,18986.41,kWh
a126ebe4-2cca-4cbb-953e-71eaca8ac837,2025-02-12T07:00:00,ENERGYMETER,18990.25,kWh
a126ebe4-2cca-4cbb-953e-71eaca8ac837,2025-02-12T08:00:00,ENERGYMETER,18994.1,kWh
a126ebe4-2cca-4cbb-953e-71eaca8ac837,2025-02-12T09:00:00,ENERGYMETER,18999.27,kWh
a126ebe4-2cca-4cbb-953e-71eaca8ac837,2025-02-12T10:00:00,ENERGYMETER,19000.41,kWh
a126ebe4-2cca-4cbb-953e-71eaca8ac837,2025-02-12T11:00:00,ENERGYMETER,19000.75,kWh
a126ebe4-2cca-4cbb-953e-71eaca8ac837,2025-02-12T12:00:00,ENERGYMETER,19001.08,kWh
a126ebe4-2cca-4cbb-953e-71eaca8ac837,2025-02-12T13:00:00,ENERGYMETER,19001.3,kWh
a126ebe4-2cca-4cbb-953e-71eaca8ac837,2025-02-12T14:00:00,ENERGYMETER,19001.35,kWh
a126ebe4-2cca-4cbb-953e-71eaca8ac837,2025-02-12T15:00:00,ENERGYMETER,19001.4,kWh
a126ebe4-2cca-4cbb-953e-71eaca8ac837,2025-02-12T16:00:00,ENERGYMETER,19001.46,kWh
a126ebe4-2cca-4cbb-953e-71eaca8ac837,2025-02-12T17:00:00,ENERGYMETER,19001.51,kWh
a126ebe4-2cca-4cbb-953e-71eaca8ac837,2025-02-12T18:00:00,ENERGYMETER,19001.81,kWh
a126ebe4-2cca-4cbb-953e-71eaca8ac837,2025-02-12T19:00:00,ENERGYMETER,19002.17,kWh
a126ebe4-2cca-4cbb-953e-71eaca8ac837,2025-02-12T20:00:00,ENERGYMETER,19005.18,kWh
a126ebe4-2cca-4cbb-953e-71eaca8ac837,2025-02-12T21:00:00,ENERGYMETER,19011.09,kWh
a126ebe4-2cca-4cbb-953e-71eaca8ac837,2025-02-12T22:00:00,ENERGYMETER,19016.95,kWh
a126ebe4-2cca-4cbb-953e-71eaca8ac837,2025-02-12T23:00:00,ENERGYMETER,19022.79,kWh
a126ebe4-2cca-4cbb-953e-71eaca8ac837,2025-02-13T00:00:00,ENERGYMETER,19028.63,kWh
a126ebe4-2cca-4cbb-953e-71eaca8ac837,2025-02-13T01:00:00,ENERGYMETER,19033.17,kWh
a126ebe4-2cca-4cbb-953e-71eaca8ac837,2025-02-13T02:00:00,ENERGYMETER,19037.0,kWh
a126ebe4-2cca-4cbb-953e-71eaca8ac837,2025-02-13T03:00:00,ENERGYMETER,19040.82,kWh
a126ebe4-2cca-4cbb-953e-71eaca8ac837,2025-02-13T04:00:00,ENERGYMETER,19044.64,kWh
a126ebe4-2cca-4cbb-953e-71eaca8ac837,2025-02-13T05:00:00,ENERGYMETER,19048.45,kWh
a126ebe4-2cca-4cbb-953e-71eaca8ac837,2025-02-13T06:00:00,ENERGYMETER,19052.27,kWh
a126ebe4-2cca-4cbb-953e-71eaca8ac837,2025-02-13T07:00:00,ENERGYMETER,19056.12,kWh
a126ebe4-2cca-4cbb-953e-71eaca8ac837,2025-02-13T08:00:00,ENERGYMETER,19059.98,kWh
a126ebe4-2cca-4cbb-953e-71eaca8ac837,2025-02-13T09:00:00,ENERGYMETER,19065.17,kWh
a126ebe4-2cca-4cbb-953e-71eaca8ac837,2025-02-13T10:00:00,ENERGYMETER,19066.24,kWh
a126ebe4-2cca-4cbb-953e-71eaca8ac837,2025-02-13T11:00:00,ENERGYMETER,19066.57,kWh
a126ebe4-2cca-4cbb-953e-71eaca8ac837,2025-02-13T12:00:00,ENERGYMETER,19066.8,kWh
a126ebe4-2cca-4cbb-953e-71eaca8ac837,2025-02-13T13:00:00,ENERGYMETER,19066.86,kWh
a126ebe4-2cca-4cbb-953e-71eaca8ac837,2025-02-13T14:00:00,ENERGYMETER,19066.9,kWh
a126ebe4-2cca-4cbb-953e-71eaca8ac837,2025-02-13T15:00:00,ENERGYMETER,19066.96,kWh
a126ebe4-2cca-4cbb-953e-71eaca8ac837,2025-02-13T16:00:00,ENERGYMETER,19067.04,kWh
a126ebe4-2cca-4cbb-953e-71eaca8ac837,2025-02-13T17:00:00,ENERGYMETER,19067.09,kWh
a126ebe4-2cca-4cbb-953e-71eaca8ac837,2025-02-13T18:00:00,ENERGYMETER,19067.15,kWh
a126ebe4-2cca-4cbb-953e-71eaca8ac837,2025-02-13T19:00:00,ENERGYMETER,19067.47,kWh
a126ebe4-2cca-4cbb-953e-71eaca8ac837,2025-02-13T20:00:00,ENERGYMETER,19070.42,kWh
a126ebe4-2cca-4cbb-953e-71eaca8ac837,2025-02-13T21:00:00,ENERGYMETER,19076.32,kWh
a126ebe4-2cca-4cbb-953e-71eaca8ac837,2025-02-13T22:00:00,ENERGYMETER,19082.21,kWh
a126ebe4-2cca-4cbb-953e-71eaca8ac837,2025-02-13T23:00:00,ENERGYMETER,19088.03,kWh
a126ebe4-2cca-4cbb-953e-71eaca8ac837,2025-02-14T00:00:00,ENERGYMETER,19093.85,kWh
a126ebe4-2cca-4cbb-953e-71eaca8ac837,2025-02-14T01:00:00,ENERGYMETER,19098.37,kWh
a126ebe4-2cca-4cbb-953e-71eaca8ac837,2025-02-14T02:00:00,ENERGYMETER,19102.19,kWh
a126ebe4-2cca-4cbb-953e-71eaca8ac837,2025-02-14T03:00:00,ENERGYMETER,19106.0,kWh
a126ebe4-2cca-4cbb-953e-71eaca8ac837,2025-02-14T04:00:00,ENERGYMETER,19109.8,kWh
a126ebe4-2cca-4cbb-953e-71eaca8ac837,2025-02-14T05:00:00,ENERGYMETER,19113.6,kWh
a126ebe4-2cca-4cbb-953e-71eaca8ac837,2025-02-14T06:00:00,ENERGYMETER,19117.41,kWh
a126ebe4-2cca-4cbb-953e-71eaca8ac837,2025-02-14T07:00:00,ENERGYMETER,19121.24,kWh
a126ebe4-2cca-4cbb-953e-71eaca8ac837,2025-02-14T08:00:00,ENERGYMETER,19125.09,kWh
a126ebe4-2cca-4cbb-953e-71eaca8ac837,2025-02-14T09:00:00,ENERGYMETER,19130.29,kWh
a126ebe4-2cca-4cbb-953e-71eaca8ac837,2025-02-14T10:00:00,ENERGYMETER,19131.27,kWh
a126ebe4-2cca-4cbb-953e-71eaca8ac837,2025-02-14T11:00:00,ENERGYMETER,19131.62,kWh
a126ebe4-2cca-4cbb-953e-71eaca8ac837,2025-02-14T12:00:00,ENERGYMETER,19131.97,kWh
a126ebe4-2cca-4cbb-953e-71eaca8ac837,2025-02-14T13:00:00,ENERGYMETER,19132.35,kWh
a126ebe4-2cca-4cbb-953e-71eaca8ac837,2025-02-14T14:00:00,ENERGYMETER,19132.73,kWh
a126ebe4-2cca-4cbb-953e-71eaca8ac837,2025-02-14T15:00:00,ENERGYMETER,19132.85,kWh
a126ebe4-2cca-4cbb-953e-71eaca8ac837,2025-02-14T16:00:00,ENERGYMETER,19132.9,kWh
a126ebe4-2cca-4cbb-953e-71eaca8ac837,2025-02-14T17:00:00,ENERGYMETER,19132.94,kWh
a126ebe4-2cca-4cbb-953e-71eaca8ac837,2025-02-14T18:00:00,ENERGYMETER,19133.0,kWh
a126ebe4-2cca-4cbb-953e-71eaca8ac837,2025-02-14T19:00:00,ENERGYMETER,19133.11,kWh
a126ebe4-2cca-4cbb-953e-71eaca8ac837,2025-02-14T20:00:00,ENERGYMETER,19135.95,kWh
a126ebe4-2cca-4cbb-953e-71eaca8ac837,2025-02-14T21:00:00,ENERGYMETER,19141.88,kWh
a126ebe4-2cca-4cbb-953e-71eaca8ac837,2025-02-14T22:00:00,ENERGYMETER,19147.75,kWh
a126ebe4-2cca-4cbb-953e-71eaca8ac837,2025-02-14T23:00:00,ENERGYMETER,19153.59,kWh
a126ebe4-2cca-4cbb-953e-71eaca8ac837,2025-02-15T00:00:00,ENERGYMETER,19159.42,kWh
a126ebe4-2cca-4cbb-953e-71eaca8ac837,2025-02-15T01:00:00,ENERGYMETER,19163.95,kWh
a126ebe4-2cca-4cbb-953e-71eaca8ac837,2025-02-15T02:00:00,ENERGYMETER,19167.79,kWh
a126ebe4-2cca-4cbb-953e-71eaca8ac837,2025-02-15T03:00:00,ENERGYMETER,19171.62,kWh
a126ebe4-2cca-4cbb-953e-71eaca8ac837,2025-02-15T04:00:00,ENERGYMETER,19175.43,kWh
a126ebe4-2cca-4cbb-953e-71eaca8ac837,2025-02-15T05:00:00,ENERGYMETER,19179.25,kWh
a126ebe4-2cca-4cbb-953e-71eaca8ac837,2025-02-15T06:00:00,ENERGYMETER,19183.07,kWh
a126ebe4-2cca-4cbb-953e-71eaca8ac837,2025-02-15T07:00:00,ENERGYMETER,19186.92,kWh
a126ebe4-2cca-4cbb-953e-71eaca8ac837,2025-02-15T08:00:00,ENERGYMETER,19190.78,kWh
a126ebe4-2cca-4cbb-953e-71eaca8ac837,2025-02-15T09:00:00,ENERGYMETER,19195.96,kWh
a126ebe4-2cca-4cbb-953e-71eaca8ac837,2025-02-15T10:00:00,ENERGYMETER,19196.82,kWh
a126ebe4-2cca-4cbb-953e-71eaca8ac837,2025-02-15T11:00:00,ENERGYMETER,19197.16,kWh
a126ebe4-2cca-4cbb-953e-71eaca8ac837,2025-02-15T12:00:00,ENERGYMETER,19197.34,kWh
a126ebe4-2cca-4cbb-953e-71eaca8ac837,2025-02-15T13:00:00,ENERGYMETER,19197.4,kWh
a126ebe4-2cca-4cbb-953e-71eaca8ac837,2025-02-15T14:00:00,ENERGYMETER,19197.47,kWh
a126ebe4-2cca-4cbb-953e-71eaca8ac837,2025-02-15T15:00:00,ENERGYMETER,19197.51,kWh
a126ebe4-2cca-4cbb-953e-71eaca8ac837,2025-02-15T16:00:00,ENERGYMETER,19197.56,kWh
a126ebe4-2cca-4cbb-953e-71eaca8ac837,2025-02-15T17:00:00,ENERGYMETER,19197.6,kWh
a126ebe4-2cca-4cbb-953e-71eaca8ac837,2025-02-15T18:00:00,ENERGYMETER,19197.65,kWh
a126ebe4-2cca-4cbb-953e-71eaca8ac837,2025-02-15T19:00:00,ENERGYMETER,19197.72,kWh
a126ebe4-2cca-4cbb-953e-71eaca8ac837,2025-02-15T20:00:00,ENERGYMETER,19200.26,kWh
a126ebe4-2cca-4cbb-953e-71eaca8ac837,2025-02-15T21:00:00,ENERGYMETER,19206.15,kWh
a126ebe4-2cca-4cbb-953e-71eaca8ac837,2025-02-15T22:00:00,ENERGYMETER,19211.99,kWh
a126ebe4-2cca-4cbb-953e-71eaca8ac837,2025-02-15T23:00:00,ENERGYMETER,19217.84,kWh
a126ebe4-2cca-4cbb-953e-71eaca8ac837,2025-02-16T00:00:00,ENERGYMETER,19223.68,kWh
a126ebe4-2cca-4cbb-953e-71eaca8ac837,2025-02-16T01:00:00,ENERGYMETER,19228.29,kWh
a126ebe4-2cca-4cbb-953e-71eaca8ac837,2025-02-16T02:00:00,ENERGYMETER,19232.13,kWh
a126ebe4-2cca-4cbb-953e-71eaca8ac837,2025-02-16T03:00:00,ENERGYMETER,19235.95,kWh
a126ebe4-2cca-4cbb-953e-71eaca8ac837,2025-02-16T04:00:00,ENERGYMETER,19239.75,kWh
a126ebe4-2cca-4cbb-953e-71eaca8ac837,2025-02-16T05:00:00,ENERGYMETER,19243.56,kWh
a126ebe4-2cca-4cbb-953e-71eaca8ac837,2025-02-16T06:00:00,ENERGYMETER,19247.36,kWh
a126ebe4-2cca-4cbb-953e-71eaca8ac837,2025-02-16T07:00:00,ENERGYMETER,19251.19,kWh
a126ebe4-2cca-4cbb-953e-71eaca8ac837,2025-02-16T08:00:00,ENERGYMETER,19255.03,kWh
a126ebe4-2cca-4cbb-953e-71eaca8ac837,2025-02-16T09:00:00,ENERGYMETER,19260.15,kWh
a126ebe4-2cca-4cbb-953e-71eaca8ac837,2025-02-16T10:00:00,ENERGYMETER,19260.74,kWh
a126ebe4-2cca-4cbb-953e-71eaca8ac837,2025-02-16T11:00:00,ENERGYMETER,19261.08,kWh
a126ebe4-2cca-4cbb-953e-71eaca8ac837,2025-02-16T12:00:00,ENERGYMETER,19261.26,kWh
a126ebe4-2cca-4cbb-953e-71eaca8ac837,2025-02-16T13:00:00,ENERGYMETER,19261.32,kWh
a126ebe4-2cca-4cbb-953e-71eaca8ac837,2025-02-16T14:00:00,ENERGYMETER,19261.39,kWh
a126ebe4-2cca-4cbb-953e-71eaca8ac837,2025-02-16T15:00:00,ENERGYMETER,19261.47,kWh
a126ebe4-2cca-4cbb-953e-71eaca8ac837,2025-02-16T16:00:00,ENERGYMETER,19261.51,kWh
a126ebe4-2cca-4cbb-953e-71eaca8ac837,2025-02-16T17:00:00,ENERGYMETER,19261.57,kWh
a126ebe4-2cca-4cbb-953e-71eaca8ac837,2025-02-16T18:00:00,ENERGYMETER,19261.64,kWh
a126ebe4-2cca-4cbb-953e-71eaca8ac837,2025-02-16T19:00:00,ENERGYMETER,19261.69,kWh
a126ebe4-2cca-4cbb-953e-71eaca8ac837,2025-02-16T20:00:00,ENERGYMETER,19264.08,kWh
a126ebe4-2cca-4cbb-953e-71eaca8ac837,2025-02-16T21:00:00,ENERGYMETER,19269.98,kWh
a126ebe4-2cca-4cbb-953e-71eaca8ac837,2025-02-16T22:00:00,ENERGYMETER,19275.8,kWh
a126ebe4-2cca-4cbb-953e-71eaca8ac837,2025-02-16T23:00:00,ENERGYMETER,19281.63,kWh
a126ebe4-2cca-4cbb-953e-71eaca8ac837,2025-02-17T00:00:00,ENERGYMETER,19287.44,kWh
a126ebe4-2cca-4cbb-953e-71eaca8ac837,2025-02-17T01:00:00,ENERGYMETER,19291.99,kWh
a126ebe4-2cca-4cbb-953e-71eaca8ac837,2025-02-17T02:00:00,ENERGYMETER,19303.41,kWh
a126ebe4-2cca-4cbb-953e-71eaca8ac837,2025-02-17T03:00:00,ENERGYMETER,19299.61,kWh
a126ebe4-2cca-4cbb-953e-71eaca8ac837,2025-02-17T04:00:00,ENERGYMETER,19303.41,kWh
a126ebe4-2cca-4cbb-953e-71eaca8ac837,2025-02-17T05:00:00,ENERGYMETER,19307.21,kWh
a126ebe4-2cca-4cbb-953e-71eaca8ac837,2025-02-17T06:00:00,ENERGYMETER,19311.01,kWh
a126ebe4-2cca-4cbb-953e-71eaca8ac837,2025-02-17T07:00:00,ENERGYMETER,19314.83,kWh
a126ebe4-2cca-4cbb-953e-71eaca8ac837,2025-02-17T08:00:00,ENERGYMETER,19318.67,kWh
a126ebe4-2cca-4cbb-953e-71eaca8ac837,2025-02-17T09:00:00,ENERGYMETER,19323.8,kWh
a126ebe4-2cca-4cbb-953e-71eaca8ac837,2025-02-17T10:00:00,ENERGYMETER,19324.29,kWh
a126ebe4-2cca-4cbb-953e-71eaca8ac837,2025-02-17T11:00:00,ENERGYMETER,19324.64,kWh
a126ebe4-2cca-4cbb-953e-71eaca8ac837,2025-02-17T12:00:00,ENERGYMETER,19324.74,kWh
a126ebe4-2cca-4cbb-953e-71eaca8ac837,2025-02-17T13:00:00,ENERGYMETER,19324.83,kWh
a126ebe4-2cca-4cbb-953e-71eaca8ac837,2025-02-17T14:00:00,ENERGYMETER,19324.89,kWh
a126ebe4-2cca-4cbb-953e-71eaca8ac837,2025-02-17T15:00:00,ENERGYMETER,19324.95,kWh
a126ebe4-2cca-4cbb-953e-71eaca8ac837,2025-02-17T16:00:00,ENERGYMETER,19325.04,kWh
a126ebe4-2cca-4cbb-953e-71eaca8ac837,2025-02-17T17:00:00,ENERGYMETER,19325.1,kWh
a126ebe4-2cca-4cbb-953e-71eaca8ac837,2025-02-17T18:00:00,ENERGYMETER,19325.15,kWh
a126ebe4-2cca-4cbb-953e-71eaca8ac837,2025-02-17T19:00:00,ENERGYMETER,19325.24,kWh
a126ebe4-2cca-4cbb-953e-71eaca8ac837,2025-02-17T20:00:00,ENERGYMETER,19327.57,kWh
a126ebe4-2cca-4cbb-953e-71eaca8ac837,2025-02-17T21:00:00,ENERGYMETER,19333.45,kWh
a126ebe4-2cca-4cbb-953e-71eaca8ac837,2025-02-17T22:00:00,ENERGYMETER,19339.29,kWh
a126ebe4-2cca-4cbb-953e-71eaca8ac837,2025-02-17T23:00:00,ENERGYMETER,19345.11,kWh
a126ebe4-2cca-4cbb-953e-71eaca8ac837,2025-02-18T00:00:00,ENERGYMETER,19350.94,kWh
a126ebe4-2cca-4cbb-953e-71eaca8ac837,2025-02-18T01:00:00,ENERGYMETER,19355.49,kWh
a126ebe4-2cca-4cbb-953e-71eaca8ac837,2025-02-18T02:00:00,ENERGYMETER,19359.32,kWh
a126ebe4-2cca-4cbb-953e-71eaca8ac837,2025-02-18T03:00:00,ENERGYMETER,19363.13,kWh
a126ebe4-2cca-4cbb-953e-71eaca8ac837,2025-02-18T04:00:00,ENERGYMETER,19366.94,kWh
a126ebe4-2cca-4cbb-953e-71eaca8ac837,2025-02-18T05:00:00,ENERGYMETER,19370.75,kWh
a126ebe4-2cca-4cbb-953e-71eaca8ac837,2025-02-18T06:00:00,ENERGYMETER,19374.55,kWh
a126ebe4-2cca-4cbb-953e-71eaca8ac837,2025-02-18T07:00:00,ENERGYMETER,19378.38,kWh
a126ebe4-2cca-4cbb-953e-71eaca8ac837,2025-02-18T08:00:00,ENERGYMETER,19382.23,kWh
a126ebe4-2cca-4cbb-953e-71eaca8ac837,2025-02-18T09:00:00,ENERGYMETER,19387.38,kWh
a126ebe4-2cca-4cbb-953e-71eaca8ac837,2025-02-18T10:00:00,ENERGYMETER,19387.79,kWh
a126ebe4-2cca-4cbb-953e-71eaca8ac837,2025-02-18T11:00:00,ENERGYMETER,19388.14,kWh
a126ebe4-2cca-4cbb-953e-71eaca8ac837,2025-02-18T12:00:00,ENERGYMETER,19388.21,kWh
a126ebe4-2cca-4cbb-953e-71eaca8ac837,2025-02-18T13:00:00,ENERGYMETER,19388.28,kWh
a126ebe4-2cca-4cbb-953e-71eaca8ac837,2025-02-18T14:00:00,ENERGYMETER,19388.35,kWh
a126ebe4-2cca-4cbb-953e-71eaca8ac837,2025-02-18T15:00:00,ENERGYMETER,19388.39,kWh
a126ebe4-2cca-4cbb-953e-71eaca8ac837,2025-02-18T16:00:00,ENERGYMETER,19388.47,kWh
a126ebe4-2cca-4cbb-953e-71eaca8ac837,2025-02-18T17:00:00,ENERGYMETER,19388.53,kWh
a126ebe4-2cca-4cbb-953e-71eaca8ac837,2025-02-18T18:00:00,ENERGYMETER,19388.59,kWh
a126ebe4-2cca-4cbb-953e-71eaca8ac837,2025-02-18T19:00:00,ENERGYMETER,19388.64,kWh
a126ebe4-2cca-4cbb-953e-71eaca8ac837,2025-02-18T20:00:00,ENERGYMETER,19390.91,kWh
a126ebe4-2cca-4cbb-953e-71eaca8ac837,2025-02-18T21:00:00,ENERGYMETER,19396.79,kWh
a126ebe4-2cca-4cbb-953e-71eaca8ac837,2025-02-18T22:00:00,ENERGYMETER,19402.63,kWh
a126ebe4-2cca-4cbb-953e-71eaca8ac837,2025-02-18T23:00:00,ENERGYMETER,19408.46,kWh
a126ebe4-2cca-4cbb-953e-71eaca8ac837,2025-02-19T00:00:00,ENERGYMETER,19414.28,kWh
a126ebe4-2cca-4cbb-953e-71eaca8ac837,2025-02-19T01:00:00,ENERGYMETER,19418.81,kWh
a126ebe4-2cca-4cbb-953e-71eaca8ac837,2025-02-19T02:00:00,ENERGYMETER,19422.64,kWh
a126ebe4-2cca-4cbb-953e-71eaca8ac837,2025-02-19T03:00:00,ENERGYMETER,19426.44,kWh
a126ebe4-2cca-4cbb-953e-71eaca8ac837,2025-02-19T04:00:00,ENERGYMETER,19430.24,kWh
a126ebe4-2cca-4cbb-953e-71eaca8ac837,2025-02-19T05:00:00,ENERGYMETER,19434.05,kWh
a126ebe4-2cca-4cbb-953e-71eaca8ac837,2025-02-19T06:00:00,ENERGYMETER,19437.85,kWh
a126ebe4-2cca-4cbb-953e-71eaca8ac837,2025-02-19T07:00:00,ENERGYMETER,19441.68,kWh
a126ebe4-2cca-4cbb-953e-71eaca8ac837,2025-02-19T08:00:00,ENERGYMETER,19445.52,kWh
a126ebe4-2cca-4cbb-953e-71eaca8ac837,2025-02-19T09:00:00,ENERGYMETER,19450.66,kWh
a126ebe4-2cca-4cbb-953e-71eaca8ac837,2025-02-19T10:00:00,ENERGYMETER,19451.03,kWh
a126ebe4-2cca-4cbb-953e-71eaca8ac837,2025-02-19T11:00:00,ENERGYMETER,19451.36,kWh
a126ebe4-2cca-4cbb-953e-71eaca8ac837,2025-02-19T12:00:00,ENERGYMETER,19451.54,kWh
a126ebe4-2cca-4cbb-953e-71eaca8ac837,2025-02-19T13:00:00,ENERGYMETER,19451.6,kWh
a126ebe4-2cca-4cbb-953e-71eaca8ac837,2025-02-19T14:00:00,ENERGYMETER,19451.66,kWh
a126ebe4-2cca-4cbb-953e-71eaca8ac837,2025-02-19T15:00:00,ENERGYMETER,19451.71,kWh
a126ebe4-2cca-4cbb-953e-71eaca8ac837,2025-02-19T16:00:00,ENERGYMETER,19451.77,kWh
a126ebe4-2cca-4cbb-953e-71eaca8ac837,2025-02-19T17:00:00,ENERGYMETER,19451.82,kWh
a126ebe4-2cca-4cbb-953e-71eaca8ac837,2025-02-19T18:00:00,ENERGYMETER,19451.89,kWh
a126ebe4-2cca-4cbb-953e-71eaca8ac837,2025-02-19T19:00:00,ENERGYMETER,19451.96,kWh
a126ebe4-2cca-4cbb-953e-71eaca8ac837,2025-02-19T20:00:00,ENERGYMETER,19453.3,kWh
a126ebe4-2cca-4cbb-953e-71eaca8ac837,2025-02-19T21:00:00,ENERGYMETER,19457.45,kWh
a126ebe4-2cca-4cbb-953e-71eaca8ac837,2025-02-19T22:00:00,ENERGYMETER,19463.3,kWh
a126ebe4-2cca-4cbb-953e-71eaca8ac837,2025-02-19T23:00:00,ENERGYMETER,19469.12,kWh
a126ebe4-2cca-4cbb-953e-71eaca8ac837,2025-02-20T00:00:00,ENERGYMETER,19474.94,kWh
a126ebe4-2cca-4cbb-953e-71eaca8ac837,2025-02-20T01:00:00,ENERGYMETER,19480.0,kWh
a126ebe4-2cca-4cbb-953e-71eaca8ac837,2025-02-20T02:00:00,ENERGYMETER,19484.21,kWh
a126ebe4-2cca-4cbb-953e-71eaca8ac837,2025-02-20T03:00:00,ENERGYMETER,19488.11,kWh
a126ebe4-2cca-4cbb-953e-71eaca8ac837,2025-02-20T04:00:00,ENERGYMETER,19491.99,kWh
a126ebe4-2cca-4cbb-953e-71eaca8ac837,2025-02-20T05:00:00,ENERGYMETER,19495.87,kWh
a126ebe4-2cca-4cbb-953e-71eaca8ac837,2025-02-20T06:00:00,ENERGYMETER,19499.75,kWh
a126ebe4-2cca-4cbb-953e-71eaca8ac837,2025-02-20T07:00:00,ENERGYMETER,19503.65,kWh
a126ebe4-2cca-4cbb-953e-71eaca8ac837,2025-02-20T08:00:00,ENERGYMETER,19507.54,kWh
a126ebe4-2cca-4cbb-953e-71eaca8ac837,2025-02-20T09:00:00,ENERGYMETER,19512.16,kWh
a126ebe4-2cca-4cbb-953e-71eaca8ac837,2025-02-20T10:00:00,ENERGYMETER,19512.49,kWh
a126ebe4-2cca-4cbb-953e-71eaca8ac837,2025-02-20T11:00:00,ENERGYMETER,19512.68,kWh
a126ebe4-2cca-4cbb-953e-71eaca8ac837,2025-02-20T12:00:00,ENERGYMETER,19512.72,kWh
a126ebe4-2cca-4cbb-953e-71eaca8ac837,2025-02-20T13:00:00,ENERGYMETER,19512.8,kWh
a126ebe4-2cca-4cbb-953e-71eaca8ac837,2025-02-20T14:00:00,ENERGYMETER,19512.85,kWh
a126ebe4-2cca-4cbb-953e-71eaca8ac837,2025-02-20T15:00:00,ENERGYMETER,19512.95,kWh
a126ebe4-2cca-4cbb-953e-71eaca8ac837,2025-02-20T16:00:00,ENERGYMETER,19513.03,kWh
a126ebe4-2cca-4cbb-953e-71eaca8ac837,2025-02-20T17:00:00,ENERGYMETER,19513.09,kWh
a126ebe4-2cca-4cbb-953e-71eaca8ac837,2025-02-20T18:00:00,ENERGYMETER,19513.14,kWh
a126ebe4-2cca-4cbb-953e-71eaca8ac837,2025-02-20T19:00:00,ENERGYMETER,19513.19,kWh
a126ebe4-2cca-4cbb-953e-71eaca8ac837,2025-02-20T20:00:00,ENERGYMETER,19515.22,kWh
a126ebe4-2cca-4cbb-953e-71eaca8ac837,2025-02-20T21:00:00,ENERGYMETER,19521.12,kWh
a126ebe4-2cca-4cbb-953e-71eaca8ac837,2025-02-20T22:00:00,ENERGYMETER,19526.96,kWh
a126ebe4-2cca-4cbb-953e-71eaca8ac837,2025-02-20T23:00:00,ENERGYMETER,19532.77,kWh
a126ebe4-2cca-4cbb-953e-71eaca8ac837,2025-02-21T00:00:00,ENERGYMETER,19538.6,kWh
a126ebe4-2cca-4cbb-953e-71eaca8ac837,2025-02-21T01:00:00,ENERGYMETER,19543.08,kWh
a126ebe4-2cca-4cbb-953e-71eaca8ac837,2025-02-21T02:00:00,ENERGYMETER,19546.97,kWh
a126ebe4-2cca-4cbb-953e-71eaca8ac837,2025-02-21T03:00:00,ENERGYMETER,19550.86,kWh
a126ebe4-2cca-4cbb-953e-71eaca8ac837,2025-02-21T04:00:00,ENERGYMETER,19554.74,kWh
a126ebe4-2cca-4cbb-953e-71eaca8ac837,2025-02-21T05:00:00,ENERGYMETER,19558.62,kWh
a126ebe4-2cca-4cbb-953e-71eaca8ac837,2025-02-21T06:00:00,ENERGYMETER,19562.5,kWh
a126ebe4-2cca-4cbb-953e-71eaca8ac837,2025-02-21T07:00:00,ENERGYMETER,19566.42,kWh
a126ebe4-2cca-4cbb-953e-71eaca8ac837,2025-02-21T08:00:00,ENERGYMETER,19570.35,kWh
a126ebe4-2cca-4cbb-953e-71eaca8ac837,2025-02-21T09:00:00,ENERGYMETER,19575.48,kWh
a126ebe4-2cca-4cbb-953e-71eaca8ac837,2025-02-21T10:00:00,ENERGYMETER,19575.84,kWh
a126ebe4-2cca-4cbb-953e-71eaca8ac837,2025-02-21T11:00:00,ENERGYMETER,19576.19,kWh
a126ebe4-2cca-4cbb-953e-71eaca8ac837,2025-02-21T12:00:00,ENERGYMETER,19576.53,kWh
a126ebe4-2cca-4cbb-953e-71eaca8ac837,2025-02-21T13:00:00,ENERGYMETER,19576.91,kWh
a126ebe4-2cca-4cbb-953e-71eaca8ac837,2025-02-21T14:00:00,ENERGYMETER,19577.28,kWh
a126ebe4-2cca-4cbb-953e-71eaca8ac837,2025-02-21T15:00:00,ENERGYMETER,19577.39,kWh
a126ebe4-2cca-4cbb-953e-71eaca8ac837,2025-02-21T16:00:00,ENERGYMETER,19577.44,kWh
a126ebe4-2cca-4cbb-953e-71eaca8ac837,2025-02-21T17:00:00,ENERGYMETER,19577.49,kWh
a126ebe4-2cca-4cbb-953e-71eaca8ac837,2025-02-21T18:00:00,ENERGYMETER,19577.54,kWh
a126ebe4-2cca-4cbb-953e-71eaca8ac837,2025-02-21T19:00:00,ENERGYMETER,19577.85,kWh
a126ebe4-2cca-4cbb-953e-71eaca8ac837,2025-02-21T20:00:00,ENERGYMETER,19579.89,kWh
a126ebe4-2cca-4cbb-953e-71eaca8ac837,2025-02-21T21:00:00,ENERGYMETER,19585.83,kWh
a126ebe4-2cca-4cbb-953e-71eaca8ac837,2025-02-21T22:00:00,ENERGYMETER,19591.69,kWh
a126ebe4-2cca-4cbb-953e-71eaca8ac837,2025-02-21T23:00:00,ENERGYMETER,19597.52,kWh
a126ebe4-2cca-4cbb-953e-71eaca8ac837,2025-02-22T00:00:00,ENERGYMETER,19603.37,kWh
a126ebe4-2cca-4cbb-953e-71eaca8ac837,2025-02-22T01:00:00,ENERGYMETER,19607.82,kWh
a126ebe4-2cca-4cbb-953e-71eaca8ac837,2025-02-22T02:00:00,ENERGYMETER,19611.64,kWh
a126ebe4-2cca-4cbb-953e-71eaca8ac837,2025-02-22T03:00:00,ENERGYMETER,19615.46,kWh
a126ebe4-2cca-4cbb-953e-71eaca8ac837,2025-02-22T04:00:00,ENERGYMETER,19619.27,kWh
a126ebe4-2cca-4cbb-953e-71eaca8ac837,2025-02-22T05:00:00,ENERGYMETER,19623.09,kWh
a126ebe4-2cca-4cbb-953e-71eaca8ac837,2025-02-22T06:00:00,ENERGYMETER,19626.9,kWh
a126ebe4-2cca-4cbb-953e-71eaca8ac837,2025-02-22T07:00:00,ENERGYMETER,19630.74,kWh
a126ebe4-2cca-4cbb-953e-71eaca8ac837,2025-02-22T08:00:00,ENERGYMETER,19634.59,kWh
a126ebe4-2cca-4cbb-953e-71eaca8ac837,2025-02-22T09:00:00,ENERGYMETER,19639.54,kWh
a126ebe4-2cca-4cbb-953e-71eaca8ac837,2025-02-22T10:00:00,ENERGYMETER,19639.88,kWh
a126ebe4-2cca-4cbb-953e-71eaca8ac837,2025-02-22T11:00:00,ENERGYMETER,19640.21,kWh
a126ebe4-2cca-4cbb-953e-71eaca8ac837,2025-02-22T12:00:00,ENERGYMETER,19640.55,kWh
a126ebe4-2cca-4cbb-953e-71eaca8ac837,2025-02-22T13:00:00,ENERGYMETER,19640.64,kWh
a126ebe4-2cca-4cbb-953e-71eaca8ac837,2025-02-22T14:00:00,ENERGYMETER,19640.68,kWh
a126ebe4-2cca-4cbb-953e-71eaca8ac837,2025-02-22T15:00:00,ENERGYMETER,19640.74,kWh
a126ebe4-2cca-4cbb-953e-71eaca8ac837,2025-02-22T16:00:00,ENERGYMETER,19640.79,kWh
a126ebe4-2cca-4cbb-953e-71eaca8ac837,2025-02-22T17:00:00,ENERGYMETER,19640.83,kWh
a126ebe4-2cca-4cbb-953e-71eaca8ac837,2025-02-22T18:00:00,ENERGYMETER,19640.89,kWh
a126ebe4-2cca-4cbb-953e-71eaca8ac837,2025-02-22T19:00:00,ENERGYMETER,19640.98,kWh
a126ebe4-2cca-4cbb-953e-71eaca8ac837,2025-02-22T20:00:00,ENERGYMETER,19642.71,kWh
a126ebe4-2cca-4cbb-953e-71eaca8ac837,2025-02-22T21:00:00,ENERGYMETER,19648.64,kWh
a126ebe4-2cca-4cbb-953e-71eaca8ac837,2025-02-22T22:00:00,ENERGYMETER,19654.5,kWh
a126ebe4-2cca-4cbb-953e-71eaca8ac837,2025-02-22T23:00:00,ENERGYMETER,19660.36,kWh
a126ebe4-2cca-4cbb-953e-71eaca8ac837,2025-02-23T00:00:00,ENERGYMETER,19666.25,kWh
a126ebe4-2cca-4cbb-953e-71eaca8ac837,2025-02-23T01:00:00,ENERGYMETER,19670.78,kWh
a126ebe4-2cca-4cbb-953e-71eaca8ac837,2025-02-23T02:00:00,ENERGYMETER,19674.63,kWh
a126ebe4-2cca-4cbb-953e-71eaca8ac837,2025-02-23T03:00:00,ENERGYMETER,19678.48,kWh
a126ebe4-2cca-4cbb-953e-71eaca8ac837,2025-02-23T04:00:00,ENERGYMETER,19682.31,kWh
a126ebe4-2cca-4cbb-953e-71eaca8ac837,2025-02-23T05:00:00,ENERGYMETER,19686.13,kWh
a126ebe4-2cca-4cbb-953e-71eaca8ac837,2025-02-23T06:00:00,ENERGYMETER,19689.96,kWh
a126ebe4-2cca-4cbb-953e-71eaca8ac837,2025-02-23T07:00:00,ENERGYMETER,19693.82,kWh
a126ebe4-2cca-4cbb-953e-71eaca8ac837,2025-02-23T08:00:00,ENERGYMETER,19697.68,kWh
a126ebe4-2cca-4cbb-953e-71eaca8ac837,2025-02-23T09:00:00,ENERGYMETER,19702.3,kWh
a126ebe4-2cca-4cbb-953e-71eaca8ac837,2025-02-23T10:00:00,ENERGYMETER,19702.65,kWh
a126ebe4-2cca-4cbb-953e-71eaca8ac837,2025-02-23T11:00:00,ENERGYMETER,19702.99,kWh
a126ebe4-2cca-4cbb-953e-71eaca8ac837,2025-02-23T12:00:00,ENERGYMETER,19703.07,kWh
a126ebe4-2cca-4cbb-953e-71eaca8ac837,2025-02-23T13:00:00,ENERGYMETER,19703.12,kWh
a126ebe4-2cca-4cbb-953e-71eaca8ac837,2025-02-23T14:00:00,ENERGYMETER,19703.17,kWh
a126ebe4-2cca-4cbb-953e-71eaca8ac837,2025-02-23T15:00:00,ENERGYMETER,19703.23,kWh
a126ebe4-2cca-4cbb-953e-71eaca8ac837,2025-02-23T16:00:00,ENERGYMETER,19703.28,kWh
a126ebe4-2cca-4cbb-953e-71eaca8ac837,2025-02-23T17:00:00,ENERGYMETER,19703.32,kWh
a126ebe4-2cca-4cbb-953e-71eaca8ac837,2025-02-23T18:00:00,ENERGYMETER,19703.37,kWh
a126ebe4-2cca-4cbb-953e-71eaca8ac837,2025-02-23T19:00:00,ENERGYMETER,19703.45,kWh
a126ebe4-2cca-4cbb-953e-71eaca8ac837,2025-02-23T20:00:00,ENERGYMETER,19705.01,kWh
a126ebe4-2cca-4cbb-953e-71eaca8ac837,2025-02-23T21:00:00,ENERGYMETER,19710.96,kWh
a126ebe4-2cca-4cbb-953e-71eaca8ac837,2025-02-23T22:00:00,ENERGYMETER,19716.81,kWh
a126ebe4-2cca-4cbb-953e-71eaca8ac837,2025-02-23T23:00:00,ENERGYMETER,19722.64,kWh
a126ebe4-2cca-4cbb-953e-71eaca8ac837,2025-02-24T00:00:00,ENERGYMETER,19728.48,kWh
a126ebe4-2cca-4cbb-953e-71eaca8ac837,2025-02-24T01:00:00,ENERGYMETER,19732.94,kWh
a126ebe4-2cca-4cbb-953e-71eaca8ac837,2025-02-24T02:00:00,ENERGYMETER,19744.39,kWh
a126ebe4-2cca-4cbb-953e-71eaca8ac837,2025-02-24T03:00:00,ENERGYMETER,19748.2,kWh
a126ebe4-2cca-4cbb-953e-71eaca8ac837,2025-02-24T04:00:00,ENERGYMETER,19752.01,kWh
a126ebe4-2cca-4cbb-953e-71eaca8ac837,2025-02-24T05:00:00,ENERGYMETER,19755.85,kWh
a126ebe4-2cca-4cbb-953e-71eaca8ac837,2025-02-24T06:00:00,ENERGYMETER,19759.69,kWh
a126ebe4-2cca-4cbb-953e-71eaca8ac837,2025-02-24T07:00:00,ENERGYMETER,19764.27,kWh
a126ebe4-2cca-4cbb-953e-71eaca8ac837,2025-02-24T08:00:00,ENERGYMETER,19764.62,kWh
a126ebe4-2cca-4cbb-953e-71eaca8ac837,2025-02-24T09:00:00,ENERGYMETER,19764.9,kWh
a126ebe4-2cca-4cbb-953e-71eaca8ac837,2025-02-24T10:00:00,ENERGYMETER,19764.92,kWh
a126ebe4-2cca-4cbb-953e-71eaca8ac837,2025-02-24T11:00:00,ENERGYMETER,19765.0,kWh
a126ebe4-2cca-4cbb-953e-71eaca8ac837,2025-02-24T12:00:00,ENERGYMETER,19765.05,kWh
a126ebe4-2cca-4cbb-953e-71eaca8ac837,2025-02-24T13:00:00,ENERGYMETER,19765.09,kWh
a126ebe4-2cca-4cbb-953e-71eaca8ac837,2025-02-24T14:00:00,ENERGYMETER,19765.17,kWh
a126ebe4-2cca-4cbb-953e-71eaca8ac837,2025-02-24T15:00:00,ENERGYMETER,19765.23,kWh
a126ebe4-2cca-4cbb-953e-71eaca8ac837,2025-02-24T16:00:00,ENERGYMETER,19765.27,kWh
a126ebe4-2cca-4cbb-953e-71eaca8ac837,2025-02-24T17:00:00,ENERGYMETER,19765.43,kWh
a126ebe4-2cca-4cbb-953e-71eaca8ac837,2025-02-24T18:00:00,ENERGYMETER,19766.99,kWh
a126ebe4-2cca-4cbb-953e-71eaca8ac837,2025-02-24T19:00:00,ENERGYMETER,19772.88,kWh
a126ebe4-2cca-4cbb-953e-71eaca8ac837,2025-02-24T20:00:00,ENERGYMETER,19778.72,kWh
a126ebe4-2cca-4cbb-953e-71eaca8ac837,2025-02-24T21:00:00,ENERGYMETER,19784.54,kWh
a126ebe4-2cca-4cbb-953e-71eaca8ac837,2025-02-24T22:00:00,ENERGYMETER,19790.37,kWh
a126ebe4-2cca-4cbb-953e-71eaca8ac837,2025-02-24T23:00:00,ENERGYMETER,19794.91,kWh
a126ebe4-2cca-4cbb-953e-71eaca8ac837,2025-02-25T00:00:00,ENERGYMETER,19798.73,kWh
a126ebe4-2cca-4cbb-953e-71eaca8ac837,2025-02-25T01:00:00,ENERGYMETER,19802.54,kWh
a126ebe4-2cca-4cbb-953e-71eaca8ac837,2025-02-25T02:00:00,ENERGYMETER,19806.34,kWh
a126ebe4-2cca-4cbb-953e-71eaca8ac837,2025-02-25T03:00:00,ENERGYMETER,19810.13,kWh
a126ebe4-2cca-4cbb-953e-71eaca8ac837,2025-02-25T04:00:00,ENERGYMETER,19813.94,kWh
a126ebe4-2cca-4cbb-953e-71eaca8ac837,2025-02-25T05:00:00,ENERGYMETER,19817.78,kWh
a126ebe4-2cca-4cbb-953e-71eaca8ac837,2025-02-25T06:00:00,ENERGYMETER,19821.63,kWh
a126ebe4-2cca-4cbb-953e-71eaca8ac837,2025-02-25T07:00:00,ENERGYMETER,19826.03,kWh
a126ebe4-2cca-4cbb-953e-71eaca8ac837,2025-02-25T08:00:00,ENERGYMETER,19826.38,kWh
a126ebe4-2cca-4cbb-953e-71eaca8ac837,2025-02-25T09:00:00,ENERGYMETER,19826.72,kWh
a126ebe4-2cca-4cbb-953e-71eaca8ac837,2025-02-25T10:00:00,ENERGYMETER,19826.77,kWh
a126ebe4-2cca-4cbb-953e-71eaca8ac837,2025-02-25T11:00:00,ENERGYMETER,19826.85,kWh
a126ebe4-2cca-4cbb-953e-71eaca8ac837,2025-02-25T12:00:00,ENERGYMETER,19826.91,kWh
a126ebe4-2cca-4cbb-953e-71eaca8ac837,2025-02-25T13:00:00,ENERGYMETER,19826.96,kWh
a126ebe4-2cca-4cbb-953e-71eaca8ac837,2025-02-25T14:00:00,ENERGYMETER,19827.02,kWh
a126ebe4-2cca-4cbb-953e-71eaca8ac837,2025-02-25T15:00:00,ENERGYMETER,19827.07,kWh
a126ebe4-2cca-4cbb-953e-71eaca8ac837,2025-02-25T16:00:00,ENERGYMETER,19827.12,kWh
a126ebe4-2cca-4cbb-953e-71eaca8ac837,2025-02-25T17:00:00,ENERGYMETER,19827.43,kWh
a126ebe4-2cca-4cbb-953e-71eaca8ac837,2025-02-25T18:00:00,ENERGYMETER,19828.86,kWh
a126ebe4-2cca-4cbb-953e-71eaca8ac837,2025-02-25T19:00:00,ENERGYMETER,19834.79,kWh
a126ebe4-2cca-4cbb-953e-71eaca8ac837,2025-02-25T20:00:00,ENERGYMETER,19840.67,kWh
a126ebe4-2cca-4cbb-953e-71eaca8ac837,2025-02-25T21:00:00,ENERGYMETER,19846.53,kWh
a126ebe4-2cca-4cbb-953e-71eaca8ac837,2025-02-25T22:00:00,ENERGYMETER,19852.39,kWh
a126ebe4-2cca-4cbb-953e-71eaca8ac837,2025-02-25T23:00:00,ENERGYMETER,19856.95,kWh
a126ebe4-2cca-4cbb-953e-71eaca8ac837,2025-02-26T00:00:00,ENERGYMETER,19860.79,kWh
a126ebe4-2cca-4cbb-953e-71eaca8ac837,2025-02-26T01:00:00,ENERGYMETER,19864.62,kWh
a126ebe4-2cca-4cbb-953e-71eaca8ac837,2025-02-26T02:00:00,ENERGYMETER,19868.45,kWh
a126ebe4-2cca-4cbb-953e-71eaca8ac837,2025-02-26T03:00:00,ENERGYMETER,19872.27,kWh
a126ebe4-2cca-4cbb-953e-71eaca8ac837,2025-02-26T04:00:00,ENERGYMETER,19876.1,kWh
a126ebe4-2cca-4cbb-953e-71eaca8ac837,2025-02-26T05:00:00,ENERGYMETER,19879.95,kWh
a126ebe4-2cca-4cbb-953e-71eaca8ac837,2025-02-26T06:00:00,ENERGYMETER,19883.8,kWh
a126ebe4-2cca-4cbb-953e-71eaca8ac837,2025-02-26T07:00:00,ENERGYMETER,19888.08,kWh
a126ebe4-2cca-4cbb-953e-71eaca8ac837,2025-02-26T08:00:00,ENERGYMETER,19888.42,kWh
a126ebe4-2cca-4cbb-953e-71eaca8ac837,2025-02-26T09:00:00,ENERGYMETER,19888.75,kWh
a126ebe4-2cca-4cbb-953e-71eaca8ac837,2025-02-26T10:00:00,ENERGYMETER,19888.78,kWh
a126ebe4-2cca-4cbb-953e-71eaca8ac837,2025-02-26T11:00:00,ENERGYMETER,19888.84,kWh
a126ebe4-2cca-4cbb-953e-71eaca8ac837,2025-02-26T12:00:00,ENERGYMETER,19888.91,kWh
a126ebe4-2cca-4cbb-953e-71eaca8ac837,2025-02-26T13:00:00,ENERGYMETER,19888.95,kWh
a126ebe4-2cca-4cbb-953e-71eaca8ac837,2025-02-26T14:00:00,ENERGYMETER,19889.01,kWh
a126ebe4-2cca-4cbb-953e-71eaca8ac837,2025-02-26T15:00:00,ENERGYMETER,19889.06,kWh
a126ebe4-2cca-4cbb-953e-71eaca8ac837,2025-02-26T16:00:00,ENERGYMETER,19889.12,kWh
a126ebe4-2cca-4cbb-953e-71eaca8ac837,2025-02-26T17:00:00,ENERGYMETER,19889.27,kWh
a126ebe4-2cca-4cbb-953e-71eaca8ac837,2025-02-26T18:00:00,ENERGYMETER,19890.65,kWh
a126ebe4-2cca-4cbb-953e-71eaca8ac837,2025-02-26T19:00:00,ENERGYMETER,19896.59,kWh
a126ebe4-2cca-4cbb-953e-71eaca8ac837,2025-02-26T20:00:00,ENERGYMETER,19902.46,kWh
a126ebe4-2cca-4cbb-953e-71eaca8ac837,2025-02-26T21:00:00,ENERGYMETER,19908.31,kWh
a126ebe4-2cca-4cbb-953e-71eaca8ac837,2025-02-26T22:00:00,ENERGYMETER,19914.16,kWh
a126ebe4-2cca-4cbb-953e-71eaca8ac837,2025-02-26T23:00:00,ENERGYMETER,19918.7,kWh
a126ebe4-2cca-4cbb-953e-71eaca8ac837,2025-02-27T01:00:00,ENERGYMETER,19926.37,kWh
a126ebe4-2cca-4cbb-953e-71eaca8ac837,2025-02-27T02:00:00,ENERGYMETER,19930.19,kWh
a126ebe4-2cca-4cbb-953e-71eaca8ac837,2025-02-27T03:00:00,ENERGYMETER,19934.02,kWh
a126ebe4-2cca-4cbb-953e-71eaca8ac837,2025-02-27T04:00:00,ENERGYMETER,19937.84,kWh
a126ebe4-2cca-4cbb-953e-71eaca8ac837,2025-02-27T05:00:00,ENERGYMETER,19941.7,kWh
a126ebe4-2cca-4cbb-953e-71eaca8ac837,2025-02-27T06:00:00,ENERGYMETER,19945.56,kWh
a126ebe4-2cca-4cbb-953e-71eaca8ac837,2025-02-27T07:00:00,ENERGYMETER,19949.78,kWh
a126ebe4-2cca-4cbb-953e-71eaca8ac837,2025-02-27T08:00:00,ENERGYMETER,19950.13,kWh
a126ebe4-2cca-4cbb-953e-71eaca8ac837,2025-02-27T09:00:00,ENERGYMETER,19950.43,kWh
a126ebe4-2cca-4cbb-953e-71eaca8ac837,2025-02-27T10:00:00,ENERGYMETER,19950.46,kWh
a126ebe4-2cca-4cbb-953e-71eaca8ac837,2025-02-27T11:00:00,ENERGYMETER,19950.5,kWh
a126ebe4-2cca-4cbb-953e-71eaca8ac837,2025-02-27T12:00:00,ENERGYMETER,19950.56,kWh
a126ebe4-2cca-4cbb-953e-71eaca8ac837,2025-02-27T13:00:00,ENERGYMETER,19950.62,kWh
a126ebe4-2cca-4cbb-953e-71eaca8ac837,2025-02-27T14:00:00,ENERGYMETER,19950.68,kWh
a126ebe4-2cca-4cbb-953e-71eaca8ac837,2025-02-27T15:00:00,ENERGYMETER,19950.72,kWh
a126ebe4-2cca-4cbb-953e-71eaca8ac837,2025-02-27T16:00:00,ENERGYMETER,19950.78,kWh
a126ebe4-2cca-4cbb-953e-71eaca8ac837,2025-02-27T17:00:00,ENERGYMETER,19950.85,kWh
a126ebe4-2cca-4cbb-953e-71eaca8ac837,2025-02-27T18:00:00,ENERGYMETER,19952.14,kWh
a126ebe4-2cca-4cbb-953e-71eaca8ac837,2025-02-27T19:00:00,ENERGYMETER,19958.08,kWh
a126ebe4-2cca-4cbb-953e-71eaca8ac837,2025-02-27T20:00:00,ENERGYMETER,19963.93,kWh
a126ebe4-2cca-4cbb-953e-71eaca8ac837,2025-02-27T21:00:00,ENERGYMETER,19969.76,kWh
a126ebe4-2cca-4cbb-953e-71eaca8ac837,2025-02-27T22:00:00,ENERGYMETER,19975.6,kWh
a126ebe4-2cca-4cbb-953e-71eaca8ac837,2025-02-27T23:00:00,ENERGYMETER,19980.14,kWh
a126ebe4-2cca-4cbb-953e-71eaca8ac837,2025-02-28T00:00:00,ENERGYMETER,19983.98,kWh
a126ebe4-2cca-4cbb-953e-71eaca8ac837,2025-02-28T01:00:00,ENERGYMETER,19987.81,kWh
a126ebe4-2cca-4cbb-953e-71eaca8ac837,2025-02-28T02:00:00,ENERGYMETER,19991.64,kWh
a126ebe4-2cca-4cbb-953e-71eaca8ac837,2025-02-28T03:00:00,ENERGYMETER,19995.46,kWh
a126ebe4-2cca-4cbb-953e-71eaca8ac837,2025-02-28T04:00:00,ENERGYMETER,19999.29,kWh
a126ebe4-2cca-4cbb-953e-71eaca8ac837,2025-02-28T05:00:00,ENERGYMETER,20003.15,kWh
a126ebe4-2cca-4cbb-953e-71eaca8ac837,2025-02-28T06:00:00,ENERGYMETER,20007.01,kWh
a126ebe4-2cca-4cbb-953e-71eaca8ac837,2025-02-28T07:00:00,ENERGYMETER,20011.17,kWh
a126ebe4-2cca-4cbb-953e-71eaca8ac837,2025-02-28T08:00:00,ENERGYMETER,20011.52,kWh
a126ebe4-2cca-4cbb-953e-71eaca8ac837,2025-02-28T09:00:00,ENERGYMETER,20011.64,kWh
a126ebe4-2cca-4cbb-953e-71eaca8ac837,2025-02-28T10:00:00,ENERGYMETER,20011.7,kWh
a126ebe4-2cca-4cbb-953e-71eaca8ac837,2025-02-28T11:00:00,ENERGYMETER,20011.76,kWh
a126ebe4-2cca-4cbb-953e-71eaca8ac837,2025-02-28T12:00:00,ENERGYMETER,20011.83,kWh
a126ebe4-2cca-4cbb-953e-71eaca8ac837,2025-02-28T13:00:00,ENERGYMETER,20011.88,kWh
a126ebe4-2cca-4cbb-953e-71eaca8ac837,2025-02-28T14:00:00,ENERGYMETER,20011.92,kWh
a126ebe4-2cca-4cbb-953e-71eaca8ac837,2025-02-28T15:00:00,ENERGYMETER,20011.97,kWh
a126ebe4-2cca-4cbb-953e-71eaca8ac837,2025-02-28T16:00:00,ENERGYMETER,20012.01,kWh
a126ebe4-2cca-4cbb-953e-71eaca8ac837,2025-02-28T17:00:00,ENERGYMETER,20012.32,kWh
a126ebe4-2cca-4cbb-953e-71eaca8ac837,2025-02-28T18:00:00,ENERGYMETER,20013.52,kWh
a126ebe4-2cca-4cbb-953e-71eaca8ac837,2025-02-28T19:00:00,ENERGYMETER,20019.51,kWh
a126ebe4-2cca-4cbb-953e-71eaca8ac837,2025-02-28T20:00:00,ENERGYMETER,20025.39,kWh
a126ebe4-2cca-4cbb-953e-71eaca8ac837,2025-02-28T21:00:00,ENERGYMETER,20031.24,kWh
a126ebe4-2cca-4cbb-953e-71eaca8ac837,2025-02-28T22:00:00,ENERGYMETER,20037.1,kWh
a126ebe4-2cca-4cbb-953e-71eaca8ac837,2025-02-28T23:00:00,ENERGYMETER,20041.64,kWh
a126ebe4-2cca-4cbb-953e-71eaca8ac837,2025-03-01T00:00:00,ENERGYMETER,20045.5,kWh
a126ebe4-2cca-4cbb-953e-71eaca8ac837,2025-03-01T01:00:00,ENERGYMETER,20049.33,kWh
a126ebe4-2cca-4cbb-953e-71eaca8ac837,2025-03-01T02:00:00,ENERGYMETER,20053.16,kWh
a126ebe4-2cca-4cbb-953e-71eaca8ac837,2025-03-01T03:00:00,ENERGYMETER,20057.0,kWh
a126ebe4-2cca-4cbb-953e-71eaca8ac837,2025-03-01T04:00:00,ENERGYMETER,20060.82,kWh
a126ebe4-2cca-4cbb-953e-71eaca8ac837,2025-03-01T05:00:00,ENERGYMETER,20064.67,kWh
a126ebe4-2cca-4cbb-953e-71eaca8ac837,2025-03-01T06:00:00,ENERGYMETER,20068.54,kWh
a126ebe4-2cca-4cbb-953e-71eaca8ac837,2025-03-01T07:00:00,ENERGYMETER,20072.59,kWh
a126ebe4-2cca-4cbb-953e-71eaca8ac837,2025-03-01T08:00:00,ENERGYMETER,20072.93,kWh
a126ebe4-2cca-4cbb-953e-71eaca8ac837,2025-03-01T09:00:00,ENERGYMETER,20073.08,kWh
a126ebe4-2cca-4cbb-953e-71eaca8ac837,2025-03-01T10:00:00,ENERGYMETER,20073.1,kWh
a126ebe4-2cca-4cbb-953e-71eaca8ac837,2025-03-01T11:00:00,ENERGYMETER,20073.15,kWh
a126ebe4-2cca-4cbb-953e-71eaca8ac837,2025-03-01T12:00:00,ENERGYMETER,20073.22,kWh
a126ebe4-2cca-4cbb-953e-71eaca8ac837,2025-03-01T13:00:00,ENERGYMETER,20073.28,kWh
a126ebe4-2cca-4cbb-953e-71eaca8ac837,2025-03-01T14:00:00,ENERGYMETER,20073.32,kWh
a126ebe4-2cca-4cbb-953e-71eaca8ac837,2025-03-01T15:00:00,ENERGYMETER,20073.36,kWh
a126ebe4-2cca-4cbb-953e-71eaca8ac837,2025-03-01T16:00:00,ENERGYMETER,20073.4,kWh
a126ebe4-2cca-4cbb-953e-71eaca8ac837,2025-03-01T17:00:00,ENERGYMETER,20073.46,kWh
a126ebe4-2cca-4cbb-953e-71eaca8ac837,2025-03-01T18:00:00,ENERGYMETER,20074.38,kWh
a126ebe4-2cca-4cbb-953e-71eaca8ac837,2025-03-01T19:00:00,ENERGYMETER,20080.38,kWh
a126ebe4-2cca-4cbb-953e-71eaca8ac837,2025-03-01T20:00:00,ENERGYMETER,20086.26,kWh
a126ebe4-2cca-4cbb-953e-71eaca8ac837,2025-03-01T21:00:00,ENERGYMETER,20092.11,kWh
a126ebe4-2cca-4cbb-953e-71eaca8ac837,2025-03-01T22:00:00,ENERGYMETER,20097.97,kWh
a126ebe4-2cca-4cbb-953e-71eaca8ac837,2025-03-01T23:00:00,ENERGYMETER,20102.61,kWh
a126ebe4-2cca-4cbb-953e-71eaca8ac837,2025-03-02T00:00:00,ENERGYMETER,20106.48,kWh
a126ebe4-2cca-4cbb-953e-71eaca8ac837,2025-03-02T01:00:00,ENERGYMETER,20110.32,kWh
a126ebe4-2cca-4cbb-953e-71eaca8ac837,2025-03-02T02:00:00,ENERGYMETER,20114.15,kWh
a126ebe4-2cca-4cbb-953e-71eaca8ac837,2025-03-02T03:00:00,ENERGYMETER,20117.99,kWh
a126ebe4-2cca-4cbb-953e-71eaca8ac837,2025-03-02T04:00:00,ENERGYMETER,20121.82,kWh
a126ebe4-2cca-4cbb-953e-71eaca8ac837,2025-03-02T05:00:00,ENERGYMETER,20125.68,kWh
a126ebe4-2cca-4cbb-953e-71eaca8ac837,2025-03-02T06:00:00,ENERGYMETER,20129.56,kWh
a126ebe4-2cca-4cbb-953e-71eaca8ac837,2025-03-02T07:00:00,ENERGYMETER,20132.98,kWh
a126ebe4-2cca-4cbb-953e-71eaca8ac837,2025-03-02T08:00:00,ENERGYMETER,20133.32,kWh
a126ebe4-2cca-4cbb-953e-71eaca8ac837,2025-03-02T09:00:00,ENERGYMETER,20133.52,kWh
a126ebe4-2cca-4cbb-953e-71eaca8ac837,2025-03-02T10:00:00,ENERGYMETER,20133.54,kWh
a126ebe4-2cca-4cbb-953e-71eaca8ac837,2025-03-02T11:00:00,ENERGYMETER,20133.6,kWh
a126ebe4-2cca-4cbb-953e-71eaca8ac837,2025-03-02T12:00:00,ENERGYMETER,20133.65,kWh
a126ebe4-2cca-4cbb-953e-71eaca8ac837,2025-03-02T13:00:00,ENERGYMETER,20133.7,kWh
a126ebe4-2cca-4cbb-953e-71eaca8ac837,2025-03-02T14:00:00,ENERGYMETER,20133.74,kWh
a126ebe4-2cca-4cbb-953e-71eaca8ac837,2025-03-02T15:00:00,ENERGYMETER,20133.78,kWh
a126ebe4-2cca-4cbb-953e-71eaca8ac837,2025-03-02T16:00:00,ENERGYMETER,20133.83,kWh
a126ebe4-2cca-4cbb-953e-71eaca8ac837,2025-03-02T17:00:00,ENERGYMETER,20133.88,kWh
a126ebe4-2cca-4cbb-953e-71eaca8ac837,2025-03-02T18:00:00,ENERGYMETER,20134.61,kWh
a126ebe4-2cca-4cbb-953e-71eaca8ac837,2025-03-02T19:00:00,ENERGYMETER,20140.55,kWh
a126ebe4-2cca-4cbb-953e-71eaca8ac837,2025-03-02T20:00:00,ENERGYMETER,20146.42,kWh
a126ebe4-2cca-4cbb-953e-71eaca8ac837,2025-03-02T21:00:00,ENERGYMETER,20152.27,kWh
a126ebe4-2cca-4cbb-953e-71eaca8ac837,2025-03-02T22:00:00,ENERGYMETER,20158.12,kWh
a126ebe4-2cca-4cbb-953e-71eaca8ac837,2025-03-02T23:00:00,ENERGYMETER,20162.66,kWh
a126ebe4-2cca-4cbb-953e-71eaca8ac837,2025-03-03T00:00:00,ENERGYMETER,20166.5,kWh
a126ebe4-2cca-4cbb-953e-71eaca8ac837,2025-03-03T01:00:00,ENERGYMETER,20170.31,kWh
a126ebe4-2cca-4cbb-953e-71eaca8ac837,2025-03-03T02:00:00,ENERGYMETER,20174.13,kWh
a126ebe4-2cca-4cbb-953e-71eaca8ac837,2025-03-03T03:00:00,ENERGYMETER,20177.94,kWh
a126ebe4-2cca-4cbb-953e-71eaca8ac837,2025-03-03T04:00:00,ENERGYMETER,20181.75,kWh
a126ebe4-2cca-4cbb-953e-71eaca8ac837,2025-03-03T05:00:00,ENERGYMETER,20185.59,kWh
a126ebe4-2cca-4cbb-953e-71eaca8ac837,2025-03-03T06:00:00,ENERGYMETER,20189.44,kWh
a126ebe4-2cca-4cbb-953e-71eaca8ac837,2025-03-03T07:00:00,ENERGYMETER,20192.82,kWh
a126ebe4-2cca-4cbb-953e-71eaca8ac837,2025-03-03T08:00:00,ENERGYMETER,20193.17,kWh
a126ebe4-2cca-4cbb-953e-71eaca8ac837,2025-03-03T09:00:00,ENERGYMETER,20193.39,kWh
a126ebe4-2cca-4cbb-953e-71eaca8ac837,2025-03-03T10:00:00,ENERGYMETER,20193.42,kWh
a126ebe4-2cca-4cbb-953e-71eaca8ac837,2025-03-03T11:00:00,ENERGYMETER,20193.5,kWh
a126ebe4-2cca-4cbb-953e-71eaca8ac837,2025-03-03T12:00:00,ENERGYMETER,20193.55,kWh
a126ebe4-2cca-4cbb-953e-71eaca8ac837,2025-03-03T13:00:00,ENERGYMETER,20193.59,kWh
a126ebe4-2cca-4cbb-953e-71eaca8ac837,2025-03-03T14:00:00,ENERGYMETER,20193.67,kWh
a126ebe4-2cca-4cbb-953e-71eaca8ac837,2025-03-03T15:00:00,ENERGYMETER,20193.72,kWh
a126ebe4-2cca-4cbb-953e-71eaca8ac837,2025-03-03T16:00:00,ENERGYMETER,20193.78,kWh
a126ebe4-2cca-4cbb-953e-71eaca8ac837,2025-03-03T17:00:00,ENERGYMETER,20193.94,kWh
a126ebe4-2cca-4cbb-953e-71eaca8ac837,2025-03-03T18:00:00,ENERGYMETER,20194.64,kWh
a126ebe4-2cca-4cbb-953e-71eaca8ac837,2025-03-03T19:00:00,ENERGYMETER,20200.56,kWh
a126ebe4-2cca-4cbb-953e-71eaca8ac837,2025-03-03T20:00:00,ENERGYMETER,20206.42,kWh
a126ebe4-2cca-4cbb-953e-71eaca8ac837,2025-03-03T21:00:00,ENERGYMETER,20212.24,kWh
a126ebe4-2cca-4cbb-953e-71eaca8ac837,2025-03-03T22:00:00,ENERGYMETER,20218.07,kWh
a126ebe4-2cca-4cbb-953e-71eaca8ac837,2025-03-03T23:00:00,ENERGYMETER,20222.57,kWh
a126ebe4-2cca-4cbb-953e-71eaca8ac837,2025-03-04T00:00:00,ENERGYMETER,20226.4,kWh
a126ebe4-2cca-4cbb-953e-71eaca8ac837,2025-03-04T01:00:00,ENERGYMETER,20230.21,kWh
a126ebe4-2cca-4cbb-953e-71eaca8ac837,2025-03-04T02:00:00,ENERGYMETER,20234.02,kWh
a126ebe4-2cca-4cbb-953e-71eaca8ac837,2025-03-04T03:00:00,ENERGYMETER,20237.83,kWh
a126ebe4-2cca-4cbb-953e-71eaca8ac837,2025-03-04T04:00:00,ENERGYMETER,20241.63,kWh
a126ebe4-2cca-4cbb-953e-71eaca8ac837,2025-03-04T05:00:00,ENERGYMETER,20245.47,kWh
a126ebe4-2cca-4cbb-953e-71eaca8ac837,2025-03-04T06:00:00,ENERGYMETER,20249.31,kWh
a126ebe4-2cca-4cbb-953e-71eaca8ac837,2025-03-04T07:00:00,ENERGYMETER,20252.64,kWh
a126ebe4-2cca-4cbb-953e-71eaca8ac837,2025-03-04T08:00:00,ENERGYMETER,20252.98,kWh
a126ebe4-2cca-4cbb-953e-71eaca8ac837,2025-03-04T09:00:00,ENERGYMETER,20253.12,kWh
a126ebe4-2cca-4cbb-953e-71eaca8ac837,2025-03-04T10:00:00,ENERGYMETER,20253.2,kWh
a126ebe4-2cca-4cbb-953e-71eaca8ac837,2025-03-04T11:00:00,ENERGYMETER,20253.27,kWh
a126ebe4-2cca-4cbb-953e-71eaca8ac837,2025-03-04T12:00:00,ENERGYMETER,20253.34,kWh
a126ebe4-2cca-4cbb-953e-71eaca8ac837,2025-03-04T13:00:00,ENERGYMETER,20253.38,kWh
a126ebe4-2cca-4cbb-953e-71eaca8ac837,2025-03-04T14:00:00,ENERGYMETER,20253.44,kWh
a126ebe4-2cca-4cbb-953e-71eaca8ac837,2025-03-04T15:00:00,ENERGYMETER,20253.49,kWh
a126ebe4-2cca-4cbb-953e-71eaca8ac837,2025-03-04T16:00:00,ENERGYMETER,20253.54,kWh
a126ebe4-2cca-4cbb-953e-71eaca8ac837,2025-03-04T17:00:00,ENERGYMETER,20253.61,kWh
a126ebe4-2cca-4cbb-953e-71eaca8ac837,2025-03-04T18:00:00,ENERGYMETER,20254.2,kWh
a126ebe4-2cca-4cbb-953e-71eaca8ac837,2025-03-04T19:00:00,ENERGYMETER,20260.13,kWh
a126ebe4-2cca-4cbb-953e-71eaca8ac837,2025-03-04T20:00:00,ENERGYMETER,20265.97,kWh
a126ebe4-2cca-4cbb-953e-71eaca8ac837,2025-03-04T21:00:00,ENERGYMETER,20271.79,kWh
a126ebe4-2cca-4cbb-953e-71eaca8ac837,2025-03-04T22:00:00,ENERGYMETER,20277.61,kWh
a126ebe4-2cca-4cbb-953e-71eaca8ac837,2025-03-04T23:00:00,ENERGYMETER,20282.11,kWh
a126ebe4-2cca-4cbb-953e-71eaca8ac837,2025-03-05T00:00:00,ENERGYMETER,20285.94,kWh
a126ebe4-2cca-4cbb-953e-71eaca8ac837,2025-03-05T01:00:00,ENERGYMETER,20289.75,kWh
a126ebe4-2cca-4cbb-953e-71eaca8ac837,2025-03-05T02:00:00,ENERGYMETER,20293.56,kWh
a126ebe4-2cca-4cbb-953e-71eaca8ac837,2025-03-05T03:00:00,ENERGYMETER,20297.37,kWh
a126ebe4-2cca-4cbb-953e-71eaca8ac837,2025-03-05T04:00:00,ENERGYMETER,20301.19,kWh
a126ebe4-2cca-4cbb-953e-71eaca8ac837,2025-03-05T05:00:00,ENERGYMETER,20305.03,kWh
a126ebe4-2cca-4cbb-953e-71eaca8ac837,2025-03-05T06:00:00,ENERGYMETER,20308.88,kWh
a126ebe4-2cca-4cbb-953e-71eaca8ac837,2025-03-05T07:00:00,ENERGYMETER,20312.12,kWh
a126ebe4-2cca-4cbb-953e-71eaca8ac837,2025-03-05T08:00:00,ENERGYMETER,20312.47,kWh
a126ebe4-2cca-4cbb-953e-71eaca8ac837,2025-03-05T09:00:00,ENERGYMETER,20312.67,kWh
a126ebe4-2cca-4cbb-953e-71eaca8ac837,2025-03-05T10:00:00,ENERGYMETER,20312.7,kWh
a126ebe4-2cca-4cbb-953e-71eaca8ac837,2025-03-05T11:00:00,ENERGYMETER,20312.76,kWh
a126ebe4-2cca-4cbb-953e-71eaca8ac837,2025-03-05T12:00:00,ENERGYMETER,20312.82,kWh
a126ebe4-2cca-4cbb-953e-71eaca8ac837,2025-03-05T13:00:00,ENERGYMETER,20312.88,kWh
a126ebe4-2cca-4cbb-953e-71eaca8ac837,2025-03-05T14:00:00,ENERGYMETER,20312.93,kWh
a126ebe4-2cca-4cbb-953e-71eaca8ac837,2025-03-05T15:00:00,ENERGYMETER,20312.97,kWh
a126ebe4-2cca-4cbb-953e-71eaca8ac837,2025-03-05T16:00:00,ENERGYMETER,20313.01,kWh
a126ebe4-2cca-4cbb-953e-71eaca8ac837,2025-03-05T17:00:00,ENERGYMETER,20313.07,kWh
a126ebe4-2cca-4cbb-953e-71eaca8ac837,2025-03-05T18:00:00,ENERGYMETER,20313.46,kWh
a126ebe4-2cca-4cbb-953e-71eaca8ac837,2025-03-05T19:00:00,ENERGYMETER,20319.41,kWh
a126ebe4-2cca-4cbb-953e-71eaca8ac837,2025-03-05T20:00:00,ENERGYMETER,20325.29,kWh
a126ebe4-2cca-4cbb-953e-71eaca8ac837,2025-03-05T21:00:00,ENERGYMETER,20331.14,kWh
a126ebe4-2cca-4cbb-953e-71eaca8ac837,2025-03-05T22:00:00,ENERGYMETER,20336.98,kWh
a126ebe4-2cca-4cbb-953e-71eaca8ac837,2025-03-05T23:00:00,ENERGYMETER,20341.46,kWh
a126ebe4-2cca-4cbb-953e-71eaca8ac837,2025-03-06T00:00:00,ENERGYMETER,20345.29,kWh
a126ebe4-2cca-4cbb-953e-71eaca8ac837,2025-03-06T01:00:00,ENERGYMETER,20349.11,kWh
a126ebe4-2cca-4cbb-953e-71eaca8ac837,2025-03-06T02:00:00,ENERGYMETER,20352.93,kWh
a126ebe4-2cca-4cbb-953e-71eaca8ac837,2025-03-06T03:00:00,ENERGYMETER,20356.74,kWh
a126ebe4-2cca-4cbb-953e-71eaca8ac837,2025-03-06T04:00:00,ENERGYMETER,20360.55,kWh
a126ebe4-2cca-4cbb-953e-71eaca8ac837,2025-03-06T05:00:00,ENERGYMETER,20364.39,kWh
a126ebe4-2cca-4cbb-953e-71eaca8ac837,2025-03-06T06:00:00,ENERGYMETER,20368.25,kWh
a126ebe4-2cca-4cbb-953e-71eaca8ac837,2025-03-06T07:00:00,ENERGYMETER,20371.42,kWh
a126ebe4-2cca-4cbb-953e-71eaca8ac837,2025-03-06T08:00:00,ENERGYMETER,20371.76,kWh
a126ebe4-2cca-4cbb-953e-71eaca8ac837,2025-03-06T09:00:00,ENERGYMETER,20372.09,kWh
a126ebe4-2cca-4cbb-953e-71eaca8ac837,2025-03-06T10:00:00,ENERGYMETER,20372.16,kWh
a126ebe4-2cca-4cbb-953e-71eaca8ac837,2025-03-06T11:00:00,ENERGYMETER,20372.24,kWh
a126ebe4-2cca-4cbb-953e-71eaca8ac837,2025-03-06T12:00:00,ENERGYMETER,20372.31,kWh
a126ebe4-2cca-4cbb-953e-71eaca8ac837,2025-03-06T13:00:00,ENERGYMETER,20372.37,kWh
a126ebe4-2cca-4cbb-953e-71eaca8ac837,2025-03-06T14:00:00,ENERGYMETER,20372.42,kWh
a126ebe4-2cca-4cbb-953e-71eaca8ac837,2025-03-06T15:00:00,ENERGYMETER,20372.49,kWh
a126ebe4-2cca-4cbb-953e-71eaca8ac837,2025-03-06T16:00:00,ENERGYMETER,20372.53,kWh
a126ebe4-2cca-4cbb-953e-71eaca8ac837,2025-03-06T17:00:00,ENERGYMETER,20372.59,kWh
a126ebe4-2cca-4cbb-953e-71eaca8ac837,2025-03-06T18:00:00,ENERGYMETER,20373.01,kWh
a126ebe4-2cca-4cbb-953e-71eaca8ac837,2025-03-06T19:00:00,ENERGYMETER,20379.0,kWh
a126ebe4-2cca-4cbb-953e-71eaca8ac837,2025-03-06T20:00:00,ENERGYMETER,20384.86,kWh
a126ebe4-2cca-4cbb-953e-71eaca8ac837,2025-03-06T21:00:00,ENERGYMETER,20390.73,kWh
a126ebe4-2cca-4cbb-953e-71eaca8ac837,2025-03-06T22:00:00,ENERGYMETER,20396.57,kWh
a126ebe4-2cca-4cbb-953e-71eaca8ac837,2025-03-06T23:00:00,ENERGYMETER,20401.06,kWh
a126ebe4-2cca-4cbb-953e-71eaca8ac837,2025-03-07T00:00:00,ENERGYMETER,20404.89,kWh
a126ebe4-2cca-4cbb-953e-71eaca8ac837,2025-03-07T01:00:00,ENERGYMETER,20408.7,kWh
a126ebe4-2cca-4cbb-953e-71eaca8ac837,2025-03-07T02:00:00,ENERGYMETER,20412.51,kWh
a126ebe4-2cca-4cbb-953e-71eaca8ac837,2025-03-07T03:00:00,ENERGYMETER,20416.31,kWh
a126ebe4-2cca-4cbb-953e-71eaca8ac837,2025-03-07T04:00:00,ENERGYMETER,20420.13,kWh
a126ebe4-2cca-4cbb-953e-71eaca8ac837,2025-03-07T05:00:00,ENERGYMETER,20423.97,kWh
a126ebe4-2cca-4cbb-953e-71eaca8ac837,2025-03-07T06:00:00,ENERGYMETER,20427.83,kWh
a126ebe4-2cca-4cbb-953e-71eaca8ac837,2025-03-07T07:00:00,ENERGYMETER,20430.92,kWh
a126ebe4-2cca-4cbb-953e-71eaca8ac837,2025-03-07T08:00:00,ENERGYMETER,20431.27,kWh
a126ebe4-2cca-4cbb-953e-71eaca8ac837,2025-03-07T09:00:00,ENERGYMETER,20431.61,kWh
a126ebe4-2cca-4cbb-953e-71eaca8ac837,2025-03-07T10:00:00,ENERGYMETER,20431.98,kWh
a126ebe4-2cca-4cbb-953e-71eaca8ac837,2025-03-07T11:00:00,ENERGYMETER,20432.31,kWh
a126ebe4-2cca-4cbb-953e-71eaca8ac837,2025-03-07T12:00:00,ENERGYMETER,20432.66,kWh
a126ebe4-2cca-4cbb-953e-71eaca8ac837,2025-03-07T13:00:00,ENERGYMETER,20432.75,kWh
a126ebe4-2cca-4cbb-953e-71eaca8ac837,2025-03-07T14:00:00,ENERGYMETER,20432.79,kWh
a126ebe4-2cca-4cbb-953e-71eaca8ac837,2025-03-07T15:00:00,ENERGYMETER,20432.85,kWh
a126ebe4-2cca-4cbb-953e-71eaca8ac837,2025-03-07T16:00:00,ENERGYMETER,20432.91,kWh
a126ebe4-2cca-4cbb-953e-71eaca8ac837,2025-03-07T17:00:00,ENERGYMETER,20432.97,kWh
a126ebe4-2cca-4cbb-953e-71eaca8ac837,2025-03-07T18:00:00,ENERGYMETER,20433.3,kWh
a126ebe4-2cca-4cbb-953e-71eaca8ac837,2025-03-07T19:00:00,ENERGYMETER,20439.19,kWh
a126ebe4-2cca-4cbb-953e-71eaca8ac837,2025-03-07T20:00:00,ENERGYMETER,20445.04,kWh
a126ebe4-2cca-4cbb-953e-71eaca8ac837,2025-03-07T21:00:00,ENERGYMETER,20450.89,kWh
a126ebe4-2cca-4cbb-953e-71eaca8ac837,2025-03-07T22:00:00,ENERGYMETER,20456.73,kWh
a126ebe4-2cca-4cbb-953e-71eaca8ac837,2025-03-07T23:00:00,ENERGYMETER,20461.22,kWh
a126ebe4-2cca-4cbb-953e-71eaca8ac837,2025-03-08T00:00:00,ENERGYMETER,20465.04,kWh
a126ebe4-2cca-4cbb-953e-71eaca8ac837,2025-03-08T01:00:00,ENERGYMETER,20468.86,kWh
a126ebe4-2cca-4cbb-953e-71eaca8ac837,2025-03-08T02:00:00,ENERGYMETER,20472.68,kWh
a126ebe4-2cca-4cbb-953e-71eaca8ac837,2025-03-08T03:00:00,ENERGYMETER,20476.49,kWh
a126ebe4-2cca-4cbb-953e-71eaca8ac837,2025-03-08T04:00:00,ENERGYMETER,20480.3,kWh
a126ebe4-2cca-4cbb-953e-71eaca8ac837,2025-03-08T05:00:00,ENERGYMETER,20484.14,kWh
a126ebe4-2cca-4cbb-953e-71eaca8ac837,2025-03-08T06:00:00,ENERGYMETER,20487.98,kWh
a126ebe4-2cca-4cbb-953e-71eaca8ac837,2025-03-08T07:00:00,ENERGYMETER,20490.97,kWh
a126ebe4-2cca-4cbb-953e-71eaca8ac837,2025-03-08T08:00:00,ENERGYMETER,20491.3,kWh
a126ebe4-2cca-4cbb-953e-71eaca8ac837,2025-03-08T09:00:00,ENERGYMETER,20491.6,kWh
a126ebe4-2cca-4cbb-953e-71eaca8ac837,2025-03-08T10:00:00,ENERGYMETER,20491.64,kWh
a126ebe4-2cca-4cbb-953e-71eaca8ac837,2025-03-08T11:00:00,ENERGYMETER,20491.72,kWh
a126ebe4-2cca-4cbb-953e-71eaca8ac837,2025-03-08T12:00:00,ENERGYMETER,20491.8,kWh
a126ebe4-2cca-4cbb-953e-71eaca8ac837,2025-03-08T13:00:00,ENERGYMETER,20491.87,kWh
a126ebe4-2cca-4cbb-953e-71eaca8ac837,2025-03-08T14:00:00,ENERGYMETER,20491.91,kWh
a126ebe4-2cca-4cbb-953e-71eaca8ac837,2025-03-08T15:00:00,ENERGYMETER,20491.95,kWh
a126ebe4-2cca-4cbb-953e-71eaca8ac837,2025-03-08T16:00:00,ENERGYMETER,20492.01,kWh
a126ebe4-2cca-4cbb-953e-71eaca8ac837,2025-03-08T17:00:00,ENERGYMETER,20492.27,kWh
a126ebe4-2cca-4cbb-953e-71eaca8ac837,2025-03-08T18:00:00,ENERGYMETER,20492.67,kWh
a126ebe4-2cca-4cbb-953e-71eaca8ac837,2025-03-08T19:00:00,ENERGYMETER,20498.29,kWh
a126ebe4-2cca-4cbb-953e-71eaca8ac837,2025-03-08T20:00:00,ENERGYMETER,20504.17,kWh
a126ebe4-2cca-4cbb-953e-71eaca8ac837,2025-03-08T21:00:00,ENERGYMETER,20510.07,kWh
a126ebe4-2cca-4cbb-953e-71eaca8ac837,2025-03-08T22:00:00,ENERGYMETER,20515.95,kWh
a126ebe4-2cca-4cbb-953e-71eaca8ac837,2025-03-08T23:00:00,ENERGYMETER,20520.49,kWh
a126ebe4-2cca-4cbb-953e-71eaca8ac837,2025-03-09T00:00:00,ENERGYMETER,20524.31,kWh
a126ebe4-2cca-4cbb-953e-71eaca8ac837,2025-03-09T01:00:00,ENERGYMETER,20528.11,kWh
a126ebe4-2cca-4cbb-953e-71eaca8ac837,2025-03-09T02:00:00,ENERGYMETER,20531.9,kWh
a126ebe4-2cca-4cbb-953e-71eaca8ac837,2025-03-09T03:00:00,ENERGYMETER,20535.7,kWh
a126ebe4-2cca-4cbb-953e-71eaca8ac837,2025-03-09T04:00:00,ENERGYMETER,20539.5,kWh
a126ebe4-2cca-4cbb-953e-71eaca8ac837,2025-03-09T05:00:00,ENERGYMETER,20543.32,kWh
a126ebe4-2cca-4cbb-953e-71eaca8ac837,2025-03-09T06:00:00,ENERGYMETER,20547.15,kWh
a126ebe4-2cca-4cbb-953e-71eaca8ac837,2025-03-09T07:00:00,ENERGYMETER,20549.39,kWh
a126ebe4-2cca-4cbb-953e-71eaca8ac837,2025-03-09T08:00:00,ENERGYMETER,20549.73,kWh
a126ebe4-2cca-4cbb-953e-71eaca8ac837,2025-03-09T09:00:00,ENERGYMETER,20549.87,kWh
a126ebe4-2cca-4cbb-953e-71eaca8ac837,2025-03-09T10:00:00,ENERGYMETER,20549.9,kWh
a126ebe4-2cca-4cbb-953e-71eaca8ac837,2025-03-09T11:00:00,ENERGYMETER,20549.96,kWh
a126ebe4-2cca-4cbb-953e-71eaca8ac837,2025-03-09T12:00:00,ENERGYMETER,20550.03,kWh
a126ebe4-2cca-4cbb-953e-71eaca8ac837,2025-03-09T13:00:00,ENERGYMETER,20550.09,kWh
a126ebe4-2cca-4cbb-953e-71eaca8ac837,2025-03-09T14:00:00,ENERGYMETER,20550.13,kWh
a126ebe4-2cca-4cbb-953e-71eaca8ac837,2025-03-09T15:00:00,ENERGYMETER,20550.19,kWh
a126ebe4-2cca-4cbb-953e-71eaca8ac837,2025-03-09T16:00:00,ENERGYMETER,20550.23,kWh
a126ebe4-2cca-4cbb-953e-71eaca8ac837,2025-03-09T17:00:00,ENERGYMETER,20550.35,kWh
a126ebe4-2cca-4cbb-953e-71eaca8ac837,2025-03-09T18:00:00,ENERGYMETER,20550.74,kWh
a126ebe4-2cca-4cbb-953e-71eaca8ac837,2025-03-09T19:00:00,ENERGYMETER,20556.21,kWh
a126ebe4-2cca-4cbb-953e-71eaca8ac837,2025-03-09T20:00:00,ENERGYMETER,20562.03,kWh
a126ebe4-2cca-4cbb-953e-71eaca8ac837,2025-03-09T21:00:00,ENERGYMETER,20567.82,kWh
a126ebe4-2cca-4cbb-953e-71eaca8ac837,2025-03-09T22:00:00,ENERGYMETER,20573.61,kWh
a126ebe4-2cca-4cbb-953e-71eaca8ac837,2025-03-09T23:00:00,ENERGYMETER,20578.07,kWh
a126ebe4-2cca-4cbb-953e-71eaca8ac837,2025-03-10T00:00:00,ENERGYMETER,20581.87,kWh
a126ebe4-2cca-4cbb-953e-71eaca8ac837,2025-03-10T01:00:00,ENERGYMETER,20585.65,kWh
a126ebe4-2cca-4cbb-953e-71eaca8ac837,2025-03-10T02:00:00,ENERGYMETER,20589.42,kWh
a126ebe4-2cca-4cbb-953e-71eaca8ac837,2025-03-10T03:00:00,ENERGYMETER,20593.19,kWh
a126ebe4-2cca-4cbb-953e-71eaca8ac837,2025-03-10T04:00:00,ENERGYMETER,20596.96,kWh
a126ebe4-2cca-4cbb-953e-71eaca8ac837,2025-03-10T05:00:00,ENERGYMETER,20600.77,kWh
a126ebe4-2cca-4cbb-953e-71eaca8ac837,2025-03-10T06:00:00,ENERGYMETER,20604.58,kWh
a126ebe4-2cca-4cbb-953e-71eaca8ac837,2025-03-10T07:00:00,ENERGYMETER,20606.78,kWh
a126ebe4-2cca-4cbb-953e-71eaca8ac837,2025-03-10T08:00:00,ENERGYMETER,20607.13,kWh
a126ebe4-2cca-4cbb-953e-71eaca8ac837,2025-03-10T09:00:00,ENERGYMETER,20607.25,kWh
a126ebe4-2cca-4cbb-953e-71eaca8ac837,2025-03-10T10:00:00,ENERGYMETER,20608.57,kWh
a126ebe4-2cca-4cbb-953e-71eaca8ac837,2025-03-10T11:00:00,ENERGYMETER,20608.64,kWh
a126ebe4-2cca-4cbb-953e-71eaca8ac837,2025-03-10T12:00:00,ENERGYMETER,20608.7,kWh
a126ebe4-2cca-4cbb-953e-71eaca8ac837,2025-03-10T13:00:00,ENERGYMETER,20608.75,kWh
a126ebe4-2cca-4cbb-953e-71eaca8ac837,2025-03-10T14:00:00,ENERGYMETER,20608.82,kWh
a126ebe4-2cca-4cbb-953e-71eaca8ac837,2025-03-10T15:00:00,ENERGYMETER,20608.87,kWh
a126ebe4-2cca-4cbb-953e-71eaca8ac837,2025-03-10T16:00:00,ENERGYMETER,20608.91,kWh
a126ebe4-2cca-4cbb-953e-71eaca8ac837,2025-03-10T17:00:00,ENERGYMETER,20608.98,kWh
a126ebe4-2cca-4cbb-953e-71eaca8ac837,2025-03-10T18:00:00,ENERGYMETER,20609.19,kWh
a126ebe4-2cca-4cbb-953e-71eaca8ac837,2025-03-10T19:00:00,ENERGYMETER,20614.53,kWh
a126ebe4-2cca-4cbb-953e-71eaca8ac837,2025-03-10T20:00:00,ENERGYMETER,20620.29,kWh
a126ebe4-2cca-4cbb-953e-71eaca8ac837,2025-03-10T21:00:00,ENERGYMETER,20626.05,kWh
a126ebe4-2cca-4cbb-953e-71eaca8ac837,2025-03-10T22:00:00,ENERGYMETER,20631.8,kWh
a126ebe4-2cca-4cbb-953e-71eaca8ac837,2025-03-10T23:00:00,ENERGYMETER,20636.36,kWh
a126ebe4-2cca-4cbb-953e-71eaca8ac837,2025-03-11T00:00:00,ENERGYMETER,20640.39,kWh
a126ebe4-2cca-4cbb-953e-71eaca8ac837,2025-03-11T01:00:00,ENERGYMETER,20644.41,kWh
a126ebe4-2cca-4cbb-953e-71eaca8ac837,2025-03-11T02:00:00,ENERGYMETER,20648.42,kWh
a126ebe4-2cca-4cbb-953e-71eaca8ac837,2025-03-11T03:00:00,ENERGYMETER,20652.44,kWh
a126ebe4-2cca-4cbb-953e-71eaca8ac837,2025-03-11T04:00:00,ENERGYMETER,20656.46,kWh
a126ebe4-2cca-4cbb-953e-71eaca8ac837,2025-03-11T05:00:00,ENERGYMETER,20660.51,kWh
a126ebe4-2cca-4cbb-953e-71eaca8ac837,2025-03-11T06:00:00,ENERGYMETER,20664.56,kWh
a126ebe4-2cca-4cbb-953e-71eaca8ac837,2025-03-11T07:00:00,ENERGYMETER,20666.79,kWh
a126ebe4-2cca-4cbb-953e-71eaca8ac837,2025-03-11T08:00:00,ENERGYMETER,20667.14,kWh
a126ebe4-2cca-4cbb-953e-71eaca8ac837,2025-03-11T09:00:00,ENERGYMETER,20667.45,kWh
a126ebe4-2cca-4cbb-953e-71eaca8ac837,2025-03-11T10:00:00,ENERGYMETER,20667.47,kWh
a126ebe4-2cca-4cbb-953e-71eaca8ac837,2025-03-11T11:00:00,ENERGYMETER,20667.54,kWh
a126ebe4-2cca-4cbb-953e-71eaca8ac837,2025-03-11T12:00:00,ENERGYMETER,20667.59,kWh
a126ebe4-2cca-4cbb-953e-71eaca8ac837,2025-03-11T13:00:00,ENERGYMETER,20667.64,kWh
a126ebe4-2cca-4cbb-953e-71eaca8ac837,2025-03-11T14:00:00,ENERGYMETER,20667.69,kWh
a126ebe4-2cca-4cbb-953e-71eaca8ac837,2025-03-11T15:00:00,ENERGYMETER,20667.77,kWh
a126ebe4-2cca-4cbb-953e-71eaca8ac837,2025-03-11T16:00:00,ENERGYMETER,20668.15,kWh
a126ebe4-2cca-4cbb-953e-71eaca8ac837,2025-03-11T17:00:00,ENERGYMETER,20668.53,kWh
a126ebe4-2cca-4cbb-953e-71eaca8ac837,2025-03-11T18:00:00,ENERGYMETER,20668.91,kWh
a126ebe4-2cca-4cbb-953e-71eaca8ac837,2025-03-11T19:00:00,ENERGYMETER,20674.2,kWh
a126ebe4-2cca-4cbb-953e-71eaca8ac837,2025-03-11T20:00:00,ENERGYMETER,20679.96,kWh
a126ebe4-2cca-4cbb-953e-71eaca8ac837,2025-03-11T21:00:00,ENERGYMETER,20685.73,kWh
a126ebe4-2cca-4cbb-953e-71eaca8ac837,2025-03-11T22:00:00,ENERGYMETER,20691.48,kWh
a126ebe4-2cca-4cbb-953e-71eaca8ac837,2025-03-11T23:00:00,ENERGYMETER,20695.83,kWh
a126ebe4-2cca-4cbb-953e-71eaca8ac837,2025-03-12T00:00:00,ENERGYMETER,20699.62,kWh
a126ebe4-2cca-4cbb-953e-71eaca8ac837,2025-03-12T01:00:00,ENERGYMETER,20703.39,kWh
a126ebe4-2cca-4cbb-953e-71eaca8ac837,2025-03-12T02:00:00,ENERGYMETER,20707.17,kWh
a126ebe4-2cca-4cbb-953e-71eaca8ac837,2025-03-12T03:00:00,ENERGYMETER,20710.94,kWh
a126ebe4-2cca-4cbb-953e-71eaca8ac837,2025-03-12T04:00:00,ENERGYMETER,20714.71,kWh
a126ebe4-2cca-4cbb-953e-71eaca8ac837,2025-03-12T05:00:00,ENERGYMETER,20718.51,kWh
a126ebe4-2cca-4cbb-953e-71eaca8ac837,2025-03-12T06:00:00,ENERGYMETER,20722.33,kWh
a126ebe4-2cca-4cbb-953e-71eaca8ac837,2025-03-12T07:00:00,ENERGYMETER,20724.43,kWh
a126ebe4-2cca-4cbb-953e-71eaca8ac837,2025-03-12T08:00:00,ENERGYMETER,20724.77,kWh
a126ebe4-2cca-4cbb-953e-71eaca8ac837,2025-03-12T09:00:00,ENERGYMETER,20725.03,kWh
a126ebe4-2cca-4cbb-953e-71eaca8ac837,2025-03-12T10:00:00,ENERGYMETER,20725.17,kWh
a126ebe4-2cca-4cbb-953e-71eaca8ac837,2025-03-12T11:00:00,ENERGYMETER,20725.31,kWh
a126ebe4-2cca-4cbb-953e-71eaca8ac837,2025-03-12T12:00:00,ENERGYMETER,20725.36,kWh
a126ebe4-2cca-4cbb-953e-71eaca8ac837,2025-03-12T13:00:00,ENERGYMETER,20725.41,kWh
a126ebe4-2cca-4cbb-953e-71eaca8ac837,2025-03-12T14:00:00,ENERGYMETER,20725.64,kWh
a126ebe4-2cca-4cbb-953e-71eaca8ac837,2025-03-12T15:00:00,ENERGYMETER,20725.87,kWh
a126ebe4-2cca-4cbb-953e-71eaca8ac837,2025-03-12T16:00:00,ENERGYMETER,20726.24,kWh
a126ebe4-2cca-4cbb-953e-71eaca8ac837,2025-03-12T17:00:00,ENERGYMETER,20726.61,kWh
a126ebe4-2cca-4cbb-953e-71eaca8ac837,2025-03-12T18:00:00,ENERGYMETER,20727.0,kWh
a126ebe4-2cca-4cbb-953e-71eaca8ac837,2025-03-12T19:00:00,ENERGYMETER,20732.21,kWh
a126ebe4-2cca-4cbb-953e-71eaca8ac837,2025-03-12T20:00:00,ENERGYMETER,20738.0,kWh
a126ebe4-2cca-4cbb-953e-71eaca8ac837,2025-03-12T21:00:00,ENERGYMETER,20743.77,kWh
a126ebe4-2cca-4cbb-953e-71eaca8ac837,2025-03-12T22:00:00,ENERGYMETER,20749.54,kWh
a126ebe4-2cca-4cbb-953e-71eaca8ac837,2025-03-12T23:00:00,ENERGYMETER,20753.9,kWh
a126ebe4-2cca-4cbb-953e-71eaca8ac837,2025-03-13T00:00:00,ENERGYMETER,20757.69,kWh
a126ebe4-2cca-4cbb-953e-71eaca8ac837,2025-03-13T01:00:00,ENERGYMETER,20761.47,kWh
a126ebe4-2cca-4cbb-953e-71eaca8ac837,2025-03-13T02:00:00,ENERGYMETER,20765.24,kWh
a126ebe4-2cca-4cbb-953e-71eaca8ac837,2025-03-13T03:00:00,ENERGYMETER,20769.02,kWh
a126ebe4-2cca-4cbb-953e-71eaca8ac837,2025-03-13T04:00:00,ENERGYMETER,20772.79,kWh
a126ebe4-2cca-4cbb-953e-71eaca8ac837,2025-03-13T05:00:00,ENERGYMETER,20776.59,kWh
a126ebe4-2cca-4cbb-953e-71eaca8ac837,2025-03-13T06:00:00,ENERGYMETER,20780.41,kWh
a126ebe4-2cca-4cbb-953e-71eaca8ac837,2025-03-13T07:00:00,ENERGYMETER,20782.41,kWh
a126ebe4-2cca-4cbb-953e-71eaca8ac837,2025-03-13T08:00:00,ENERGYMETER,20782.76,kWh
a126ebe4-2cca-4cbb-953e-71eaca8ac837,2025-03-13T09:00:00,ENERGYMETER,20782.83,kWh
a126ebe4-2cca-4cbb-953e-71eaca8ac837,2025-03-13T10:00:00,ENERGYMETER,20782.89,kWh
a126ebe4-2cca-4cbb-953e-71eaca8ac837,2025-03-13T11:00:00,ENERGYMETER,20782.96,kWh
a126ebe4-2cca-4cbb-953e-71eaca8ac837,2025-03-13T12:00:00,ENERGYMETER,20783.04,kWh
a126ebe4-2cca-4cbb-953e-71eaca8ac837,2025-03-13T13:00:00,ENERGYMETER,20783.09,kWh
a126ebe4-2cca-4cbb-953e-71eaca8ac837,2025-03-13T14:00:00,ENERGYMETER,20783.14,kWh
a126ebe4-2cca-4cbb-953e-71eaca8ac837,2025-03-13T15:00:00,ENERGYMETER,20783.23,kWh
a126ebe4-2cca-4cbb-953e-71eaca8ac837,2025-03-13T16:00:00,ENERGYMETER,20783.6,kWh
a126ebe4-2cca-4cbb-953e-71eaca8ac837,2025-03-13T17:00:00,ENERGYMETER,20783.95,kWh
a126ebe4-2cca-4cbb-953e-71eaca8ac837,2025-03-13T18:00:00,ENERGYMETER,20784.34,kWh
a126ebe4-2cca-4cbb-953e-71eaca8ac837,2025-03-13T19:00:00,ENERGYMETER,20789.47,kWh
a126ebe4-2cca-4cbb-953e-71eaca8ac837,2025-03-13T20:00:00,ENERGYMETER,20795.3,kWh
a126ebe4-2cca-4cbb-953e-71eaca8ac837,2025-03-13T21:00:00,ENERGYMETER,20801.09,kWh
a126ebe4-2cca-4cbb-953e-71eaca8ac837,2025-03-13T22:00:00,ENERGYMETER,20806.88,kWh
a126ebe4-2cca-4cbb-953e-71eaca8ac837,2025-03-13T23:00:00,ENERGYMETER,20811.27,kWh
a126ebe4-2cca-4cbb-953e-71eaca8ac837,2025-03-14T00:00:00,ENERGYMETER,20815.09,kWh
a126ebe4-2cca-4cbb-953e-71eaca8ac837,2025-03-14T01:00:00,ENERGYMETER,20818.88,kWh
a126ebe4-2cca-4cbb-953e-71eaca8ac837,2025-03-14T02:00:00,ENERGYMETER,20822.66,kWh
a126ebe4-2cca-4cbb-953e-71eaca8ac837,2025-03-14T03:00:00,ENERGYMETER,20826.45,kWh
a126ebe4-2cca-4cbb-953e-71eaca8ac837,2025-03-14T04:00:00,ENERGYMETER,20830.24,kWh
a126ebe4-2cca-4cbb-953e-71eaca8ac837,2025-03-14T05:00:00,ENERGYMETER,20834.07,kWh
a126ebe4-2cca-4cbb-953e-71eaca8ac837,2025-03-14T06:00:00,ENERGYMETER,20837.91,kWh
a126ebe4-2cca-4cbb-953e-71eaca8ac837,2025-03-14T07:00:00,ENERGYMETER,20839.83,kWh
a126ebe4-2cca-4cbb-953e-71eaca8ac837,2025-03-14T08:00:00,ENERGYMETER,20840.18,kWh
a126ebe4-2cca-4cbb-953e-71eaca8ac837,2025-03-14T09:00:00,ENERGYMETER,20840.47,kWh
a126ebe4-2cca-4cbb-953e-71eaca8ac837,2025-03-14T10:00:00,ENERGYMETER,20840.85,kWh
a126ebe4-2cca-4cbb-953e-71eaca8ac837,2025-03-14T11:00:00,ENERGYMETER,20841.21,kWh
a126ebe4-2cca-4cbb-953e-71eaca8ac837,2025-03-14T12:00:00,ENERGYMETER,20841.58,kWh
a126ebe4-2cca-4cbb-953e-71eaca8ac837,2025-03-14T13:00:00,ENERGYMETER,20841.95,kWh
a126ebe4-2cca-4cbb-953e-71eaca8ac837,2025-03-14T14:00:00,ENERGYMETER,20841.99,kWh
a126ebe4-2cca-4cbb-953e-71eaca8ac837,2025-03-14T15:00:00,ENERGYMETER,20842.04,kWh
a126ebe4-2cca-4cbb-953e-71eaca8ac837,2025-03-14T16:00:00,ENERGYMETER,20842.09,kWh
a126ebe4-2cca-4cbb-953e-71eaca8ac837,2025-03-14T17:00:00,ENERGYMETER,20842.15,kWh
a126ebe4-2cca-4cbb-953e-71eaca8ac837,2025-03-14T18:00:00,ENERGYMETER,20842.36,kWh
a126ebe4-2cca-4cbb-953e-71eaca8ac837,2025-03-14T19:00:00,ENERGYMETER,20847.44,kWh
a126ebe4-2cca-4cbb-953e-71eaca8ac837,2025-03-14T20:00:00,ENERGYMETER,20853.27,kWh
a126ebe4-2cca-4cbb-953e-71eaca8ac837,2025-03-14T21:00:00,ENERGYMETER,20859.05,kWh
a126ebe4-2cca-4cbb-953e-71eaca8ac837,2025-03-14T22:00:00,ENERGYMETER,20864.86,kWh
a126ebe4-2cca-4cbb-953e-71eaca8ac837,2025-03-14T23:00:00,ENERGYMETER,20869.25,kWh
a126ebe4-2cca-4cbb-953e-71eaca8ac837,2025-03-15T00:00:00,ENERGYMETER,20873.05,kWh
a126ebe4-2cca-4cbb-953e-71eaca8ac837,2025-03-15T01:00:00,ENERGYMETER,20876.85,kWh
a126ebe4-2cca-4cbb-953e-71eaca8ac837,2025-03-15T02:00:00,ENERGYMETER,20880.63,kWh
a126ebe4-2cca-4cbb-953e-71eaca8ac837,2025-03-15T03:00:00,ENERGYMETER,20884.42,kWh
a126ebe4-2cca-4cbb-953e-71eaca8ac837,2025-03-15T04:00:00,ENERGYMETER,20888.22,kWh
a126ebe4-2cca-4cbb-953e-71eaca8ac837,2025-03-15T05:00:00,ENERGYMETER,20892.05,kWh
a126ebe4-2cca-4cbb-953e-71eaca8ac837,2025-03-15T06:00:00,ENERGYMETER,20895.88,kWh
a126ebe4-2cca-4cbb-953e-71eaca8ac837,2025-03-15T07:00:00,ENERGYMETER,20897.69,kWh
a126ebe4-2cca-4cbb-953e-71eaca8ac837,2025-03-15T08:00:00,ENERGYMETER,20898.06,kWh
a126ebe4-2cca-4cbb-953e-71eaca8ac837,2025-03-15T09:00:00,ENERGYMETER,20898.41,kWh
a126ebe4-2cca-4cbb-953e-71eaca8ac837,2025-03-15T10:00:00,ENERGYMETER,20898.51,kWh
a126ebe4-2cca-4cbb-953e-71eaca8ac837,2025-03-15T11:00:00,ENERGYMETER,20898.57,kWh
a126ebe4-2cca-4cbb-953e-71eaca8ac837,2025-03-15T12:00:00,ENERGYMETER,20898.61,kWh
a126ebe4-2cca-4cbb-953e-71eaca8ac837,2025-03-15T13:00:00,ENERGYMETER,20898.68,kWh
a126ebe4-2cca-4cbb-953e-71eaca8ac837,2025-03-15T14:00:00,ENERGYMETER,20898.72,kWh
a126ebe4-2cca-4cbb-953e-71eaca8ac837,2025-03-15T15:00:00,ENERGYMETER,20898.77,kWh
a126ebe4-2cca-4cbb-953e-71eaca8ac837,2025-03-15T16:00:00,ENERGYMETER,20898.84,kWh
a126ebe4-2cca-4cbb-953e-71eaca8ac837,2025-03-15T17:00:00,ENERGYMETER,20899.22,kWh
a126ebe4-2cca-4cbb-953e-71eaca8ac837,2025-03-15T18:00:00,ENERGYMETER,20899.62,kWh
a126ebe4-2cca-4cbb-953e-71eaca8ac837,2025-03-15T19:00:00,ENERGYMETER,20904.43,kWh
a126ebe4-2cca-4cbb-953e-71eaca8ac837,2025-03-15T20:00:00,ENERGYMETER,20910.26,kWh
a126ebe4-2cca-4cbb-953e-71eaca8ac837,2025-03-15T21:00:00,ENERGYMETER,20916.06,kWh
a126ebe4-2cca-4cbb-953e-71eaca8ac837,2025-03-15T22:00:00,ENERGYMETER,20921.85,kWh
a126ebe4-2cca-4cbb-953e-71eaca8ac837,2025-03-15T23:00:00,ENERGYMETER,20926.3,kWh
a126ebe4-2cca-4cbb-953e-71eaca8ac837,2025-03-16T00:00:00,ENERGYMETER,20930.11,kWh
a126ebe4-2cca-4cbb-953e-71eaca8ac837,2025-03-16T01:00:00,ENERGYMETER,20933.89,kWh
a126ebe4-2cca-4cbb-953e-71eaca8ac837,2025-03-16T02:00:00,ENERGYMETER,20937.68,kWh
a126ebe4-2cca-4cbb-953e-71eaca8ac837,2025-03-16T03:00:00,ENERGYMETER,20941.46,kWh
a126ebe4-2cca-4cbb-953e-71eaca8ac837,2025-03-16T04:00:00,ENERGYMETER,20945.26,kWh
a126ebe4-2cca-4cbb-953e-71eaca8ac837,2025-03-16T05:00:00,ENERGYMETER,20949.08,kWh
a126ebe4-2cca-4cbb-953e-71eaca8ac837,2025-03-16T06:00:00,ENERGYMETER,20952.92,kWh
a126ebe4-2cca-4cbb-953e-71eaca8ac837,2025-03-16T07:00:00,ENERGYMETER,20954.18,kWh
a126ebe4-2cca-4cbb-953e-71eaca8ac837,2025-03-16T08:00:00,ENERGYMETER,20954.51,kWh
a126ebe4-2cca-4cbb-953e-71eaca8ac837,2025-03-16T09:00:00,ENERGYMETER,20954.59,kWh
a126ebe4-2cca-4cbb-953e-71eaca8ac837,2025-03-16T10:00:00,ENERGYMETER,20954.62,kWh
a126ebe4-2cca-4cbb-953e-71eaca8ac837,2025-03-16T11:00:00,ENERGYMETER,20954.67,kWh
a126ebe4-2cca-4cbb-953e-71eaca8ac837,2025-03-16T12:00:00,ENERGYMETER,20954.74,kWh
a126ebe4-2cca-4cbb-953e-71eaca8ac837,2025-03-16T13:00:00,ENERGYMETER,20954.82,kWh
a126ebe4-2cca-4cbb-953e-71eaca8ac837,2025-03-16T14:00:00,ENERGYMETER,20954.87,kWh
a126ebe4-2cca-4cbb-953e-71eaca8ac837,2025-03-16T15:00:00,ENERGYMETER,20954.93,kWh
a126ebe4-2cca-4cbb-953e-71eaca8ac837,2025-03-16T16:00:00,ENERGYMETER,20954.99,kWh
a126ebe4-2cca-4cbb-953e-71eaca8ac837,2025-03-16T17:00:00,ENERGYMETER,20955.18,kWh
a126ebe4-2cca-4cbb-953e-71eaca8ac837,2025-03-16T18:00:00,ENERGYMETER,20955.58,kWh
a126ebe4-2cca-4cbb-953e-71eaca8ac837,2025-03-16T19:00:00,ENERGYMETER,20960.25,kWh
a126ebe4-2cca-4cbb-953e-71eaca8ac837,2025-03-16T20:00:00,ENERGYMETER,20966.06,kWh
a126ebe4-2cca-4cbb-953e-71eaca8ac837,2025-03-16T21:00:00,ENERGYMETER,20971.85,kWh
a126ebe4-2cca-4cbb-953e-71eaca8ac837,2025-03-16T22:00:00,ENERGYMETER,20977.64,kWh
a126ebe4-2cca-4cbb-953e-71eaca8ac837,2025-03-16T23:00:00,ENERGYMETER,20982.04,kWh
a126ebe4-2cca-4cbb-953e-71eaca8ac837,2025-03-17T00:00:00,ENERGYMETER,20985.86,kWh
a126ebe4-2cca-4cbb-953e-71eaca8ac837,2025-03-17T01:00:00,ENERGYMETER,20989.65,kWh
a126ebe4-2cca-4cbb-953e-71eaca8ac837,2025-03-17T02:00:00,ENERGYMETER,20993.45,kWh
a126ebe4-2cca-4cbb-953e-71eaca8ac837,2025-03-17T03:00:00,ENERGYMETER,20997.24,kWh
a126ebe4-2cca-4cbb-953e-71eaca8ac837,2025-03-17T04:00:00,ENERGYMETER,21001.04,kWh
a126ebe4-2cca-4cbb-953e-71eaca8ac837,2025-03-17T05:00:00,ENERGYMETER,21004.87,kWh
a126ebe4-2cca-4cbb-953e-71eaca8ac837,2025-03-17T06:00:00,ENERGYMETER,21008.71,kWh
a126ebe4-2cca-4cbb-953e-71eaca8ac837,2025-03-17T07:00:00,ENERGYMETER,21009.93,kWh
a126ebe4-2cca-4cbb-953e-71eaca8ac837,2025-03-17T08:00:00,ENERGYMETER,21010.29,kWh
a126ebe4-2cca-4cbb-953e-71eaca8ac837,2025-03-17T09:00:00,ENERGYMETER,21010.35,kWh
a126ebe4-2cca-4cbb-953e-71eaca8ac837,2025-03-17T10:00:00,ENERGYMETER,21010.41,kWh
a126ebe4-2cca-4cbb-953e-71eaca8ac837,2025-03-17T11:00:00,ENERGYMETER,21010.47,kWh
a126ebe4-2cca-4cbb-953e-71eaca8ac837,2025-03-17T12:00:00,ENERGYMETER,21010.54,kWh
a126ebe4-2cca-4cbb-953e-71eaca8ac837,2025-03-17T13:00:00,ENERGYMETER,21010.59,kWh
a126ebe4-2cca-4cbb-953e-71eaca8ac837,2025-03-17T14:00:00,ENERGYMETER,21010.66,kWh
a126ebe4-2cca-4cbb-953e-71eaca8ac837,2025-03-17T15:00:00,ENERGYMETER,21010.72,kWh
a126ebe4-2cca-4cbb-953e-71eaca8ac837,2025-03-17T16:00:00,ENERGYMETER,21010.76,kWh
a126ebe4-2cca-4cbb-953e-71eaca8ac837,2025-03-17T17:00:00,ENERGYMETER,21010.83,kWh
a126ebe4-2cca-4cbb-953e-71eaca8ac837,2025-03-17T18:00:00,ENERGYMETER,21011.0,kWh
a126ebe4-2cca-4cbb-953e-71eaca8ac837,2025-03-17T19:00:00,ENERGYMETER,21015.55,kWh
a126ebe4-2cca-4cbb-953e-71eaca8ac837,2025-03-17T20:00:00,ENERGYMETER,21021.35,kWh
a126ebe4-2cca-4cbb-953e-71eaca8ac837,2025-03-17T21:00:00,ENERGYMETER,21027.13,kWh
a126ebe4-2cca-4cbb-953e-71eaca8ac837,2025-03-17T22:00:00,ENERGYMETER,21032.91,kWh
a126ebe4-2cca-4cbb-953e-71eaca8ac837,2025-03-17T23:00:00,ENERGYMETER,21037.28,kWh
a126ebe4-2cca-4cbb-953e-71eaca8ac837,2025-03-18T00:00:00,ENERGYMETER,21041.08,kWh
a126ebe4-2cca-4cbb-953e-71eaca8ac837,2025-03-18T01:00:00,ENERGYMETER,21044.87,kWh
a126ebe4-2cca-4cbb-953e-71eaca8ac837,2025-03-18T02:00:00,ENERGYMETER,21048.64,kWh
a126ebe4-2cca-4cbb-953e-71eaca8ac837,2025-03-18T03:00:00,ENERGYMETER,21052.42,kWh
a126ebe4-2cca-4cbb-953e-71eaca8ac837,2025-03-18T04:00:00,ENERGYMETER,21056.2,kWh
a126ebe4-2cca-4cbb-953e-71eaca8ac837,2025-03-18T05:00:00,ENERGYMETER,21060.01,kWh
a126ebe4-2cca-4cbb-953e-71eaca8ac837,2025-03-18T06:00:00,ENERGYMETER,21063.83,kWh
a126ebe4-2cca-4cbb-953e-71eaca8ac837,2025-03-18T07:00:00,ENERGYMETER,21064.97,kWh
a126ebe4-2cca-4cbb-953e-71eaca8ac837,2025-03-18T08:00:00,ENERGYMETER,21065.33,kWh
a126ebe4-2cca-4cbb-953e-71eaca8ac837,2025-03-18T09:00:00,ENERGYMETER,21065.48,kWh
a126ebe4-2cca-4cbb-953e-71eaca8ac837,2025-03-18T10:00:00,ENERGYMETER,21065.52,kWh
a126ebe4-2cca-4cbb-953e-71eaca8ac837,2025-03-18T11:00:00,ENERGYMETER,21065.57,kWh
a126ebe4-2cca-4cbb-953e-71eaca8ac837,2025-03-18T12:00:00,ENERGYMETER,21065.62,kWh
a126ebe4-2cca-4cbb-953e-71eaca8ac837,2025-03-18T13:00:00,ENERGYMETER,21065.68,kWh
a126ebe4-2cca-4cbb-953e-71eaca8ac837,2025-03-18T14:00:00,ENERGYMETER,21065.73,kWh
a126ebe4-2cca-4cbb-953e-71eaca8ac837,2025-03-18T15:00:00,ENERGYMETER,21065.78,kWh
a126ebe4-2cca-4cbb-953e-71eaca8ac837,2025-03-18T16:00:00,ENERGYMETER,21065.82,kWh
a126ebe4-2cca-4cbb-953e-71eaca8ac837,2025-03-18T17:00:00,ENERGYMETER,21065.87,kWh
a126ebe4-2cca-4cbb-953e-71eaca8ac837,2025-03-18T18:00:00,ENERGYMETER,21066.13,kWh
a126ebe4-2cca-4cbb-953e-71eaca8ac837,2025-03-18T19:00:00,ENERGYMETER,21070.59,kWh
a126ebe4-2cca-4cbb-953e-71eaca8ac837,2025-03-18T20:00:00,ENERGYMETER,21076.38,kWh
a126ebe4-2cca-4cbb-953e-71eaca8ac837,2025-03-18T21:00:00,ENERGYMETER,21082.18,kWh
a126ebe4-2cca-4cbb-953e-71eaca8ac837,2025-03-18T22:00:00,ENERGYMETER,21087.96,kWh
a126ebe4-2cca-4cbb-953e-71eaca8ac837,2025-03-18T23:00:00,ENERGYMETER,21092.3,kWh
a126ebe4-2cca-4cbb-953e-71eaca8ac837,2025-03-19T00:00:00,ENERGYMETER,21096.09,kWh
a126ebe4-2cca-4cbb-953e-71eaca8ac837,2025-03-19T01:00:00,ENERGYMETER,21099.88,kWh
a126ebe4-2cca-4cbb-953e-71eaca8ac837,2025-03-19T02:00:00,ENERGYMETER,21103.65,kWh
a126ebe4-2cca-4cbb-953e-71eaca8ac837,2025-03-19T03:00:00,ENERGYMETER,21107.43,kWh
a126ebe4-2cca-4cbb-953e-71eaca8ac837,2025-03-19T04:00:00,ENERGYMETER,21111.21,kWh
a126ebe4-2cca-4cbb-953e-71eaca8ac837,2025-03-19T05:00:00,ENERGYMETER,21115.02,kWh
a126ebe4-2cca-4cbb-953e-71eaca8ac837,2025-03-19T06:00:00,ENERGYMETER,21118.84,kWh
a126ebe4-2cca-4cbb-953e-71eaca8ac837,2025-03-19T07:00:00,ENERGYMETER,21119.91,kWh
a126ebe4-2cca-4cbb-953e-71eaca8ac837,2025-03-19T08:00:00,ENERGYMETER,21120.25,kWh
a126ebe4-2cca-4cbb-953e-71eaca8ac837,2025-03-19T09:00:00,ENERGYMETER,21120.47,kWh
a126ebe4-2cca-4cbb-953e-71eaca8ac837,2025-03-19T10:00:00,ENERGYMETER,21120.5,kWh
a126ebe4-2cca-4cbb-953e-71eaca8ac837,2025-03-19T11:00:00,ENERGYMETER,21120.58,kWh
a126ebe4-2cca-4cbb-953e-71eaca8ac837,2025-03-19T12:00:00,ENERGYMETER,21120.64,kWh
a126ebe4-2cca-4cbb-953e-71eaca8ac837,2025-03-19T13:00:00,ENERGYMETER,21120.71,kWh
a126ebe4-2cca-4cbb-953e-71eaca8ac837,2025-03-19T14:00:00,ENERGYMETER,21120.78,kWh
a126ebe4-2cca-4cbb-953e-71eaca8ac837,2025-03-19T15:00:00,ENERGYMETER,21120.83,kWh
a126ebe4-2cca-4cbb-953e-71eaca8ac837,2025-03-19T16:00:00,ENERGYMETER,21120.88,kWh
a126ebe4-2cca-4cbb-953e-71eaca8ac837,2025-03-19T17:00:00,ENERGYMETER,21120.93,kWh
a126ebe4-2cca-4cbb-953e-71eaca8ac837,2025-03-19T18:00:00,ENERGYMETER,21121.14,kWh
a126ebe4-2cca-4cbb-953e-71eaca8ac837,2025-03-19T19:00:00,ENERGYMETER,21123.69,kWh
a126ebe4-2cca-4cbb-953e-71eaca8ac837,2025-03-19T20:00:00,ENERGYMETER,21127.42,kWh
a126ebe4-2cca-4cbb-953e-71eaca8ac837,2025-03-19T21:00:00,ENERGYMETER,21133.2,kWh
a126ebe4-2cca-4cbb-953e-71eaca8ac837,2025-03-19T22:00:00,ENERGYMETER,21138.95,kWh
a126ebe4-2cca-4cbb-953e-71eaca8ac837,2025-03-19T23:00:00,ENERGYMETER,21143.87,kWh
a126ebe4-2cca-4cbb-953e-71eaca8ac837,2025-03-20T00:00:00,ENERGYMETER,21148.38,kWh
a126ebe4-2cca-4cbb-953e-71eaca8ac837,2025-03-20T01:00:00,ENERGYMETER,21152.24,kWh
a126ebe4-2cca-4cbb-953e-71eaca8ac837,2025-03-20T02:00:00,ENERGYMETER,21156.07,kWh
a126ebe4-2cca-4cbb-953e-71eaca8ac837,2025-03-20T03:00:00,ENERGYMETER,21159.91,kWh
a126ebe4-2cca-4cbb-953e-71eaca8ac837,2025-03-20T04:00:00,ENERGYMETER,21163.75,kWh
a126ebe4-2cca-4cbb-953e-71eaca8ac837,2025-03-20T05:00:00,ENERGYMETER,21167.61,kWh
a126ebe4-2cca-4cbb-953e-71eaca8ac837,2025-03-20T06:00:00,ENERGYMETER,21171.45,kWh
a126ebe4-2cca-4cbb-953e-71eaca8ac837,2025-03-20T07:00:00,ENERGYMETER,21172.47,kWh
a126ebe4-2cca-4cbb-953e-71eaca8ac837,2025-03-20T08:00:00,ENERGYMETER,21172.83,kWh
a126ebe4-2cca-4cbb-953e-71eaca8ac837,2025-03-20T09:00:00,ENERGYMETER,21172.99,kWh
a126ebe4-2cca-4cbb-953e-71eaca8ac837,2025-03-20T10:00:00,ENERGYMETER,21173.04,kWh
a126ebe4-2cca-4cbb-953e-71eaca8ac837,2025-03-20T11:00:00,ENERGYMETER,21173.13,kWh
a126ebe4-2cca-4cbb-953e-71eaca8ac837,2025-03-20T12:00:00,ENERGYMETER,21173.21,kWh
a126ebe4-2cca-4cbb-953e-71eaca8ac837,2025-03-20T13:00:00,ENERGYMETER,21173.26,kWh
a126ebe4-2cca-4cbb-953e-71eaca8ac837,2025-03-20T14:00:00,ENERGYMETER,21173.33,kWh
a126ebe4-2cca-4cbb-953e-71eaca8ac837,2025-03-20T15:00:00,ENERGYMETER,21173.38,kWh
a126ebe4-2cca-4cbb-953e-71eaca8ac837,2025-03-20T16:00:00,ENERGYMETER,21173.44,kWh
a126ebe4-2cca-4cbb-953e-71eaca8ac837,2025-03-20T17:00:00,ENERGYMETER,21173.49,kWh
a126ebe4-2cca-4cbb-953e-71eaca8ac837,2025-03-20T18:00:00,ENERGYMETER,21173.82,kWh
a126ebe4-2cca-4cbb-953e-71eaca8ac837,2025-03-20T19:00:00,ENERGYMETER,21178.13,kWh
a126ebe4-2cca-4cbb-953e-71eaca8ac837,2025-03-20T20:00:00,ENERGYMETER,21183.89,kWh
a126ebe4-2cca-4cbb-953e-71eaca8ac837,2025-03-20T21:00:00,ENERGYMETER,21189.64,kWh
a126ebe4-2cca-4cbb-953e-71eaca8ac837,2025-03-20T22:00:00,ENERGYMETER,21195.37,kWh
a126ebe4-2cca-4cbb-953e-71eaca8ac837,2025-03-20T23:00:00,ENERGYMETER,21199.55,kWh
a126ebe4-2cca-4cbb-953e-71eaca8ac837,2025-03-21T00:00:00,ENERGYMETER,21203.4,kWh
a126ebe4-2cca-4cbb-953e-71eaca8ac837,2025-03-21T01:00:00,ENERGYMETER,21207.23,kWh
a126ebe4-2cca-4cbb-953e-71eaca8ac837,2025-03-21T02:00:00,ENERGYMETER,21211.06,kWh
a126ebe4-2cca-4cbb-953e-71eaca8ac837,2025-03-21T03:00:00,ENERGYMETER,21214.9,kWh
a126ebe4-2cca-4cbb-953e-71eaca8ac837,2025-03-21T04:00:00,ENERGYMETER,21218.74,kWh
a126ebe4-2cca-4cbb-953e-71eaca8ac837,2025-03-21T05:00:00,ENERGYMETER,21222.62,kWh
a126ebe4-2cca-4cbb-953e-71eaca8ac837,2025-03-21T06:00:00,ENERGYMETER,21226.52,kWh
a126ebe4-2cca-4cbb-953e-71eaca8ac837,2025-03-21T07:00:00,ENERGYMETER,21227.58,kWh
a126ebe4-2cca-4cbb-953e-71eaca8ac837,2025-03-21T08:00:00,ENERGYMETER,21227.95,kWh
a126ebe4-2cca-4cbb-953e-71eaca8ac837,2025-03-21T09:00:00,ENERGYMETER,21228.2,kWh
a126ebe4-2cca-4cbb-953e-71eaca8ac837,2025-03-21T10:00:00,ENERGYMETER,21228.56,kWh
a126ebe4-2cca-4cbb-953e-71eaca8ac837,2025-03-21T11:00:00,ENERGYMETER,21228.94,kWh
a126ebe4-2cca-4cbb-953e-71eaca8ac837,2025-03-21T12:00:00,ENERGYMETER,21229.29,kWh
a126ebe4-2cca-4cbb-953e-71eaca8ac837,2025-03-21T13:00:00,ENERGYMETER,21229.34,kWh
a126ebe4-2cca-4cbb-953e-71eaca8ac837,2025-03-21T14:00:00,ENERGYMETER,21229.4,kWh
a126ebe4-2cca-4cbb-953e-71eaca8ac837,2025-03-21T15:00:00,ENERGYMETER,21229.49,kWh
a126ebe4-2cca-4cbb-953e-71eaca8ac837,2025-03-21T16:00:00,ENERGYMETER,21229.67,kWh
a126ebe4-2cca-4cbb-953e-71eaca8ac837,2025-03-21T17:00:00,ENERGYMETER,21229.78,kWh
a126ebe4-2cca-4cbb-953e-71eaca8ac837,2025-03-21T18:00:00,ENERGYMETER,21230.2,kWh
a126ebe4-2cca-4cbb-953e-71eaca8ac837,2025-03-21T19:00:00,ENERGYMETER,21234.41,kWh
a126ebe4-2cca-4cbb-953e-71eaca8ac837,2025-03-21T20:00:00,ENERGYMETER,21240.21,kWh
a126ebe4-2cca-4cbb-953e-71eaca8ac837,2025-03-21T21:00:00,ENERGYMETER,21245.99,kWh
a126ebe4-2cca-4cbb-953e-71eaca8ac837,2025-03-21T22:00:00,ENERGYMETER,21251.79,kWh
a126ebe4-2cca-4cbb-953e-71eaca8ac837,2025-03-21T23:00:00,ENERGYMETER,21255.93,kWh
a126ebe4-2cca-4cbb-953e-71eaca8ac837,2025-03-22T00:00:00,ENERGYMETER,21259.73,kWh
a126ebe4-2cca-4cbb-953e-71eaca8ac837,2025-03-22T01:00:00,ENERGYMETER,21263.49,kWh
a126ebe4-2cca-4cbb-953e-71eaca8ac837,2025-03-22T02:00:00,ENERGYMETER,21267.26,kWh
a126ebe4-2cca-4cbb-953e-71eaca8ac837,2025-03-22T03:00:00,ENERGYMETER,21271.04,kWh
a126ebe4-2cca-4cbb-953e-71eaca8ac837,2025-03-22T04:00:00,ENERGYMETER,21274.81,kWh
a126ebe4-2cca-4cbb-953e-71eaca8ac837,2025-03-22T05:00:00,ENERGYMETER,21278.62,kWh
a126ebe4-2cca-4cbb-953e-71eaca8ac837,2025-03-22T06:00:00,ENERGYMETER,21282.43,kWh
a126ebe4-2cca-4cbb-953e-71eaca8ac837,2025-03-22T07:00:00,ENERGYMETER,21283.39,kWh
a126ebe4-2cca-4cbb-953e-71eaca8ac837,2025-03-22T08:00:00,ENERGYMETER,21283.67,kWh
a126ebe4-2cca-4cbb-953e-71eaca8ac837,2025-03-22T09:00:00,ENERGYMETER,21283.69,kWh
a126ebe4-2cca-4cbb-953e-71eaca8ac837,2025-03-22T10:00:00,ENERGYMETER,21283.73,kWh
a126ebe4-2cca-4cbb-953e-71eaca8ac837,2025-03-22T11:00:00,ENERGYMETER,21283.79,kWh
a126ebe4-2cca-4cbb-953e-71eaca8ac837,2025-03-22T12:00:00,ENERGYMETER,21283.87,kWh
a126ebe4-2cca-4cbb-953e-71eaca8ac837,2025-03-22T13:00:00,ENERGYMETER,21283.92,kWh
a126ebe4-2cca-4cbb-953e-71eaca8ac837,2025-03-22T14:00:00,ENERGYMETER,21283.98,kWh
a126ebe4-2cca-4cbb-953e-71eaca8ac837,2025-03-22T15:00:00,ENERGYMETER,21284.08,kWh
a126ebe4-2cca-4cbb-953e-71eaca8ac837,2025-03-22T16:00:00,ENERGYMETER,21284.14,kWh
a126ebe4-2cca-4cbb-953e-71eaca8ac837,2025-03-22T17:00:00,ENERGYMETER,21284.2,kWh
a126ebe4-2cca-4cbb-953e-71eaca8ac837,2025-03-22T18:00:00,ENERGYMETER,21284.47,kWh
a126ebe4-2cca-4cbb-953e-71eaca8ac837,2025-03-22T19:00:00,ENERGYMETER,21288.43,kWh
a126ebe4-2cca-4cbb-953e-71eaca8ac837,2025-03-22T20:00:00,ENERGYMETER,21294.22,kWh
a126ebe4-2cca-4cbb-953e-71eaca8ac837,2025-03-22T21:00:00,ENERGYMETER,21299.99,kWh
a126ebe4-2cca-4cbb-953e-71eaca8ac837,2025-03-22T22:00:00,ENERGYMETER,21305.78,kWh
a126ebe4-2cca-4cbb-953e-71eaca8ac837,2025-03-22T23:00:00,ENERGYMETER,21310.01,kWh
a126ebe4-2cca-4cbb-953e-71eaca8ac837,2025-03-23T00:00:00,ENERGYMETER,21313.8,kWh
a126ebe4-2cca-4cbb-953e-71eaca8ac837,2025-03-23T01:00:00,ENERGYMETER,21317.6,kWh
a126ebe4-2cca-4cbb-953e-71eaca8ac837,2025-03-23T02:00:00,ENERGYMETER,21321.37,kWh
a126ebe4-2cca-4cbb-953e-71eaca8ac837,2025-03-23T03:00:00,ENERGYMETER,21325.14,kWh
a126ebe4-2cca-4cbb-953e-71eaca8ac837,2025-03-23T04:00:00,ENERGYMETER,21328.92,kWh
a126ebe4-2cca-4cbb-953e-71eaca8ac837,2025-03-23T05:00:00,ENERGYMETER,21332.74,kWh
a126ebe4-2cca-4cbb-953e-71eaca8ac837,2025-03-23T06:00:00,ENERGYMETER,21336.57,kWh
a126ebe4-2cca-4cbb-953e-71eaca8ac837,2025-03-23T07:00:00,ENERGYMETER,21337.04,kWh
a126ebe4-2cca-4cbb-953e-71eaca8ac837,2025-03-23T08:00:00,ENERGYMETER,21337.39,kWh
a126ebe4-2cca-4cbb-953e-71eaca8ac837,2025-03-23T09:00:00,ENERGYMETER,21337.62,kWh
a126ebe4-2cca-4cbb-953e-71eaca8ac837,2025-03-23T10:00:00,ENERGYMETER,21337.66,kWh
a126ebe4-2cca-4cbb-953e-71eaca8ac837,2025-03-23T11:00:00,ENERGYMETER,21337.71,kWh
a126ebe4-2cca-4cbb-953e-71eaca8ac837,2025-03-23T12:00:00,ENERGYMETER,21337.77,kWh
a126ebe4-2cca-4cbb-953e-71eaca8ac837,2025-03-23T13:00:00,ENERGYMETER,21337.83,kWh
a126ebe4-2cca-4cbb-953e-71eaca8ac837,2025-03-23T14:00:00,ENERGYMETER,21337.88,kWh
a126ebe4-2cca-4cbb-953e-71eaca8ac837,2025-03-23T15:00:00,ENERGYMETER,21337.92,kWh
a126ebe4-2cca-4cbb-953e-71eaca8ac837,2025-03-23T16:00:00,ENERGYMETER,21337.96,kWh
a126ebe4-2cca-4cbb-953e-71eaca8ac837,2025-03-23T17:00:00,ENERGYMETER,21338.26,kWh
a126ebe4-2cca-4cbb-953e-71eaca8ac837,2025-03-23T18:00:00,ENERGYMETER,21338.64,kWh
a126ebe4-2cca-4cbb-953e-71eaca8ac837,2025-03-23T19:00:00,ENERGYMETER,21342.49,kWh
a126ebe4-2cca-4cbb-953e-71eaca8ac837,2025-03-23T20:00:00,ENERGYMETER,21348.29,kWh
a126ebe4-2cca-4cbb-953e-71eaca8ac837,2025-03-23T21:00:00,ENERGYMETER,21354.07,kWh
a126ebe4-2cca-4cbb-953e-71eaca8ac837,2025-03-23T22:00:00,ENERGYMETER,21359.83,kWh
a126ebe4-2cca-4cbb-953e-71eaca8ac837,2025-03-23T23:00:00,ENERGYMETER,21364.0,kWh
a126ebe4-2cca-4cbb-953e-71eaca8ac837,2025-03-24T00:00:00,ENERGYMETER,21367.79,kWh
a126ebe4-2cca-4cbb-953e-71eaca8ac837,2025-03-24T01:00:00,ENERGYMETER,21371.57,kWh
a126ebe4-2cca-4cbb-953e-71eaca8ac837,2025-03-24T02:00:00,ENERGYMETER,21375.34,kWh
a126ebe4-2cca-4cbb-953e-71eaca8ac837,2025-03-24T03:00:00,ENERGYMETER,21379.11,kWh
a126ebe4-2cca-4cbb-953e-71eaca8ac837,2025-03-24T04:00:00,ENERGYMETER,21382.88,kWh
a126ebe4-2cca-4cbb-953e-71eaca8ac837,2025-03-24T05:00:00,ENERGYMETER,21386.68,kWh
a126ebe4-2cca-4cbb-953e-71eaca8ac837,2025-03-24T06:00:00,ENERGYMETER,21390.5,kWh
a126ebe4-2cca-4cbb-953e-71eaca8ac837,2025-03-24T07:00:00,ENERGYMETER,21390.92,kWh
a126ebe4-2cca-4cbb-953e-71eaca8ac837,2025-03-24T08:00:00,ENERGYMETER,21391.26,kWh
a126ebe4-2cca-4cbb-953e-71eaca8ac837,2025-03-24T09:00:00,ENERGYMETER,21391.61,kWh
a126ebe4-2cca-4cbb-953e-71eaca8ac837,2025-03-24T10:00:00,ENERGYMETER,21391.99,kWh
a126ebe4-2cca-4cbb-953e-71eaca8ac837,2025-03-24T11:00:00,ENERGYMETER,21392.38,kWh
a126ebe4-2cca-4cbb-953e-71eaca8ac837,2025-03-24T12:00:00,ENERGYMETER,21392.6,kWh
a126ebe4-2cca-4cbb-953e-71eaca8ac837,2025-03-24T13:00:00,ENERGYMETER,21392.67,kWh
a126ebe4-2cca-4cbb-953e-71eaca8ac837,2025-03-24T14:00:00,ENERGYMETER,21393.05,kWh
a126ebe4-2cca-4cbb-953e-71eaca8ac837,2025-03-24T15:00:00,ENERGYMETER,21393.2,kWh
a126ebe4-2cca-4cbb-953e-71eaca8ac837,2025-03-24T16:00:00,ENERGYMETER,21393.26,kWh
a126ebe4-2cca-4cbb-953e-71eaca8ac837,2025-03-24T17:00:00,ENERGYMETER,21393.32,kWh
a126ebe4-2cca-4cbb-953e-71eaca8ac837,2025-03-24T18:00:00,ENERGYMETER,21393.71,kWh
a126ebe4-2cca-4cbb-953e-71eaca8ac837,2025-03-24T19:00:00,ENERGYMETER,21397.44,kWh
a126ebe4-2cca-4cbb-953e-71eaca8ac837,2025-03-24T20:00:00,ENERGYMETER,21403.25,kWh
a126ebe4-2cca-4cbb-953e-71eaca8ac837,2025-03-24T21:00:00,ENERGYMETER,21409.02,kWh
a126ebe4-2cca-4cbb-953e-71eaca8ac837,2025-03-24T22:00:00,ENERGYMETER,21414.78,kWh
a126ebe4-2cca-4cbb-953e-71eaca8ac837,2025-03-24T23:00:00,ENERGYMETER,21419.07,kWh
a126ebe4-2cca-4cbb-953e-71eaca8ac837,2025-03-25T00:00:00,ENERGYMETER,21422.86,kWh
a126ebe4-2cca-4cbb-953e-71eaca8ac837,2025-03-25T01:00:00,ENERGYMETER,21426.63,kWh
a126ebe4-2cca-4cbb-953e-71eaca8ac837,2025-03-25T02:00:00,ENERGYMETER,21430.4,kWh
a126ebe4-2cca-4cbb-953e-71eaca8ac837,2025-03-25T03:00:00,ENERGYMETER,21434.17,kWh
a126ebe4-2cca-4cbb-953e-71eaca8ac837,2025-03-25T04:00:00,ENERGYMETER,21437.93,kWh
a126ebe4-2cca-4cbb-953e-71eaca8ac837,2025-03-25T05:00:00,ENERGYMETER,21441.73,kWh
a126ebe4-2cca-4cbb-953e-71eaca8ac837,2025-03-25T06:00:00,ENERGYMETER,21445.54,kWh
a126ebe4-2cca-4cbb-953e-71eaca8ac837,2025-03-25T07:00:00,ENERGYMETER,21445.92,kWh
a126ebe4-2cca-4cbb-953e-71eaca8ac837,2025-03-25T08:00:00,ENERGYMETER,21446.26,kWh
a126ebe4-2cca-4cbb-953e-71eaca8ac837,2025-03-25T09:00:00,ENERGYMETER,21446.48,kWh
a126ebe4-2cca-4cbb-953e-71eaca8ac837,2025-03-25T10:00:00,ENERGYMETER,21446.8,kWh
a126ebe4-2cca-4cbb-953e-71eaca8ac837,2025-03-25T11:00:00,ENERGYMETER,21446.91,kWh
a126ebe4-2cca-4cbb-953e-71eaca8ac837,2025-03-25T12:00:00,ENERGYMETER,21446.99,kWh
a126ebe4-2cca-4cbb-953e-71eaca8ac837,2025-03-25T13:00:00,ENERGYMETER,21447.03,kWh
a126ebe4-2cca-4cbb-953e-71eaca8ac837,2025-03-25T14:00:00,ENERGYMETER,21447.08,kWh
a126ebe4-2cca-4cbb-953e-71eaca8ac837,2025-03-25T15:00:00,ENERGYMETER,21447.14,kWh
a126ebe4-2cca-4cbb-953e-71eaca8ac837,2025-03-25T16:00:00,ENERGYMETER,21447.19,kWh
a126ebe4-2cca-4cbb-953e-71eaca8ac837,2025-03-25T17:00:00,ENERGYMETER,21447.49,kWh
a126ebe4-2cca-4cbb-953e-71eaca8ac837,2025-03-25T18:00:00,ENERGYMETER,21447.9,kWh
a126ebe4-2cca-4cbb-953e-71eaca8ac837,2025-03-25T19:00:00,ENERGYMETER,21451.56,kWh
a126ebe4-2cca-4cbb-953e-71eaca8ac837,2025-03-25T20:00:00,ENERGYMETER,21457.36,kWh
a126ebe4-2cca-4cbb-953e-71eaca8ac837,2025-03-25T21:00:00,ENERGYMETER,21463.13,kWh
a126ebe4-2cca-4cbb-953e-71eaca8ac837,2025-03-25T22:00:00,ENERGYMETER,21468.89,kWh
a126ebe4-2cca-4cbb-953e-71eaca8ac837,2025-03-25T23:00:00,ENERGYMETER,21473.16,kWh
a126ebe4-2cca-4cbb-953e-71eaca8ac837,2025-03-26T00:00:00,ENERGYMETER,21476.95,kWh
a126ebe4-2cca-4cbb-953e-71eaca8ac837,2025-03-26T01:00:00,ENERGYMETER,21480.73,kWh
a126ebe4-2cca-4cbb-953e-71eaca8ac837,2025-03-26T02:00:00,ENERGYMETER,21484.51,kWh
a126ebe4-2cca-4cbb-953e-71eaca8ac837,2025-03-26T03:00:00,ENERGYMETER,21488.28,kWh
a126ebe4-2cca-4cbb-953e-71eaca8ac837,2025-03-26T04:00:00,ENERGYMETER,21492.05,kWh
a126ebe4-2cca-4cbb-953e-71eaca8ac837,2025-03-26T05:00:00,ENERGYMETER,21495.86,kWh
a126ebe4-2cca-4cbb-953e-71eaca8ac837,2025-03-26T06:00:00,ENERGYMETER,21499.63,kWh
a126ebe4-2cca-4cbb-953e-71eaca8ac837,2025-03-26T07:00:00,ENERGYMETER,21499.99,kWh
a126ebe4-2cca-4cbb-953e-71eaca8ac837,2025-03-26T08:00:00,ENERGYMETER,21500.33,kWh
a126ebe4-2cca-4cbb-953e-71eaca8ac837,2025-03-26T09:00:00,ENERGYMETER,21500.7,kWh
a126ebe4-2cca-4cbb-953e-71eaca8ac837,2025-03-26T10:00:00,ENERGYMETER,21501.04,kWh
a126ebe4-2cca-4cbb-953e-71eaca8ac837,2025-03-26T11:00:00,ENERGYMETER,21501.41,kWh
a126ebe4-2cca-4cbb-953e-71eaca8ac837,2025-03-26T12:00:00,ENERGYMETER,21501.5,kWh
a126ebe4-2cca-4cbb-953e-71eaca8ac837,2025-03-26T13:00:00,ENERGYMETER,21501.55,kWh
a126ebe4-2cca-4cbb-953e-71eaca8ac837,2025-03-26T14:00:00,ENERGYMETER,21501.8,kWh
a126ebe4-2cca-4cbb-953e-71eaca8ac837,2025-03-26T15:00:00,ENERGYMETER,21501.85,kWh
a126ebe4-2cca-4cbb-953e-71eaca8ac837,2025-03-26T16:00:00,ENERGYMETER,21501.89,kWh
a126ebe4-2cca-4cbb-953e-71eaca8ac837,2025-03-26T17:00:00,ENERGYMETER,21502.28,kWh
a126ebe4-2cca-4cbb-953e-71eaca8ac837,2025-03-26T18:00:00,ENERGYMETER,21502.65,kWh
a126ebe4-2cca-4cbb-953e-71eaca8ac837,2025-03-26T19:00:00,ENERGYMETER,21506.2,kWh
a126ebe4-2cca-4cbb-953e-71eaca8ac837,2025-03-26T20:00:00,ENERGYMETER,21511.99,kWh
a126ebe4-2cca-4cbb-953e-71eaca8ac837,2025-03-26T21:00:00,ENERGYMETER,21517.76,kWh
a126ebe4-2cca-4cbb-953e-71eaca8ac837,2025-03-26T22:00:00,ENERGYMETER,21523.52,kWh
a126ebe4-2cca-4cbb-953e-71eaca8ac837,2025-03-26T23:00:00,ENERGYMETER,21527.76,kWh
a126ebe4-2cca-4cbb-953e-71eaca8ac837,2025-03-27T00:00:00,ENERGYMETER,21531.55,kWh
a126ebe4-2cca-4cbb-953e-71eaca8ac837,2025-03-27T01:00:00,ENERGYMETER,21535.32,kWh
a126ebe4-2cca-4cbb-953e-71eaca8ac837,2025-03-27T02:00:00,ENERGYMETER,21539.09,kWh
a126ebe4-2cca-4cbb-953e-71eaca8ac837,2025-03-27T03:00:00,ENERGYMETER,21542.86,kWh
a126ebe4-2cca-4cbb-953e-71eaca8ac837,2025-03-27T04:00:00,ENERGYMETER,21546.63,kWh
a126ebe4-2cca-4cbb-953e-71eaca8ac837,2025-03-27T05:00:00,ENERGYMETER,21550.43,kWh
a126ebe4-2cca-4cbb-953e-71eaca8ac837,2025-03-27T06:00:00,ENERGYMETER,21554.15,kWh
a126ebe4-2cca-4cbb-953e-71eaca8ac837,2025-03-27T07:00:00,ENERGYMETER,21554.49,kWh
a126ebe4-2cca-4cbb-953e-71eaca8ac837,2025-03-27T08:00:00,ENERGYMETER,21554.83,kWh
a126ebe4-2cca-4cbb-953e-71eaca8ac837,2025-03-27T09:00:00,ENERGYMETER,21555.18,kWh
a126ebe4-2cca-4cbb-953e-71eaca8ac837,2025-03-27T10:00:00,ENERGYMETER,21555.56,kWh
a126ebe4-2cca-4cbb-953e-71eaca8ac837,2025-03-27T11:00:00,ENERGYMETER,21555.98,kWh
a126ebe4-2cca-4cbb-953e-71eaca8ac837,2025-03-27T12:00:00,ENERGYMETER,21556.35,kWh
a126ebe4-2cca-4cbb-953e-71eaca8ac837,2025-03-27T13:00:00,ENERGYMETER,21556.71,kWh
a126ebe4-2cca-4cbb-953e-71eaca8ac837,2025-03-27T14:00:00,ENERGYMETER,21557.09,kWh
a126ebe4-2cca-4cbb-953e-71eaca8ac837,2025-03-27T15:00:00,ENERGYMETER,21557.45,kWh
a126ebe4-2cca-4cbb-953e-71eaca8ac837,2025-03-27T16:00:00,ENERGYMETER,21557.82,kWh
a126ebe4-2cca-4cbb-953e-71eaca8ac837,2025-03-27T17:00:00,ENERGYMETER,21558.19,kWh
a126ebe4-2cca-4cbb-953e-71eaca8ac837,2025-03-27T18:00:00,ENERGYMETER,21558.55,kWh
a126ebe4-2cca-4cbb-953e-71eaca8ac837,2025-03-27T19:00:00,ENERGYMETER,21562.04,kWh
a126ebe4-2cca-4cbb-953e-71eaca8ac837,2025-03-27T20:00:00,ENERGYMETER,21567.85,kWh
a126ebe4-2cca-4cbb-953e-71eaca8ac837,2025-03-27T21:00:00,ENERGYMETER,21573.62,kWh
a126ebe4-2cca-4cbb-953e-71eaca8ac837,2025-03-27T22:00:00,ENERGYMETER,21579.37,kWh
a126ebe4-2cca-4cbb-953e-71eaca8ac837,2025-03-27T23:00:00,ENERGYMETER,21583.6,kWh
a126ebe4-2cca-4cbb-953e-71eaca8ac837,2025-03-28T00:00:00,ENERGYMETER,21587.39,kWh
a126ebe4-2cca-4cbb-953e-71eaca8ac837,2025-03-28T01:00:00,ENERGYMETER,21591.16,kWh
a126ebe4-2cca-4cbb-953e-71eaca8ac837,2025-03-28T02:00:00,ENERGYMETER,21594.92,kWh
a126ebe4-2cca-4cbb-953e-71eaca8ac837,2025-03-28T03:00:00,ENERGYMETER,21598.69,kWh
a126ebe4-2cca-4cbb-953e-71eaca8ac837,2025-03-28T04:00:00,ENERGYMETER,21602.45,kWh
a126ebe4-2cca-4cbb-953e-71eaca8ac837,2025-03-28T05:00:00,ENERGYMETER,21606.26,kWh
a126ebe4-2cca-4cbb-953e-71eaca8ac837,2025-03-28T06:00:00,ENERGYMETER,21609.92,kWh
a126ebe4-2cca-4cbb-953e-71eaca8ac837,2025-03-28T07:00:00,ENERGYMETER,21610.27,kWh
a126ebe4-2cca-4cbb-953e-71eaca8ac837,2025-03-28T08:00:00,ENERGYMETER,21610.61,kWh
a126ebe4-2cca-4cbb-953e-71eaca8ac837,2025-03-28T09:00:00,ENERGYMETER,21610.98,kWh
a126ebe4-2cca-4cbb-953e-71eaca8ac837,2025-03-28T10:00:00,ENERGYMETER,21611.34,kWh
a126ebe4-2cca-4cbb-953e-71eaca8ac837,2025-03-28T11:00:00,ENERGYMETER,21611.69,kWh
a126ebe4-2cca-4cbb-953e-71eaca8ac837,2025-03-28T12:00:00,ENERGYMETER,21612.06,kWh
a126ebe4-2cca-4cbb-953e-71eaca8ac837,2025-03-28T13:00:00,ENERGYMETER,21612.14,kWh
a126ebe4-2cca-4cbb-953e-71eaca8ac837,2025-03-28T14:00:00,ENERGYMETER,21612.18,kWh
a126ebe4-2cca-4cbb-953e-71eaca8ac837,2025-03-28T15:00:00,ENERGYMETER,21612.23,kWh
a126ebe4-2cca-4cbb-953e-71eaca8ac837,2025-03-28T16:00:00,ENERGYMETER,21612.28,kWh
a126ebe4-2cca-4cbb-953e-71eaca8ac837,2025-03-28T17:00:00,ENERGYMETER,21612.35,kWh
a126ebe4-2cca-4cbb-953e-71eaca8ac837,2025-03-28T18:00:00,ENERGYMETER,21612.56,kWh
a126ebe4-2cca-4cbb-953e-71eaca8ac837,2025-03-28T19:00:00,ENERGYMETER,21615.97,kWh
a126ebe4-2cca-4cbb-953e-71eaca8ac837,2025-03-28T20:00:00,ENERGYMETER,21621.79,kWh
a126ebe4-2cca-4cbb-953e-71eaca8ac837,2025-03-28T21:00:00,ENERGYMETER,21627.6,kWh
a126ebe4-2cca-4cbb-953e-71eaca8ac837,2025-03-28T22:00:00,ENERGYMETER,21633.36,kWh
a126ebe4-2cca-4cbb-953e-71eaca8ac837,2025-03-28T23:00:00,ENERGYMETER,21637.61,kWh
a126ebe4-2cca-4cbb-953e-71eaca8ac837,2025-03-29T01:00:00,ENERGYMETER,21645.19,kWh
a126ebe4-2cca-4cbb-953e-71eaca8ac837,2025-03-29T02:00:00,ENERGYMETER,21648.97,kWh
a126ebe4-2cca-4cbb-953e-71eaca8ac837,2025-03-29T03:00:00,ENERGYMETER,21652.74,kWh
a126ebe4-2cca-4cbb-953e-71eaca8ac837,2025-03-29T04:00:00,ENERGYMETER,21656.52,kWh
a126ebe4-2cca-4cbb-953e-71eaca8ac837,2025-03-29T05:00:00,ENERGYMETER,21660.34,kWh
a126ebe4-2cca-4cbb-953e-71eaca8ac837,2025-03-29T06:00:00,ENERGYMETER,21663.95,kWh
a126ebe4-2cca-4cbb-953e-71eaca8ac837,2025-03-29T07:00:00,ENERGYMETER,21664.28,kWh
a126ebe4-2cca-4cbb-953e-71eaca8ac837,2025-03-29T08:00:00,ENERGYMETER,21664.56,kWh
a126ebe4-2cca-4cbb-953e-71eaca8ac837,2025-03-29T09:00:00,ENERGYMETER,21664.6,kWh
a126ebe4-2cca-4cbb-953e-71eaca8ac837,2025-03-29T10:00:00,ENERGYMETER,21664.63,kWh
a126ebe4-2cca-4cbb-953e-71eaca8ac837,2025-03-29T11:00:00,ENERGYMETER,21664.68,kWh
a126ebe4-2cca-4cbb-953e-71eaca8ac837,2025-03-29T12:00:00,ENERGYMETER,21664.74,kWh
a126ebe4-2cca-4cbb-953e-71eaca8ac837,2025-03-29T13:00:00,ENERGYMETER,21664.79,kWh
a126ebe4-2cca-4cbb-953e-71eaca8ac837,2025-03-29T14:00:00,ENERGYMETER,21664.84,kWh
a126ebe4-2cca-4cbb-953e-71eaca8ac837,2025-03-29T15:00:00,ENERGYMETER,21664.88,kWh
a126ebe4-2cca-4cbb-953e-71eaca8ac837,2025-03-29T16:00:00,ENERGYMETER,21664.93,kWh
a126ebe4-2cca-4cbb-953e-71eaca8ac837,2025-03-29T17:00:00,ENERGYMETER,21665.01,kWh
a126ebe4-2cca-4cbb-953e-71eaca8ac837,2025-03-29T18:00:00,ENERGYMETER,21665.13,kWh
a126ebe4-2cca-4cbb-953e-71eaca8ac837,2025-03-29T19:00:00,ENERGYMETER,21668.24,kWh
a126ebe4-2cca-4cbb-953e-71eaca8ac837,2025-03-29T20:00:00,ENERGYMETER,21674.05,kWh
a126ebe4-2cca-4cbb-953e-71eaca8ac837,2025-03-29T21:00:00,ENERGYMETER,21679.85,kWh
a126ebe4-2cca-4cbb-953e-71eaca8ac837,2025-03-29T22:00:00,ENERGYMETER,21685.65,kWh
a126ebe4-2cca-4cbb-953e-71eaca8ac837,2025-03-29T23:00:00,ENERGYMETER,21689.97,kWh
a126ebe4-2cca-4cbb-953e-71eaca8ac837,2025-03-30T00:00:00,ENERGYMETER,21693.77,kWh
a126ebe4-2cca-4cbb-953e-71eaca8ac837,2025-03-30T01:00:00,ENERGYMETER,21697.55,kWh
a126ebe4-2cca-4cbb-953e-71eaca8ac837,2025-03-30T02:00:00,ENERGYMETER,21701.33,kWh
a126ebe4-2cca-4cbb-953e-71eaca8ac837,2025-03-30T03:00:00,ENERGYMETER,21705.1,kWh
a126ebe4-2cca-4cbb-953e-71eaca8ac837,2025-03-30T04:00:00,ENERGYMETER,21708.87,kWh
a126ebe4-2cca-4cbb-953e-71eaca8ac837,2025-03-30T05:00:00,ENERGYMETER,21712.66,kWh
a126ebe4-2cca-4cbb-953e-71eaca8ac837,2025-03-30T06:00:00,ENERGYMETER,21715.86,kWh
a126ebe4-2cca-4cbb-953e-71eaca8ac837,2025-03-30T07:00:00,ENERGYMETER,21716.2,kWh
a126ebe4-2cca-4cbb-953e-71eaca8ac837,2025-03-30T08:00:00,ENERGYMETER,21716.53,kWh
a126ebe4-2cca-4cbb-953e-71eaca8ac837,2025-03-30T09:00:00,ENERGYMETER,21716.71,kWh
a126ebe4-2cca-4cbb-953e-71eaca8ac837,2025-03-30T10:00:00,ENERGYMETER,21716.76,kWh
a126ebe4-2cca-4cbb-953e-71eaca8ac837,2025-03-30T11:00:00,ENERGYMETER,21716.8,kWh
a126ebe4-2cca-4cbb-953e-71eaca8ac837,2025-03-30T12:00:00,ENERGYMETER,21716.86,kWh
a126ebe4-2cca-4cbb-953e-71eaca8ac837,2025-03-30T13:00:00,ENERGYMETER,21716.9,kWh
a126ebe4-2cca-4cbb-953e-71eaca8ac837,2025-03-30T14:00:00,ENERGYMETER,21716.94,kWh
a126ebe4-2cca-4cbb-953e-71eaca8ac837,2025-03-30T15:00:00,ENERGYMETER,21716.98,kWh
a126ebe4-2cca-4cbb-953e-71eaca8ac837,2025-03-30T16:00:00,ENERGYMETER,21717.06,kWh
a126ebe4-2cca-4cbb-953e-71eaca8ac837,2025-03-30T17:00:00,ENERGYMETER,21717.11,kWh
a126ebe4-2cca-4cbb-953e-71eaca8ac837,2025-03-30T18:00:00,ENERGYMETER,21717.25,kWh
a126ebe4-2cca-4cbb-953e-71eaca8ac837,2025-03-30T19:00:00,ENERGYMETER,21720.26,kWh
a126ebe4-2cca-4cbb-953e-71eaca8ac837,2025-03-30T20:00:00,ENERGYMETER,21726.05,kWh
a126ebe4-2cca-4cbb-953e-71eaca8ac837,2025-03-30T21:00:00,ENERGYMETER,21731.82,kWh
a126ebe4-2cca-4cbb-953e-71eaca8ac837,2025-03-30T22:00:00,ENERGYMETER,21737.57,kWh
a126ebe4-2cca-4cbb-953e-71eaca8ac837,2025-03-30T23:00:00,ENERGYMETER,21741.81,kWh
a126ebe4-2cca-4cbb-953e-71eaca8ac837,2025-03-31T00:00:00,ENERGYMETER,21745.6,kWh
a126ebe4-2cca-4cbb-953e-71eaca8ac837,2025-03-31T01:00:00,ENERGYMETER,21749.37,kWh
a126ebe4-2cca-4cbb-953e-71eaca8ac837,2025-03-31T02:00:00,ENERGYMETER,21753.13,kWh
a126ebe4-2cca-4cbb-953e-71eaca8ac837,2025-03-31T03:00:00,ENERGYMETER,21756.9,kWh
a126ebe4-2cca-4cbb-953e-71eaca8ac837,2025-03-31T04:00:00,ENERGYMETER,21760.67,kWh
a126ebe4-2cca-4cbb-953e-71eaca8ac837,2025-03-31T05:00:00,ENERGYMETER,21764.46,kWh
a126ebe4-2cca-4cbb-953e-71eaca8ac837,2025-03-31T06:00:00,ENERGYMETER,21767.6,kWh
a126ebe4-2cca-4cbb-953e-71eaca8ac837,2025-03-31T07:00:00,ENERGYMETER,21767.96,kWh
a126ebe4-2cca-4cbb-953e-71eaca8ac837,2025-03-31T08:00:00,ENERGYMETER,21768.16,kWh
a126ebe4-2cca-4cbb-953e-71eaca8ac837,2025-03-31T09:00:00,ENERGYMETER,21768.2,kWh
a126ebe4-2cca-4cbb-953e-71eaca8ac837,2025-03-31T10:00:00,ENERGYMETER,21768.26,kWh
a126ebe4-2cca-4cbb-953e-71eaca8ac837,2025-03-31T11:00:00,ENERGYMETER,21768.3,kWh
a126ebe4-2cca-4cbb-953e-71eaca8ac837,2025-03-31T12:00:00,ENERGYMETER,21768.36,kWh
a126ebe4-2cca-4cbb-953e-71eaca8ac837,2025-03-31T13:00:00,ENERGYMETER,21768.47,kWh
a126ebe4-2cca-4cbb-953e-71eaca8ac837,2025-03-31T14:00:00,ENERGYMETER,21768.55,kWh
a126ebe4-2cca-4cbb-953e-71eaca8ac837,2025-03-31T15:00:00,ENERGYMETER,21768.59,kWh
a126ebe4-2cca-4cbb-953e-71eaca8ac837,2025-03-31T16:00:00,ENERGYMETER,21768.64,kWh
a126ebe4-2cca-4cbb-953e-71eaca8ac837,2025-03-31T17:00:00,ENERGYMETER,21768.74,kWh
a126ebe4-2cca-4cbb-953e-71eaca8ac837,2025-03-31T18:00:00,ENERGYMETER,21768.93,kWh
a126ebe4-2cca-4cbb-953e-71eaca8ac837,2025-03-31T19:00:00,ENERGYMETER,21771.83,kWh
a126ebe4-2cca-4cbb-953e-71eaca8ac837,2025-03-31T20:00:00,ENERGYMETER,21777.6,kWh
a126ebe4-2cca-4cbb-953e-71eaca8ac837,2025-03-31T21:00:00,ENERGYMETER,21783.35,kWh
a126ebe4-2cca-4cbb-953e-71eaca8ac837,2025-03-31T22:00:00,ENERGYMETER,21789.08,kWh
a126ebe4-2cca-4cbb-953e-71eaca8ac837,2025-03-31T23:00:00,ENERGYMETER,21793.28,kWh
a126ebe4-2cca-4cbb-953e-71eaca8ac837,2025-04-01T00:00:00,ENERGYMETER,21797.06,kWh
a126ebe4-2cca-4cbb-953e-71eaca8ac837,2025-04-01T01:00:00,ENERGYMETER,21800.83,kWh
a126ebe4-2cca-4cbb-953e-71eaca8ac837,2025-04-01T02:00:00,ENERGYMETER,21804.6,kWh
a126ebe4-2cca-4cbb-953e-71eaca8ac837,2025-04-01T03:00:00,ENERGYMETER,21808.36,kWh
a126ebe4-2cca-4cbb-953e-71eaca8ac837,2025-04-01T04:00:00,ENERGYMETER,21812.13,kWh
a126ebe4-2cca-4cbb-953e-71eaca8ac837,2025-04-01T05:00:00,ENERGYMETER,21815.91,kWh
a126ebe4-2cca-4cbb-953e-71eaca8ac837,2025-04-01T06:00:00,ENERGYMETER,21818.99,kWh
a126ebe4-2cca-4cbb-953e-71eaca8ac837,2025-04-01T07:00:00,ENERGYMETER,21819.33,kWh
a126ebe4-2cca-4cbb-953e-71eaca8ac837,2025-04-01T08:00:00,ENERGYMETER,21819.55,kWh
a126ebe4-2cca-4cbb-953e-71eaca8ac837,2025-04-01T09:00:00,ENERGYMETER,21819.59,kWh
a126ebe4-2cca-4cbb-953e-71eaca8ac837,2025-04-01T10:00:00,ENERGYMETER,21819.63,kWh
a126ebe4-2cca-4cbb-953e-71eaca8ac837,2025-04-01T11:00:00,ENERGYMETER,21819.68,kWh
a126ebe4-2cca-4cbb-953e-71eaca8ac837,2025-04-01T12:00:00,ENERGYMETER,21819.72,kWh
a126ebe4-2cca-4cbb-953e-71eaca8ac837,2025-04-01T13:00:00,ENERGYMETER,21819.79,kWh
a126ebe4-2cca-4cbb-953e-71eaca8ac837,2025-04-01T14:00:00,ENERGYMETER,21819.84,kWh
a126ebe4-2cca-4cbb-953e-71eaca8ac837,2025-04-01T15:00:00,ENERGYMETER,21819.89,kWh
a126ebe4-2cca-4cbb-953e-71eaca8ac837,2025-04-01T16:00:00,ENERGYMETER,21819.97,kWh
a126ebe4-2cca-4cbb-953e-71eaca8ac837,2025-04-01T17:00:00,ENERGYMETER,21820.07,kWh
a126ebe4-2cca-4cbb-953e-71eaca8ac837,2025-04-01T18:00:00,ENERGYMETER,21820.29,kWh
a126ebe4-2cca-4cbb-953e-71eaca8ac837,2025-04-01T19:00:00,ENERGYMETER,21823.3,kWh
a126ebe4-2cca-4cbb-953e-71eaca8ac837,2025-04-01T20:00:00,ENERGYMETER,21829.05,kWh
a126ebe4-2cca-4cbb-953e-71eaca8ac837,2025-04-01T21:00:00,ENERGYMETER,21834.78,kWh
a126ebe4-2cca-4cbb-953e-71eaca8ac837,2025-04-01T22:00:00,ENERGYMETER,21840.51,kWh
a126ebe4-2cca-4cbb-953e-71eaca8ac837,2025-04-01T23:00:00,ENERGYMETER,21844.62,kWh
a126ebe4-2cca-4cbb-953e-71eaca8ac837,2025-04-02T00:00:00,ENERGYMETER,21848.4,kWh
a126ebe4-2cca-4cbb-953e-71eaca8ac837,2025-04-02T01:00:00,ENERGYMETER,21852.16,kWh
a126ebe4-2cca-4cbb-953e-71eaca8ac837,2025-04-02T02:00:00,ENERGYMETER,21855.93,kWh
a126ebe4-2cca-4cbb-953e-71eaca8ac837,2025-04-02T03:00:00,ENERGYMETER,21859.7,kWh
a126ebe4-2cca-4cbb-953e-71eaca8ac837,2025-04-02T04:00:00,ENERGYMETER,21863.47,kWh
a126ebe4-2cca-4cbb-953e-71eaca8ac837,2025-04-02T05:00:00,ENERGYMETER,21867.26,kWh
a126ebe4-2cca-4cbb-953e-71eaca8ac837,2025-04-02T06:00:00,ENERGYMETER,21870.33,kWh
a126ebe4-2cca-4cbb-953e-71eaca8ac837,2025-04-02T07:00:00,ENERGYMETER,21870.69,kWh
a126ebe4-2cca-4cbb-953e-71eaca8ac837,2025-04-02T08:00:00,ENERGYMETER,21870.86,kWh
a126ebe4-2cca-4cbb-953e-71eaca8ac837,2025-04-02T09:00:00,ENERGYMETER,21870.88,kWh
a126ebe4-2cca-4cbb-953e-71eaca8ac837,2025-04-02T10:00:00,ENERGYMETER,21870.93,kWh
a126ebe4-2cca-4cbb-953e-71eaca8ac837,2025-04-02T11:00:00,ENERGYMETER,21870.98,kWh
a126ebe4-2cca-4cbb-953e-71eaca8ac837,2025-04-02T12:00:00,ENERGYMETER,21871.02,kWh
a126ebe4-2cca-4cbb-953e-71eaca8ac837,2025-04-02T13:00:00,ENERGYMETER,21871.08,kWh
a126ebe4-2cca-4cbb-953e-71eaca8ac837,2025-04-02T14:00:00,ENERGYMETER,21871.13,kWh
a126ebe4-2cca-4cbb-953e-71eaca8ac837,2025-04-02T15:00:00,ENERGYMETER,21871.17,kWh
a126ebe4-2cca-4cbb-953e-71eaca8ac837,2025-04-02T16:00:00,ENERGYMETER,21871.24,kWh
a126ebe4-2cca-4cbb-953e-71eaca8ac837,2025-04-02T17:00:00,ENERGYMETER,21871.33,kWh
a126ebe4-2cca-4cbb-953e-71eaca8ac837,2025-04-02T18:00:00,ENERGYMETER,21871.65,kWh
a126ebe4-2cca-4cbb-953e-71eaca8ac837,2025-04-02T19:00:00,ENERGYMETER,21874.55,kWh
a126ebe4-2cca-4cbb-953e-71eaca8ac837,2025-04-02T20:00:00,ENERGYMETER,21880.35,kWh
a126ebe4-2cca-4cbb-953e-71eaca8ac837,2025-04-02T21:00:00,ENERGYMETER,21886.11,kWh
a126ebe4-2cca-4cbb-953e-71eaca8ac837,2025-04-02T22:00:00,ENERGYMETER,21891.87,kWh
a126ebe4-2cca-4cbb-953e-71eaca8ac837,2025-06-05T01:00:00,ENERGYMETER,24767.35,kWh
a126ebe4-2cca-4cbb-953e-71eaca8ac837,2025-06-05T02:00:00,ENERGYMETER,24771.1,kWh
a126ebe4-2cca-4cbb-953e-71eaca8ac837,2025-06-05T03:00:00,ENERGYMETER,24774.85,kWh
a126ebe4-2cca-4cbb-953e-71eaca8ac837,2025-06-05T04:00:00,ENERGYMETER,24778.61,kWh
a126ebe4-2cca-4cbb-953e-71eaca8ac837,2025-06-05T05:00:00,ENERGYMETER,24780.66,kWh
a126ebe4-2cca-4cbb-953e-71eaca8ac837,2025-06-05T06:00:00,ENERGYMETER,24780.99,kWh
a126ebe4-2cca-4cbb-953e-71eaca8ac837,2025-06-05T07:00:00,ENERGYMETER,24781.2,kWh
a126ebe4-2cca-4cbb-953e-71eaca8ac837,2025-06-05T08:00:00,ENERGYMETER,24781.22,kWh
a126ebe4-2cca-4cbb-953e-71eaca8ac837,2025-06-05T09:00:00,ENERGYMETER,24781.26,kWh
a126ebe4-2cca-4cbb-953e-71eaca8ac837,2025-06-05T10:00:00,ENERGYMETER,24781.33,kWh
a126ebe4-2cca-4cbb-953e-71eaca8ac837,2025-06-05T11:00:00,ENERGYMETER,24781.38,kWh
a126ebe4-2cca-4cbb-953e-71eaca8ac837,2025-06-05T12:00:00,ENERGYMETER,24781.43,kWh
a126ebe4-2cca-4cbb-953e-71eaca8ac837,2025-06-05T13:00:00,ENERGYMETER,24781.49,kWh
a126ebe4-2cca-4cbb-953e-71eaca8ac837,2025-06-05T14:00:00,ENERGYMETER,24781.54,kWh
a126ebe4-2cca-4cbb-953e-71eaca8ac837,2025-06-05T15:00:00,ENERGYMETER,24781.59,kWh
a126ebe4-2cca-4cbb-953e-71eaca8ac837,2025-06-05T16:00:00,ENERGYMETER,24781.68,kWh
a126ebe4-2cca-4cbb-953e-71eaca8ac837,2025-06-05T17:00:00,ENERGYMETER,24781.76,kWh
a126ebe4-2cca-4cbb-953e-71eaca8ac837,2025-06-05T18:00:00,ENERGYMETER,24781.85,kWh
a126ebe4-2cca-4cbb-953e-71eaca8ac837,2025-06-05T19:00:00,ENERGYMETER,24781.92,kWh
a126ebe4-2cca-4cbb-953e-71eaca8ac837,2025-06-05T20:00:00,ENERGYMETER,24784.13,kWh
a126ebe4-2cca-4cbb-953e-71eaca8ac837,2025-06-05T21:00:00,ENERGYMETER,24789.87,kWh
a126ebe4-2cca-4cbb-953e-71eaca8ac837,2025-06-05T22:00:00,ENERGYMETER,24795.57,kWh
a126ebe4-2cca-4cbb-953e-71eaca8ac837,2025-06-09T01:00:00,ENERGYMETER,24934.0,kWh
a126ebe4-2cca-4cbb-953e-71eaca8ac837,2025-06-09T02:00:00,ENERGYMETER,24937.73,kWh
a126ebe4-2cca-4cbb-953e-71eaca8ac837,2025-06-09T03:00:00,ENERGYMETER,24941.46,kWh
a126ebe4-2cca-4cbb-953e-71eaca8ac837,2025-06-09T04:00:00,ENERGYMETER,24945.19,kWh
a126ebe4-2cca-4cbb-953e-71eaca8ac837,2025-06-09T05:00:00,ENERGYMETER,24947.18,kWh
a126ebe4-2cca-4cbb-953e-71eaca8ac837,2025-06-09T06:00:00,ENERGYMETER,24947.52,kWh
a126ebe4-2cca-4cbb-953e-71eaca8ac837,2025-06-09T07:00:00,ENERGYMETER,24947.71,kWh
a126ebe4-2cca-4cbb-953e-71eaca8ac837,2025-06-09T08:00:00,ENERGYMETER,24947.74,kWh
a126ebe4-2cca-4cbb-953e-71eaca8ac837,2025-06-09T09:00:00,ENERGYMETER,24947.78,kWh
a126ebe4-2cca-4cbb-953e-71eaca8ac837,2025-06-09T10:00:00,ENERGYMETER,24947.84,kWh
a126ebe4-2cca-4cbb-953e-71eaca8ac837,2025-06-09T11:00:00,ENERGYMETER,24947.88,kWh
a126ebe4-2cca-4cbb-953e-71eaca8ac837,2025-06-09T12:00:00,ENERGYMETER,24947.98,kWh
a126ebe4-2cca-4cbb-953e-71eaca8ac837,2025-06-09T13:00:00,ENERGYMETER,24948.05,kWh
a126ebe4-2cca-4cbb-953e-71eaca8ac837,2025-06-09T14:00:00,ENERGYMETER,24948.11,kWh
a126ebe4-2cca-4cbb-953e-71eaca8ac837,2025-06-09T15:00:00,ENERGYMETER,24948.16,kWh
a126ebe4-2cca-4cbb-953e-71eaca8ac837,2025-06-09T16:00:00,ENERGYMETER,24948.25,kWh
a126ebe4-2cca-4cbb-953e-71eaca8ac837,2025-06-09T17:00:00,ENERGYMETER,24948.36,kWh
a126ebe4-2cca-4cbb-953e-71eaca8ac837,2025-06-09T18:00:00,ENERGYMETER,24948.46,kWh
a126ebe4-2cca-4cbb-953e-71eaca8ac837,2025-06-09T19:00:00,ENERGYMETER,24948.56,kWh
a126ebe4-2cca-4cbb-953e-71eaca8ac837,2025-06-09T20:00:00,ENERGYMETER,24950.65,kWh
a126ebe4-2cca-4cbb-953e-71eaca8ac837,2025-06-09T21:00:00,ENERGYMETER,24956.37,kWh
a126ebe4-2cca-4cbb-953e-71eaca8ac837,2025-06-09T22:00:00,ENERGYMETER,24962.06,kWh
a126ebe4-2cca-4cbb-953e-71eaca8ac837,2025-06-11T01:00:00,ENERGYMETER,25012.92,kWh
a126ebe4-2cca-4cbb-953e-71eaca8ac837,2025-06-11T02:00:00,ENERGYMETER,25016.64,kWh
a126ebe4-2cca-4cbb-953e-71eaca8ac837,2025-06-11T03:00:00,ENERGYMETER,25020.37,kWh
a126ebe4-2cca-4cbb-953e-71eaca8ac837,2025-06-11T04:00:00,ENERGYMETER,25024.09,kWh
a126ebe4-2cca-4cbb-953e-71eaca8ac837,2025-06-11T05:00:00,ENERGYMETER,25026.12,kWh
a126ebe4-2cca-4cbb-953e-71eaca8ac837,2025-06-11T06:00:00,ENERGYMETER,25026.45,kWh
a126ebe4-2cca-4cbb-953e-71eaca8ac837,2025-06-11T07:00:00,ENERGYMETER,25026.64,kWh
a126ebe4-2cca-4cbb-953e-71eaca8ac837,2025-06-11T08:00:00,ENERGYMETER,25026.68,kWh
a126ebe4-2cca-4cbb-953e-71eaca8ac837,2025-06-11T09:00:00,ENERGYMETER,25026.72,kWh
a126ebe4-2cca-4cbb-953e-71eaca8ac837,2025-06-11T10:00:00,ENERGYMETER,25026.77,kWh
a126ebe4-2cca-4cbb-953e-71eaca8ac837,2025-06-11T11:00:00,ENERGYMETER,25026.82,kWh
a126ebe4-2cca-4cbb-953e-71eaca8ac837,2025-06-11T12:00:00,ENERGYMETER,25026.86,kWh
a126ebe4-2cca-4cbb-953e-71eaca8ac837,2025-06-11T13:00:00,ENERGYMETER,25026.94,kWh
a126ebe4-2cca-4cbb-953e-71eaca8ac837,2025-06-11T14:00:00,ENERGYMETER,25026.98,kWh
a126ebe4-2cca-4cbb-953e-71eaca8ac837,2025-06-11T15:00:00,ENERGYMETER,25027.03,kWh
a126ebe4-2cca-4cbb-953e-71eaca8ac837,2025-06-11T16:00:00,ENERGYMETER,25027.1,kWh
a126ebe4-2cca-4cbb-953e-71eaca8ac837,2025-06-11T17:00:00,ENERGYMETER,25027.18,kWh
a126ebe4-2cca-4cbb-953e-71eaca8ac837,2025-06-11T18:00:00,ENERGYMETER,25027.25,kWh
a126ebe4-2cca-4cbb-953e-71eaca8ac837,2025-06-11T19:00:00,ENERGYMETER,25027.46,kWh
a126ebe4-2cca-4cbb-953e-71eaca8ac837,2025-06-11T20:00:00,ENERGYMETER,25029.57,kWh
a126ebe4-2cca-4cbb-953e-71eaca8ac837,2025-06-11T21:00:00,ENERGYMETER,25035.34,kWh
a126ebe4-2cca-4cbb-953e-71eaca8ac837,2025-06-11T22:00:00,ENERGYMETER,25041.09,kWh
a126ebe4-2cca-4cbb-953e-71eaca8ac837,2025-06-13T01:00:00,ENERGYMETER,25092.54,kWh
a126ebe4-2cca-4cbb-953e-71eaca8ac837,2025-06-13T02:00:00,ENERGYMETER,25096.27,kWh
a126ebe4-2cca-4cbb-953e-71eaca8ac837,2025-06-13T03:00:00,ENERGYMETER,25100.0,kWh
a126ebe4-2cca-4cbb-953e-71eaca8ac837,2025-06-13T04:00:00,ENERGYMETER,25103.73,kWh
a126ebe4-2cca-4cbb-953e-71eaca8ac837,2025-06-13T05:00:00,ENERGYMETER,25105.84,kWh
a126ebe4-2cca-4cbb-953e-71eaca8ac837,2025-06-13T06:00:00,ENERGYMETER,25106.19,kWh
a126ebe4-2cca-4cbb-953e-71eaca8ac837,2025-06-13T07:00:00,ENERGYMETER,25106.47,kWh
a126ebe4-2cca-4cbb-953e-71eaca8ac837,2025-06-13T08:00:00,ENERGYMETER,25106.78,kWh
a126ebe4-2cca-4cbb-953e-71eaca8ac837,2025-06-13T09:00:00,ENERGYMETER,25107.15,kWh
a126ebe4-2cca-4cbb-953e-71eaca8ac837,2025-06-13T10:00:00,ENERGYMETER,25107.5,kWh
a126ebe4-2cca-4cbb-953e-71eaca8ac837,2025-06-13T11:00:00,ENERGYMETER,25107.87,kWh
a126ebe4-2cca-4cbb-953e-71eaca8ac837,2025-06-13T12:00:00,ENERGYMETER,25108.02,kWh
a126ebe4-2cca-4cbb-953e-71eaca8ac837,2025-06-13T13:00:00,ENERGYMETER,25108.06,kWh
a126ebe4-2cca-4cbb-953e-71eaca8ac837,2025-06-13T14:00:00,ENERGYMETER,25108.12,kWh
a126ebe4-2cca-4cbb-953e-71eaca8ac837,2025-06-13T15:00:00,ENERGYMETER,25108.17,kWh
a126ebe4-2cca-4cbb-953e-71eaca8ac837,2025-06-13T16:00:00,ENERGYMETER,25108.24,kWh
a126ebe4-2cca-4cbb-953e-71eaca8ac837,2025-06-13T17:00:00,ENERGYMETER,25108.34,kWh
a126ebe4-2cca-4cbb-953e-71eaca8ac837,2025-06-13T18:00:00,ENERGYMETER,25108.59,kWh
a126ebe4-2cca-4cbb-953e-71eaca8ac837,2025-06-13T19:00:00,ENERGYMETER,25108.73,kWh
a126ebe4-2cca-4cbb-953e-71eaca8ac837,2025-06-13T20:00:00,ENERGYMETER,25110.76,kWh
a126ebe4-2cca-4cbb-953e-71eaca8ac837,2025-06-13T21:00:00,ENERGYMETER,25116.52,kWh
a126ebe4-2cca-4cbb-953e-71eaca8ac837,2025-06-13T22:00:00,ENERGYMETER,25122.23,kWh
