device_id,timestamp,meas_type,value,unit
b9369849-86c9-4e7d-85c2-3f2c5c36b536,2025-02-11T00:00:00,ENERGYMETER,8728.48,kWh
b9369849-86c9-4e7d-85c2-3f2c5c36b536,2025-02-11T01:00:00,ENERGYMETER,8730.5,kWh
b9369849-86c9-4e7d-85c2-3f2c5c36b536,2025-02-11T02:00:00,ENERGYMETER,8728.48,kWh
b9369849-86c9-4e7d-85c2-3f2c5c36b536,2025-02-11T03:00:00,ENERGYMETER,8730.5,kWh
b9369849-86c9-4e7d-85c2-3f2c5c36b536,2025-02-11T04:00:00,ENERGYMETER,8732.43,kWh
b9369849-86c9-4e7d-85c2-3f2c5c36b536,2025-02-11T05:00:00,ENERGYMETER,8734.37,kWh
b9369849-86c9-4e7d-85c2-3f2c5c36b536,2025-02-11T06:00:00,ENERGYMETER,8736.31,kWh
b9369849-86c9-4e7d-85c2-3f2c5c36b536,2025-02-11T07:00:00,ENERGYMETER,8738.25,kWh
b9369849-86c9-4e7d-85c2-3f2c5c36b536,2025-02-11T08:00:00,ENERGYMETER,8740.18,kWh
b9369849-86c9-4e7d-85c2-3f2c5c36b536,2025-02-11T09:00:00,ENERGYMETER,8742.22,kWh
b9369849-86c9-4e7d-85c2-3f2c5c36b536,2025-02-11T10:00:00,ENERGYMETER,8742.3,kWh
b9369849-86c9-4e7d-85c2-3f2c5c36b536,2025-02-11T11:00:00,ENERGYMETER,8742.31,kWh
b9369849-86c9-4e7d-85c2-3f2c5c36b536,2025-02-11T12:00:00,ENERGYMETER,8742.34,kWh
b9369849-86c9-4e7d-85c2-3f2c5c36b536,2025-02-11T13:00:00,ENERGYMETER,8742.36,kWh
b9369849-86c9-4e7d-85c2-3f2c5c36b536,2025-02-11T14:00:00,ENERGYMETER,8742.37,kWh
b9369849-86c9-4e7d-85c2-3f2c5c36b536,2025-02-11T15:00:00,ENERGYMETER,8742.39,kWh
b9369849-86c9-4e7d-85c2-3f2c5c36b536,2025-02-11T16:00:00,ENERGYMETER,8742.4,kWh
b9369849-86c9-4e7d-85c2-3f2c5c36b536,2025-02-11T17:00:00,ENERGYMETER,8742.41,kWh
b9369849-86c9-4e7d-85c2-3f2c5c36b536,2025-02-11T18:00:00,ENERGYMETER,8742.43,kWh
b9369849-86c9-4e7d-85c2-3f2c5c36b536,2025-02-11T19:00:00,ENERGYMETER,8742.44,kWh
b9369849-86c9-4e7d-85c2-3f2c5c36b536,2025-02-11T20:00:00,ENERGYMETER,8743.07,kWh
b9369849-86c9-4e7d-85c2-3f2c5c36b536,2025-02-11T21:00:00,ENERGYMETER,8745.17,kWh
b9369849-86c9-4e7d-85c2-3f2c5c36b536,2025-02-11T22:00:00,ENERGYMETER,8747.25,kWh
b9369849-86c9-4e7d-85c2-3f2c5c36b536,2025-02-11T23:00:00,ENERGYMETER,8749.34,kWh
b9369849-86c9-4e7d-85c2-3f2c5c36b536,2025-02-12T00:00:00,ENERGYMETER,8751.43,kWh
b9369849-86c9-4e7d-85c2-3f2c5c36b536,2025-02-12T01:00:00,ENERGYMETER,8753.5,kWh
b9369849-86c9-4e7d-85c2-3f2c5c36b536,2025-02-12T02:00:00,ENERGYMETER,8755.58,kWh
b9369849-86c9-4e7d-85c2-3f2c5c36b536,2025-02-12T03:00:00,ENERGYMETER,8757.59,kWh
b9369849-86c9-4e7d-85c2-3f2c5c36b536,2025-02-12T04:00:00,ENERGYMETER,8759.51,kWh
b9369849-86c9-4e7d-85c2-3f2c5c36b536,2025-02-12T05:00:00,ENERGYMETER,8761.44,kWh
b9369849-86c9-4e7d-85c2-3f2c5c36b536,2025-02-12T06:00:00,ENERGYMETER,8763.37,kWh
b9369849-86c9-4e7d-85c2-3f2c5c36b536,2025-02-12T07:00:00,ENERGYMETER,8765.3,kWh
b9369849-86c9-4e7d-85c2-3f2c5c36b536,2025-02-12T08:00:00,ENERGYMETER,8767.23,kWh
b9369849-86c9-4e7d-85c2-3f2c5c36b536,2025-02-12T09:00:00,ENERGYMETER,8769.27,kWh
b9369849-86c9-4e7d-85c2-3f2c5c36b536,2025-02-12T10:00:00,ENERGYMETER,8769.29,kWh
b9369849-86c9-4e7d-85c2-3f2c5c36b536,2025-02-12T11:00:00,ENERGYMETER,8769.31,kWh
b9369849-86c9-4e7d-85c2-3f2c5c36b536,2025-02-12T12:00:00,ENERGYMETER,8769.34,kWh
b9369849-86c9-4e7d-85c2-3f2c5c36b536,2025-02-12T13:00:00,ENERGYMETER,8769.35,kWh
b9369849-86c9-4e7d-85c2-3f2c5c36b536,2025-02-12T14:00:00,ENERGYMETER,8769.37,kWh
b9369849-86c9-4e7d-85c2-3f2c5c36b536,2025-02-12T15:00:00,ENERGYMETER,8769.39,kWh
b9369849-86c9-4e7d-85c2-3f2c5c36b536,2025-02-12T16:00:00,ENERGYMETER,8769.41,kWh
b9369849-86c9-4e7d-85c2-3f2c5c36b536,2025-02-12T17:00:00,ENERGYMETER,8769.43,kWh
b9369849-86c9-4e7d-85c2-3f2c5c36b536,2025-02-12T18:00:00,ENERGYMETER,8769.45,kWh
b9369849-86c9-4e7d-85c2-3f2c5c36b536,2025-02-12T19:00:00,ENERGYMETER,8769.47,kWh
b9369849-86c9-4e7d-85c2-3f2c5c36b536,2025-02-12T20:00:00,ENERGYMETER,8770.09,kWh
b9369849-86c9-4e7d-85c2-3f2c5c36b536,2025-02-12T21:00:00,ENERGYMETER,8772.18,kWh
b9369849-86c9-4e7d-85c2-3f2c5c36b536,2025-02-12T22:00:00,ENERGYMETER,8774.28,kWh
b9369849-86c9-4e7d-85c2-3f2c5c36b536,2025-02-12T23:00:00,ENERGYMETER,8776.36,kWh
b9369849-86c9-4e7d-85c2-3f2c5c36b536,2025-02-13T00:00:00,ENERGYMETER,8778.46,kWh
b9369849-86c9-4e7d-85c2-3f2c5c36b536,2025-02-13T01:00:00,ENERGYMETER,8780.55,kWh
b9369849-86c9-4e7d-85c2-3f2c5c36b536,2025-02-13T02:00:00,ENERGYMETER,8782.63,kWh
b9369849-86c9-4e7d-85c2-3f2c5c36b536,2025-02-13T03:00:00,ENERGYMETER,8784.66,kWh
b9369849-86c9-4e7d-85c2-3f2c5c36b536,2025-02-13T04:00:00,ENERGYMETER,8786.6,kWh
b9369849-86c9-4e7d-85c2-3f2c5c36b536,2025-02-13T05:00:00,ENERGYMETER,8788.55,kWh
b9369849-86c9-4e7d-85c2-3f2c5c36b536,2025-02-13T06:00:00,ENERGYMETER,8790.5,kWh
b9369849-86c9-4e7d-85c2-3f2c5c36b536,2025-02-13T07:00:00,ENERGYMETER,8792.44,kWh
b9369849-86c9-4e7d-85c2-3f2c5c36b536,2025-02-13T08:00:00,ENERGYMETER,8794.39,kWh
b9369849-86c9-4e7d-85c2-3f2c5c36b536,2025-02-13T09:00:00,ENERGYMETER,8796.4,kWh
b9369849-86c9-4e7d-85c2-3f2c5c36b536,2025-02-13T10:00:00,ENERGYMETER,8796.43,kWh
b9369849-86c9-4e7d-85c2-3f2c5c36b536,2025-02-13T11:00:00,ENERGYMETER,8796.46,kWh
b9369849-86c9-4e7d-85c2-3f2c5c36b536,2025-02-13T12:00:00,ENERGYMETER,8796.49,kWh
b9369849-86c9-4e7d-85c2-3f2c5c36b536,2025-02-13T13:00:00,ENERGYMETER,8796.51,kWh
b9369849-86c9-4e7d-85c2-3f2c5c36b536,2025-02-13T14:00:00,ENERGYMETER,8796.54,kWh
b9369849-86c9-4e7d-85c2-3f2c5c36b536,2025-02-13T15:00:00,ENERGYMETER,8796.55,kWh
b9369849-86c9-4e7d-85c2-3f2c5c36b536,2025-02-13T16:00:00,ENERGYMETER,8796.56,kWh
b9369849-86c9-4e7d-85c2-3f2c5c36b536,2025-02-13T17:00:00,ENERGYMETER,8796.57,kWh
b9369849-86c9-4e7d-85c2-3f2c5c36b536,2025-02-13T18:00:00,ENERGYMETER,8796.58,kWh
b9369849-86c9-4e7d-85c2-3f2c5c36b536,2025-02-13T19:00:00,ENERGYMETER,8796.6,kWh
b9369849-86c9-4e7d-85c2-3f2c5c36b536,2025-02-13T20:00:00,ENERGYMETER,8797.17,kWh
b9369849-86c9-4e7d-85c2-3f2c5c36b536,2025-02-13T21:00:00,ENERGYMETER,8799.28,kWh
b9369849-86c9-4e7d-85c2-3f2c5c36b536,2025-02-13T22:00:00,ENERGYMETER,8801.37,kWh
b9369849-86c9-4e7d-85c2-3f2c5c36b536,2025-02-13T23:00:00,ENERGYMETER,8803.46,kWh
b9369849-86c9-4e7d-85c2-3f2c5c36b536,2025-02-14T00:00:00,ENERGYMETER,8805.56,kWh
b9369849-86c9-4e7d-85c2-3f2c5c36b536,2025-02-14T01:00:00,ENERGYMETER,8807.64,kWh
b9369849-86c9-4e7d-85c2-3f2c5c36b536,2025-02-14T02:00:00,ENERGYMETER,8809.71,kWh
b9369849-86c9-4e7d-85c2-3f2c5c36b536,2025-02-14T03:00:00,ENERGYMETER,8811.72,kWh
b9369849-86c9-4e7d-85c2-3f2c5c36b536,2025-02-14T04:00:00,ENERGYMETER,8813.66,kWh
b9369849-86c9-4e7d-85c2-3f2c5c36b536,2025-02-14T05:00:00,ENERGYMETER,8815.58,kWh
b9369849-86c9-4e7d-85c2-3f2c5c36b536,2025-02-14T06:00:00,ENERGYMETER,8817.51,kWh
b9369849-86c9-4e7d-85c2-3f2c5c36b536,2025-02-14T07:00:00,ENERGYMETER,8819.44,kWh
b9369849-86c9-4e7d-85c2-3f2c5c36b536,2025-02-14T08:00:00,ENERGYMETER,8821.36,kWh
b9369849-86c9-4e7d-85c2-3f2c5c36b536,2025-02-14T09:00:00,ENERGYMETER,8823.34,kWh
b9369849-86c9-4e7d-85c2-3f2c5c36b536,2025-02-14T10:00:00,ENERGYMETER,8823.36,kWh
b9369849-86c9-4e7d-85c2-3f2c5c36b536,2025-02-14T11:00:00,ENERGYMETER,8823.38,kWh
b9369849-86c9-4e7d-85c2-3f2c5c36b536,2025-02-14T12:00:00,ENERGYMETER,8823.39,kWh
b9369849-86c9-4e7d-85c2-3f2c5c36b536,2025-02-14T13:00:00,ENERGYMETER,8823.4,kWh
b9369849-86c9-4e7d-85c2-3f2c5c36b536,2025-02-14T14:00:00,ENERGYMETER,8823.41,kWh
b9369849-86c9-4e7d-85c2-3f2c5c36b536,2025-02-14T15:00:00,ENERGYMETER,8823.42,kWh
b9369849-86c9-4e7d-85c2-3f2c5c36b536,2025-02-14T16:00:00,ENERGYMETER,8823.42,kWh
b9369849-86c9-4e7d-85c2-3f2c5c36b536,2025-02-14T17:00:00,ENERGYMETER,8823.43,kWh
b9369849-86c9-4e7d-85c2-3f2c5c36b536,2025-02-14T18:00:00,ENERGYMETER,8823.43,kWh
b9369849-86c9-4e7d-85c2-3f2c5c36b536,2025-02-14T19:00:00,ENERGYMETER,8823.43,kWh
b9369849-86c9-4e7d-85c2-3f2c5c36b536,2025-02-14T20:00:00,ENERGYMETER,8823.95,kWh
b9369849-86c9-4e7d-85c2-3f2c5c36b536,2025-02-14T21:00:00,ENERGYMETER,8826.05,kWh
b9369849-86c9-4e7d-85c2-3f2c5c36b536,2025-02-14T22:00:00,ENERGYMETER,8828.13,kWh
b9369849-86c9-4e7d-85c2-3f2c5c36b536,2025-02-14T23:00:00,ENERGYMETER,8830.22,kWh
b9369849-86c9-4e7d-85c2-3f2c5c36b536,2025-02-15T00:00:00,ENERGYMETER,8832.32,kWh
b9369849-86c9-4e7d-85c2-3f2c5c36b536,2025-02-15T01:00:00,ENERGYMETER,8834.4,kWh
b9369849-86c9-4e7d-85c2-3f2c5c36b536,2025-02-15T02:00:00,ENERGYMETER,8836.49,kWh
b9369849-86c9-4e7d-85c2-3f2c5c36b536,2025-02-15T03:00:00,ENERGYMETER,8838.5,kWh
b9369849-86c9-4e7d-85c2-3f2c5c36b536,2025-02-15T04:00:00,ENERGYMETER,8840.44,kWh
b9369849-86c9-4e7d-85c2-3f2c5c36b536,2025-02-15T05:00:00,ENERGYMETER,8842.39,kWh
b9369849-86c9-4e7d-85c2-3f2c5c36b536,2025-02-15T06:00:00,ENERGYMETER,8844.33,kWh
b9369849-86c9-4e7d-85c2-3f2c5c36b536,2025-02-15T07:00:00,ENERGYMETER,8846.27,kWh
b9369849-86c9-4e7d-85c2-3f2c5c36b536,2025-02-15T08:00:00,ENERGYMETER,8848.22,kWh
b9369849-86c9-4e7d-85c2-3f2c5c36b536,2025-02-15T09:00:00,ENERGYMETER,8850.17,kWh
b9369849-86c9-4e7d-85c2-3f2c5c36b536,2025-02-15T10:00:00,ENERGYMETER,8850.2,kWh
b9369849-86c9-4e7d-85c2-3f2c5c36b536,2025-02-15T11:00:00,ENERGYMETER,8850.23,kWh
b9369849-86c9-4e7d-85c2-3f2c5c36b536,2025-02-15T12:00:00,ENERGYMETER,8850.26,kWh
b9369849-86c9-4e7d-85c2-3f2c5c36b536,2025-02-15T13:00:00,ENERGYMETER,8850.27,kWh
b9369849-86c9-4e7d-85c2-3f2c5c36b536,2025-02-15T14:00:00,ENERGYMETER,8850.28,kWh
b9369849-86c9-4e7d-85c2-3f2c5c36b536,2025-02-15T15:00:00,ENERGYMETER,8850.29,kWh
b9369849-86c9-4e7d-85c2-3f2c5c36b536,2025-02-15T16:00:00,ENERGYMETER,8850.29,kWh
b9369849-86c9-4e7d-85c2-3f2c5c36b536,2025-02-15T17:00:00,ENERGYMETER,8850.29,kWh
b9369849-86c9-4e7d-85c2-3f2c5c36b536,2025-02-15T18:00:00,ENERGYMETER,8850.3,kWh
b9369849-86c9-4e7d-85c2-3f2c5c36b536,2025-02-15T19:00:00,ENERGYMETER,8850.3,kWh
b9369849-86c9-4e7d-85c2-3f2c5c36b536,2025-02-15T20:00:00,ENERGYMETER,8850.72,kWh
b9369849-86c9-4e7d-85c2-3f2c5c36b536,2025-02-15T21:00:00,ENERGYMETER,8852.79,kWh
b9369849-86c9-4e7d-85c2-3f2c5c36b536,2025-02-15T22:00:00,ENERGYMETER,8854.87,kWh
b9369849-86c9-4e7d-85c2-3f2c5c36b536,2025-02-15T23:00:00,ENERGYMETER,8856.94,kWh
b9369849-86c9-4e7d-85c2-3f2c5c36b536,2025-02-16T00:00:00,ENERGYMETER,8859.01,kWh
b9369849-86c9-4e7d-85c2-3f2c5c36b536,2025-02-16T01:00:00,ENERGYMETER,8861.08,kWh
b9369849-86c9-4e7d-85c2-3f2c5c36b536,2025-02-16T02:00:00,ENERGYMETER,8863.14,kWh
b9369849-86c9-4e7d-85c2-3f2c5c36b536,2025-02-16T03:00:00,ENERGYMETER,8865.15,kWh
b9369849-86c9-4e7d-85c2-3f2c5c36b536,2025-02-16T04:00:00,ENERGYMETER,8867.08,kWh
b9369849-86c9-4e7d-85c2-3f2c5c36b536,2025-02-16T05:00:00,ENERGYMETER,8869.0,kWh
b9369849-86c9-4e7d-85c2-3f2c5c36b536,2025-02-16T06:00:00,ENERGYMETER,8870.92,kWh
b9369849-86c9-4e7d-85c2-3f2c5c36b536,2025-02-16T07:00:00,ENERGYMETER,8872.86,kWh
b9369849-86c9-4e7d-85c2-3f2c5c36b536,2025-02-16T08:00:00,ENERGYMETER,8874.77,kWh
b9369849-86c9-4e7d-85c2-3f2c5c36b536,2025-02-16T09:00:00,ENERGYMETER,8876.59,kWh
b9369849-86c9-4e7d-85c2-3f2c5c36b536,2025-02-16T10:00:00,ENERGYMETER,8876.61,kWh
b9369849-86c9-4e7d-85c2-3f2c5c36b536,2025-02-16T11:00:00,ENERGYMETER,8876.63,kWh
b9369849-86c9-4e7d-85c2-3f2c5c36b536,2025-02-16T12:00:00,ENERGYMETER,8876.65,kWh
b9369849-86c9-4e7d-85c2-3f2c5c36b536,2025-02-16T13:00:00,ENERGYMETER,8876.65,kWh
b9369849-86c9-4e7d-85c2-3f2c5c36b536,2025-02-16T14:00:00,ENERGYMETER,8876.66,kWh
b9369849-86c9-4e7d-85c2-3f2c5c36b536,2025-02-16T15:00:00,ENERGYMETER,8876.66,kWh
b9369849-86c9-4e7d-85c2-3f2c5c36b536,2025-02-16T16:00:00,ENERGYMETER,8876.66,kWh
b9369849-86c9-4e7d-85c2-3f2c5c36b536,2025-02-16T17:00:00,ENERGYMETER,8876.67,kWh
b9369849-86c9-4e7d-85c2-3f2c5c36b536,2025-02-16T18:00:00,ENERGYMETER,8876.67,kWh
b9369849-86c9-4e7d-85c2-3f2c5c36b536,2025-02-16T19:00:00,ENERGYMETER,8876.67,kWh
b9369849-86c9-4e7d-85c2-3f2c5c36b536,2025-02-16T20:00:00,ENERGYMETER,8877.05,kWh
b9369849-86c9-4e7d-85c2-3f2c5c36b536,2025-02-16T21:00:00,ENERGYMETER,8879.13,kWh
b9369849-86c9-4e7d-85c2-3f2c5c36b536,2025-02-16T22:00:00,ENERGYMETER,8881.2,kWh
b9369849-86c9-4e7d-85c2-3f2c5c36b536,2025-02-16T23:00:00,ENERGYMETER,8883.28,kWh
b9369849-86c9-4e7d-85c2-3f2c5c36b536,2025-02-17T00:00:00,ENERGYMETER,8885.36,kWh
b9369849-86c9-4e7d-85c2-3f2c5c36b536,2025-02-17T01:00:00,ENERGYMETER,8887.43,kWh
b9369849-86c9-4e7d-85c2-3f2c5c36b536,2025-02-17T02:00:00,ENERGYMETER,8893.41,kWh
b9369849-86c9-4e7d-85c2-3f2c5c36b536,2025-02-17T03:00:00,ENERGYMETER,8891.49,kWh
b9369849-86c9-4e7d-85c2-3f2c5c36b536,2025-02-17T04:00:00,ENERGYMETER,8893.41,kWh
b9369849-86c9-4e7d-85c2-3f2c5c36b536,2025-02-17T05:00:00,ENERGYMETER,8895.33,kWh
b9369849-86c9-4e7d-85c2-3f2c5c36b536,2025-02-17T06:00:00,ENERGYMETER,8897.26,kWh
b9369849-86c9-4e7d-85c2-3f2c5c36b536,2025-02-17T07:00:00,ENERGYMETER,8899.18,kWh
b9369849-86c9-4e7d-85c2-3f2c5c36b536,2025-02-17T08:00:00,ENERGYMETER,8901.1,kWh
b9369849-86c9-4e7d-85c2-3f2c5c36b536,2025-02-17T09:00:00,ENERGYMETER,8902.9,kWh
b9369849-86c9-4e7d-85c2-3f2c5c36b536,2025-02-17T10:00:00,ENERGYMETER,8902.91,kWh
b9369849-86c9-4e7d-85c2-3f2c5c36b536,2025-02-17T11:00:00,ENERGYMETER,8902.93,kWh
b9369849-86c9-4e7d-85c2-3f2c5c36b536,2025-02-17T12:00:00,ENERGYMETER,8902.94,kWh
b9369849-86c9-4e7d-85c2-3f2c5c36b536,2025-02-17T13:00:00,ENERGYMETER,8902.95,kWh
b9369849-86c9-4e7d-85c2-3f2c5c36b536,2025-02-17T14:00:00,ENERGYMETER,8902.95,kWh
b9369849-86c9-4e7d-85c2-3f2c5c36b536,2025-02-17T15:00:00,ENERGYMETER,8902.96,kWh
b9369849-86c9-4e7d-85c2-3f2c5c36b536,2025-02-17T16:00:00,ENERGYMETER,8902.96,kWh
b9369849-86c9-4e7d-85c2-3f2c5c36b536,2025-02-17T17:00:00,ENERGYMETER,8902.96,kWh
b9369849-86c9-4e7d-85c2-3f2c5c36b536,2025-02-17T18:00:00,ENERGYMETER,8902.97,kWh
b9369849-86c9-4e7d-85c2-3f2c5c36b536,2025-02-17T19:00:00,ENERGYMETER,8902.97,kWh
b9369849-86c9-4e7d-85c2-3f2c5c36b536,2025-02-17T20:00:00,ENERGYMETER,8903.33,kWh
b9369849-86c9-4e7d-85c2-3f2c5c36b536,2025-02-17T21:00:00,ENERGYMETER,8905.41,kWh
b9369849-86c9-4e7d-85c2-3f2c5c36b536,2025-02-17T22:00:00,ENERGYMETER,8907.5,kWh
b9369849-86c9-4e7d-85c2-3f2c5c36b536,2025-02-17T23:00:00,ENERGYMETER,8909.59,kWh
b9369849-86c9-4e7d-85c2-3f2c5c36b536,2025-02-18T00:00:00,ENERGYMETER,8911.67,kWh
b9369849-86c9-4e7d-85c2-3f2c5c36b536,2025-02-18T01:00:00,ENERGYMETER,8913.76,kWh
b9369849-86c9-4e7d-85c2-3f2c5c36b536,2025-02-18T02:00:00,ENERGYMETER,8915.84,kWh
b9369849-86c9-4e7d-85c2-3f2c5c36b536,2025-02-18T03:00:00,ENERGYMETER,8917.84,kWh
b9369849-86c9-4e7d-85c2-3f2c5c36b536,2025-02-18T04:00:00,ENERGYMETER,8919.77,kWh
b9369849-86c9-4e7d-85c2-3f2c5c36b536,2025-02-18T05:00:00,ENERGYMETER,8921.7,kWh
b9369849-86c9-4e7d-85c2-3f2c5c36b536,2025-02-18T06:00:00,ENERGYMETER,8923.62,kWh
b9369849-86c9-4e7d-85c2-3f2c5c36b536,2025-02-18T07:00:00,ENERGYMETER,8925.56,kWh
b9369849-86c9-4e7d-85c2-3f2c5c36b536,2025-02-18T08:00:00,ENERGYMETER,8927.48,kWh
b9369849-86c9-4e7d-85c2-3f2c5c36b536,2025-02-18T09:00:00,ENERGYMETER,8929.25,kWh
b9369849-86c9-4e7d-85c2-3f2c5c36b536,2025-02-18T10:00:00,ENERGYMETER,8929.27,kWh
b9369849-86c9-4e7d-85c2-3f2c5c36b536,2025-02-18T11:00:00,ENERGYMETER,8929.28,kWh
b9369849-86c9-4e7d-85c2-3f2c5c36b536,2025-02-18T12:00:00,ENERGYMETER,8929.29,kWh
b9369849-86c9-4e7d-85c2-3f2c5c36b536,2025-02-18T13:00:00,ENERGYMETER,8929.31,kWh
b9369849-86c9-4e7d-85c2-3f2c5c36b536,2025-02-18T14:00:00,ENERGYMETER,8929.31,kWh
b9369849-86c9-4e7d-85c2-3f2c5c36b536,2025-02-18T15:00:00,ENERGYMETER,8929.32,kWh
b9369849-86c9-4e7d-85c2-3f2c5c36b536,2025-02-18T16:00:00,ENERGYMETER,8929.32,kWh
b9369849-86c9-4e7d-85c2-3f2c5c36b536,2025-02-18T17:00:00,ENERGYMETER,8929.32,kWh
b9369849-86c9-4e7d-85c2-3f2c5c36b536,2025-02-18T18:00:00,ENERGYMETER,8929.33,kWh
b9369849-86c9-4e7d-85c2-3f2c5c36b536,2025-02-18T19:00:00,ENERGYMETER,8929.33,kWh
b9369849-86c9-4e7d-85c2-3f2c5c36b536,2025-02-18T20:00:00,ENERGYMETER,8929.64,kWh
b9369849-86c9-4e7d-85c2-3f2c5c36b536,2025-02-18T21:00:00,ENERGYMETER,8931.72,kWh
b9369849-86c9-4e7d-85c2-3f2c5c36b536,2025-02-18T22:00:00,ENERGYMETER,8936.73,kWh
b9369849-86c9-4e7d-85c2-3f2c5c36b536,2025-02-18T23:00:00,ENERGYMETER,8940.68,kWh
b9369849-86c9-4e7d-85c2-3f2c5c36b536,2025-02-19T00:00:00,ENERGYMETER,8942.75,kWh
b9369849-86c9-4e7d-85c2-3f2c5c36b536,2025-02-19T01:00:00,ENERGYMETER,8944.81,kWh
b9369849-86c9-4e7d-85c2-3f2c5c36b536,2025-02-19T02:00:00,ENERGYMETER,8946.87,kWh
b9369849-86c9-4e7d-85c2-3f2c5c36b536,2025-02-19T03:00:00,ENERGYMETER,8948.86,kWh
b9369849-86c9-4e7d-85c2-3f2c5c36b536,2025-02-19T04:00:00,ENERGYMETER,8950.78,kWh
b9369849-86c9-4e7d-85c2-3f2c5c36b536,2025-02-19T05:00:00,ENERGYMETER,8952.69,kWh
b9369849-86c9-4e7d-85c2-3f2c5c36b536,2025-02-19T06:00:00,ENERGYMETER,8954.61,kWh
b9369849-86c9-4e7d-85c2-3f2c5c36b536,2025-02-19T07:00:00,ENERGYMETER,8956.52,kWh
b9369849-86c9-4e7d-85c2-3f2c5c36b536,2025-02-19T08:00:00,ENERGYMETER,8958.44,kWh
b9369849-86c9-4e7d-85c2-3f2c5c36b536,2025-02-19T09:00:00,ENERGYMETER,8960.16,kWh
b9369849-86c9-4e7d-85c2-3f2c5c36b536,2025-02-19T10:00:00,ENERGYMETER,8960.16,kWh
b9369849-86c9-4e7d-85c2-3f2c5c36b536,2025-02-19T11:00:00,ENERGYMETER,8960.18,kWh
b9369849-86c9-4e7d-85c2-3f2c5c36b536,2025-02-19T12:00:00,ENERGYMETER,8960.2,kWh
b9369849-86c9-4e7d-85c2-3f2c5c36b536,2025-02-19T13:00:00,ENERGYMETER,8960.2,kWh
b9369849-86c9-4e7d-85c2-3f2c5c36b536,2025-02-19T14:00:00,ENERGYMETER,8960.21,kWh
b9369849-86c9-4e7d-85c2-3f2c5c36b536,2025-02-19T15:00:00,ENERGYMETER,8960.21,kWh
b9369849-86c9-4e7d-85c2-3f2c5c36b536,2025-02-19T16:00:00,ENERGYMETER,8960.21,kWh
b9369849-86c9-4e7d-85c2-3f2c5c36b536,2025-02-19T17:00:00,ENERGYMETER,8960.22,kWh
b9369849-86c9-4e7d-85c2-3f2c5c36b536,2025-02-19T18:00:00,ENERGYMETER,8960.22,kWh
b9369849-86c9-4e7d-85c2-3f2c5c36b536,2025-02-19T19:00:00,ENERGYMETER,8960.23,kWh
b9369849-86c9-4e7d-85c2-3f2c5c36b536,2025-02-19T20:00:00,ENERGYMETER,8960.5,kWh
b9369849-86c9-4e7d-85c2-3f2c5c36b536,2025-02-19T21:00:00,ENERGYMETER,8965.88,kWh
b9369849-86c9-4e7d-85c2-3f2c5c36b536,2025-02-19T22:00:00,ENERGYMETER,8968.85,kWh
b9369849-86c9-4e7d-85c2-3f2c5c36b536,2025-02-19T23:00:00,ENERGYMETER,8970.93,kWh
b9369849-86c9-4e7d-85c2-3f2c5c36b536,2025-02-20T00:00:00,ENERGYMETER,8973.01,kWh
b9369849-86c9-4e7d-85c2-3f2c5c36b536,2025-02-20T01:00:00,ENERGYMETER,8975.09,kWh
b9369849-86c9-4e7d-85c2-3f2c5c36b536,2025-02-20T02:00:00,ENERGYMETER,8977.16,kWh
b9369849-86c9-4e7d-85c2-3f2c5c36b536,2025-02-20T03:00:00,ENERGYMETER,8979.17,kWh
b9369849-86c9-4e7d-85c2-3f2c5c36b536,2025-02-20T04:00:00,ENERGYMETER,8981.11,kWh
b9369849-86c9-4e7d-85c2-3f2c5c36b536,2025-02-20T05:00:00,ENERGYMETER,8983.04,kWh
b9369849-86c9-4e7d-85c2-3f2c5c36b536,2025-02-20T06:00:00,ENERGYMETER,8984.98,kWh
b9369849-86c9-4e7d-85c2-3f2c5c36b536,2025-02-20T07:00:00,ENERGYMETER,8986.92,kWh
b9369849-86c9-4e7d-85c2-3f2c5c36b536,2025-02-20T08:00:00,ENERGYMETER,8988.84,kWh
b9369849-86c9-4e7d-85c2-3f2c5c36b536,2025-02-20T09:00:00,ENERGYMETER,8990.55,kWh
b9369849-86c9-4e7d-85c2-3f2c5c36b536,2025-02-20T10:00:00,ENERGYMETER,8990.56,kWh
b9369849-86c9-4e7d-85c2-3f2c5c36b536,2025-02-20T11:00:00,ENERGYMETER,8990.58,kWh
b9369849-86c9-4e7d-85c2-3f2c5c36b536,2025-02-20T12:00:00,ENERGYMETER,8990.6,kWh
b9369849-86c9-4e7d-85c2-3f2c5c36b536,2025-02-20T13:00:00,ENERGYMETER,8990.6,kWh
b9369849-86c9-4e7d-85c2-3f2c5c36b536,2025-02-20T14:00:00,ENERGYMETER,8990.6,kWh
b9369849-86c9-4e7d-85c2-3f2c5c36b536,2025-02-20T15:00:00,ENERGYMETER,8990.61,kWh
b9369849-86c9-4e7d-85c2-3f2c5c36b536,2025-02-20T16:00:00,ENERGYMETER,8990.61,kWh
b9369849-86c9-4e7d-85c2-3f2c5c36b536,2025-02-20T17:00:00,ENERGYMETER,8990.61,kWh
b9369849-86c9-4e7d-85c2-3f2c5c36b536,2025-02-20T18:00:00,ENERGYMETER,8990.62,kWh
b9369849-86c9-4e7d-85c2-3f2c5c36b536,2025-02-20T19:00:00,ENERGYMETER,8990.62,kWh
b9369849-86c9-4e7d-85c2-3f2c5c36b536,2025-02-20T20:00:00,ENERGYMETER,8990.86,kWh
b9369849-86c9-4e7d-85c2-3f2c5c36b536,2025-02-20T21:00:00,ENERGYMETER,8992.94,kWh
b9369849-86c9-4e7d-85c2-3f2c5c36b536,2025-02-20T22:00:00,ENERGYMETER,8998.07,kWh
b9369849-86c9-4e7d-85c2-3f2c5c36b536,2025-02-20T23:00:00,ENERGYMETER,9002.18,kWh
b9369849-86c9-4e7d-85c2-3f2c5c36b536,2025-02-21T00:00:00,ENERGYMETER,9004.25,kWh
b9369849-86c9-4e7d-85c2-3f2c5c36b536,2025-02-21T01:00:00,ENERGYMETER,9006.3,kWh
b9369849-86c9-4e7d-85c2-3f2c5c36b536,2025-02-21T02:00:00,ENERGYMETER,9008.36,kWh
b9369849-86c9-4e7d-85c2-3f2c5c36b536,2025-02-21T03:00:00,ENERGYMETER,9010.35,kWh
b9369849-86c9-4e7d-85c2-3f2c5c36b536,2025-02-21T04:00:00,ENERGYMETER,9012.27,kWh
b9369849-86c9-4e7d-85c2-3f2c5c36b536,2025-02-21T05:00:00,ENERGYMETER,9014.18,kWh
b9369849-86c9-4e7d-85c2-3f2c5c36b536,2025-02-21T06:00:00,ENERGYMETER,9016.11,kWh
b9369849-86c9-4e7d-85c2-3f2c5c36b536,2025-02-21T07:00:00,ENERGYMETER,9018.02,kWh
b9369849-86c9-4e7d-85c2-3f2c5c36b536,2025-02-21T08:00:00,ENERGYMETER,9019.95,kWh
b9369849-86c9-4e7d-85c2-3f2c5c36b536,2025-02-21T09:00:00,ENERGYMETER,9021.61,kWh
b9369849-86c9-4e7d-85c2-3f2c5c36b536,2025-02-21T10:00:00,ENERGYMETER,9021.62,kWh
b9369849-86c9-4e7d-85c2-3f2c5c36b536,2025-02-21T11:00:00,ENERGYMETER,9021.64,kWh
b9369849-86c9-4e7d-85c2-3f2c5c36b536,2025-02-21T12:00:00,ENERGYMETER,9021.65,kWh
b9369849-86c9-4e7d-85c2-3f2c5c36b536,2025-02-21T13:00:00,ENERGYMETER,9021.66,kWh
b9369849-86c9-4e7d-85c2-3f2c5c36b536,2025-02-21T14:00:00,ENERGYMETER,9021.67,kWh
b9369849-86c9-4e7d-85c2-3f2c5c36b536,2025-02-21T15:00:00,ENERGYMETER,9021.67,kWh
b9369849-86c9-4e7d-85c2-3f2c5c36b536,2025-02-21T16:00:00,ENERGYMETER,9021.67,kWh
b9369849-86c9-4e7d-85c2-3f2c5c36b536,2025-02-21T17:00:00,ENERGYMETER,9021.68,kWh
b9369849-86c9-4e7d-85c2-3f2c5c36b536,2025-02-21T18:00:00,ENERGYMETER,9021.68,kWh
b9369849-86c9-4e7d-85c2-3f2c5c36b536,2025-02-21T19:00:00,ENERGYMETER,9021.68,kWh
b9369849-86c9-4e7d-85c2-3f2c5c36b536,2025-02-21T20:00:00,ENERGYMETER,9021.89,kWh
b9369849-86c9-4e7d-85c2-3f2c5c36b536,2025-02-21T21:00:00,ENERGYMETER,9023.98,kWh
b9369849-86c9-4e7d-85c2-3f2c5c36b536,2025-02-21T22:00:00,ENERGYMETER,9026.05,kWh
b9369849-86c9-4e7d-85c2-3f2c5c36b536,2025-02-21T23:00:00,ENERGYMETER,9028.12,kWh
b9369849-86c9-4e7d-85c2-3f2c5c36b536,2025-02-22T00:00:00,ENERGYMETER,9030.19,kWh
b9369849-86c9-4e7d-85c2-3f2c5c36b536,2025-02-22T01:00:00,ENERGYMETER,9032.25,kWh
b9369849-86c9-4e7d-85c2-3f2c5c36b536,2025-02-22T02:00:00,ENERGYMETER,9034.31,kWh
b9369849-86c9-4e7d-85c2-3f2c5c36b536,2025-02-22T03:00:00,ENERGYMETER,9036.32,kWh
b9369849-86c9-4e7d-85c2-3f2c5c36b536,2025-02-22T04:00:00,ENERGYMETER,9038.25,kWh
b9369849-86c9-4e7d-85c2-3f2c5c36b536,2025-02-22T05:00:00,ENERGYMETER,9040.17,kWh
b9369849-86c9-4e7d-85c2-3f2c5c36b536,2025-02-22T06:00:00,ENERGYMETER,9042.11,kWh
b9369849-86c9-4e7d-85c2-3f2c5c36b536,2025-02-22T07:00:00,ENERGYMETER,9044.03,kWh
b9369849-86c9-4e7d-85c2-3f2c5c36b536,2025-02-22T08:00:00,ENERGYMETER,9045.96,kWh
b9369849-86c9-4e7d-85c2-3f2c5c36b536,2025-02-22T09:00:00,ENERGYMETER,9047.58,kWh
b9369849-86c9-4e7d-85c2-3f2c5c36b536,2025-02-22T10:00:00,ENERGYMETER,9047.6,kWh
b9369849-86c9-4e7d-85c2-3f2c5c36b536,2025-02-22T11:00:00,ENERGYMETER,9047.62,kWh
b9369849-86c9-4e7d-85c2-3f2c5c36b536,2025-02-22T12:00:00,ENERGYMETER,9047.63,kWh
b9369849-86c9-4e7d-85c2-3f2c5c36b536,2025-02-22T13:00:00,ENERGYMETER,9047.65,kWh
b9369849-86c9-4e7d-85c2-3f2c5c36b536,2025-02-22T14:00:00,ENERGYMETER,9047.66,kWh
b9369849-86c9-4e7d-85c2-3f2c5c36b536,2025-02-22T15:00:00,ENERGYMETER,9047.66,kWh
b9369849-86c9-4e7d-85c2-3f2c5c36b536,2025-02-22T16:00:00,ENERGYMETER,9047.68,kWh
b9369849-86c9-4e7d-85c2-3f2c5c36b536,2025-02-22T17:00:00,ENERGYMETER,9047.68,kWh
b9369849-86c9-4e7d-85c2-3f2c5c36b536,2025-02-22T18:00:00,ENERGYMETER,9047.7,kWh
b9369849-86c9-4e7d-85c2-3f2c5c36b536,2025-02-22T19:00:00,ENERGYMETER,9047.7,kWh
b9369849-86c9-4e7d-85c2-3f2c5c36b536,2025-02-22T20:00:00,ENERGYMETER,9047.82,kWh
b9369849-86c9-4e7d-85c2-3f2c5c36b536,2025-02-22T21:00:00,ENERGYMETER,9049.93,kWh
b9369849-86c9-4e7d-85c2-3f2c5c36b536,2025-02-22T22:00:00,ENERGYMETER,9052.03,kWh
b9369849-86c9-4e7d-85c2-3f2c5c36b536,2025-02-22T23:00:00,ENERGYMETER,9054.13,kWh
b9369849-86c9-4e7d-85c2-3f2c5c36b536,2025-02-23T00:00:00,ENERGYMETER,9056.23,kWh
b9369849-86c9-4e7d-85c2-3f2c5c36b536,2025-02-23T01:00:00,ENERGYMETER,9058.33,kWh
b9369849-86c9-4e7d-85c2-3f2c5c36b536,2025-02-23T02:00:00,ENERGYMETER,9060.42,kWh
b9369849-86c9-4e7d-85c2-3f2c5c36b536,2025-02-23T03:00:00,ENERGYMETER,9062.44,kWh
b9369849-86c9-4e7d-85c2-3f2c5c36b536,2025-02-23T04:00:00,ENERGYMETER,9064.39,kWh
b9369849-86c9-4e7d-85c2-3f2c5c36b536,2025-02-23T05:00:00,ENERGYMETER,9066.34,kWh
b9369849-86c9-4e7d-85c2-3f2c5c36b536,2025-02-23T06:00:00,ENERGYMETER,9068.29,kWh
b9369849-86c9-4e7d-85c2-3f2c5c36b536,2025-02-23T07:00:00,ENERGYMETER,9070.24,kWh
b9369849-86c9-4e7d-85c2-3f2c5c36b536,2025-02-23T08:00:00,ENERGYMETER,9072.18,kWh
b9369849-86c9-4e7d-85c2-3f2c5c36b536,2025-02-23T09:00:00,ENERGYMETER,9073.72,kWh
b9369849-86c9-4e7d-85c2-3f2c5c36b536,2025-02-23T10:00:00,ENERGYMETER,9073.75,kWh
b9369849-86c9-4e7d-85c2-3f2c5c36b536,2025-02-23T11:00:00,ENERGYMETER,9073.78,kWh
b9369849-86c9-4e7d-85c2-3f2c5c36b536,2025-02-23T12:00:00,ENERGYMETER,9073.81,kWh
b9369849-86c9-4e7d-85c2-3f2c5c36b536,2025-02-23T13:00:00,ENERGYMETER,9073.83,kWh
b9369849-86c9-4e7d-85c2-3f2c5c36b536,2025-02-23T14:00:00,ENERGYMETER,9073.86,kWh
b9369849-86c9-4e7d-85c2-3f2c5c36b536,2025-02-23T15:00:00,ENERGYMETER,9073.87,kWh
b9369849-86c9-4e7d-85c2-3f2c5c36b536,2025-02-23T16:00:00,ENERGYMETER,9073.88,kWh
b9369849-86c9-4e7d-85c2-3f2c5c36b536,2025-02-23T17:00:00,ENERGYMETER,9073.88,kWh
b9369849-86c9-4e7d-85c2-3f2c5c36b536,2025-02-23T18:00:00,ENERGYMETER,9073.88,kWh
b9369849-86c9-4e7d-85c2-3f2c5c36b536,2025-02-23T19:00:00,ENERGYMETER,9073.89,kWh
b9369849-86c9-4e7d-85c2-3f2c5c36b536,2025-02-23T20:00:00,ENERGYMETER,9073.97,kWh
b9369849-86c9-4e7d-85c2-3f2c5c36b536,2025-02-23T21:00:00,ENERGYMETER,9076.06,kWh
b9369849-86c9-4e7d-85c2-3f2c5c36b536,2025-02-23T22:00:00,ENERGYMETER,9078.16,kWh
b9369849-86c9-4e7d-85c2-3f2c5c36b536,2025-02-23T23:00:00,ENERGYMETER,9080.25,kWh
b9369849-86c9-4e7d-85c2-3f2c5c36b536,2025-02-24T00:00:00,ENERGYMETER,9082.35,kWh
b9369849-86c9-4e7d-85c2-3f2c5c36b536,2025-02-24T01:00:00,ENERGYMETER,9084.43,kWh
b9369849-86c9-4e7d-85c2-3f2c5c36b536,2025-02-24T02:00:00,ENERGYMETER,9090.45,kWh
b9369849-86c9-4e7d-85c2-3f2c5c36b536,2025-02-24T03:00:00,ENERGYMETER,9092.37,kWh
b9369849-86c9-4e7d-85c2-3f2c5c36b536,2025-02-24T04:00:00,ENERGYMETER,9094.3,kWh
b9369849-86c9-4e7d-85c2-3f2c5c36b536,2025-02-24T05:00:00,ENERGYMETER,9096.23,kWh
b9369849-86c9-4e7d-85c2-3f2c5c36b536,2025-02-24T06:00:00,ENERGYMETER,9098.16,kWh
b9369849-86c9-4e7d-85c2-3f2c5c36b536,2025-02-24T07:00:00,ENERGYMETER,9099.65,kWh
b9369849-86c9-4e7d-85c2-3f2c5c36b536,2025-02-24T08:00:00,ENERGYMETER,9099.67,kWh
b9369849-86c9-4e7d-85c2-3f2c5c36b536,2025-02-24T09:00:00,ENERGYMETER,9099.68,kWh
b9369849-86c9-4e7d-85c2-3f2c5c36b536,2025-02-24T10:00:00,ENERGYMETER,9099.7,kWh
b9369849-86c9-4e7d-85c2-3f2c5c36b536,2025-02-24T11:00:00,ENERGYMETER,9099.7,kWh
b9369849-86c9-4e7d-85c2-3f2c5c36b536,2025-02-24T12:00:00,ENERGYMETER,9099.7,kWh
b9369849-86c9-4e7d-85c2-3f2c5c36b536,2025-02-24T13:00:00,ENERGYMETER,9099.71,kWh
b9369849-86c9-4e7d-85c2-3f2c5c36b536,2025-02-24T14:00:00,ENERGYMETER,9099.71,kWh
b9369849-86c9-4e7d-85c2-3f2c5c36b536,2025-02-24T15:00:00,ENERGYMETER,9099.72,kWh
b9369849-86c9-4e7d-85c2-3f2c5c36b536,2025-02-24T16:00:00,ENERGYMETER,9099.72,kWh
b9369849-86c9-4e7d-85c2-3f2c5c36b536,2025-02-24T17:00:00,ENERGYMETER,9099.72,kWh
b9369849-86c9-4e7d-85c2-3f2c5c36b536,2025-02-24T18:00:00,ENERGYMETER,9099.75,kWh
b9369849-86c9-4e7d-85c2-3f2c5c36b536,2025-02-24T19:00:00,ENERGYMETER,9101.85,kWh
b9369849-86c9-4e7d-85c2-3f2c5c36b536,2025-02-24T20:00:00,ENERGYMETER,9103.92,kWh
b9369849-86c9-4e7d-85c2-3f2c5c36b536,2025-02-24T21:00:00,ENERGYMETER,9106.01,kWh
b9369849-86c9-4e7d-85c2-3f2c5c36b536,2025-02-24T22:00:00,ENERGYMETER,9108.08,kWh
b9369849-86c9-4e7d-85c2-3f2c5c36b536,2025-02-24T23:00:00,ENERGYMETER,9110.14,kWh
b9369849-86c9-4e7d-85c2-3f2c5c36b536,2025-02-25T00:00:00,ENERGYMETER,9112.19,kWh
b9369849-86c9-4e7d-85c2-3f2c5c36b536,2025-02-25T01:00:00,ENERGYMETER,9114.19,kWh
b9369849-86c9-4e7d-85c2-3f2c5c36b536,2025-02-25T02:00:00,ENERGYMETER,9116.1,kWh
b9369849-86c9-4e7d-85c2-3f2c5c36b536,2025-02-25T03:00:00,ENERGYMETER,9118.01,kWh
b9369849-86c9-4e7d-85c2-3f2c5c36b536,2025-02-25T04:00:00,ENERGYMETER,9119.92,kWh
b9369849-86c9-4e7d-85c2-3f2c5c36b536,2025-02-25T05:00:00,ENERGYMETER,9121.86,kWh
b9369849-86c9-4e7d-85c2-3f2c5c36b536,2025-02-25T06:00:00,ENERGYMETER,9123.8,kWh
b9369849-86c9-4e7d-85c2-3f2c5c36b536,2025-02-25T07:00:00,ENERGYMETER,9125.25,kWh
b9369849-86c9-4e7d-85c2-3f2c5c36b536,2025-02-25T08:00:00,ENERGYMETER,9125.27,kWh
b9369849-86c9-4e7d-85c2-3f2c5c36b536,2025-02-25T09:00:00,ENERGYMETER,9125.29,kWh
b9369849-86c9-4e7d-85c2-3f2c5c36b536,2025-02-25T10:00:00,ENERGYMETER,9125.31,kWh
b9369849-86c9-4e7d-85c2-3f2c5c36b536,2025-02-25T11:00:00,ENERGYMETER,9125.34,kWh
b9369849-86c9-4e7d-85c2-3f2c5c36b536,2025-02-25T12:00:00,ENERGYMETER,9125.35,kWh
b9369849-86c9-4e7d-85c2-3f2c5c36b536,2025-02-25T13:00:00,ENERGYMETER,9125.38,kWh
b9369849-86c9-4e7d-85c2-3f2c5c36b536,2025-02-25T14:00:00,ENERGYMETER,9125.39,kWh
b9369849-86c9-4e7d-85c2-3f2c5c36b536,2025-02-25T15:00:00,ENERGYMETER,9125.41,kWh
b9369849-86c9-4e7d-85c2-3f2c5c36b536,2025-02-25T16:00:00,ENERGYMETER,9125.43,kWh
b9369849-86c9-4e7d-85c2-3f2c5c36b536,2025-02-25T17:00:00,ENERGYMETER,9125.45,kWh
b9369849-86c9-4e7d-85c2-3f2c5c36b536,2025-02-25T18:00:00,ENERGYMETER,9125.48,kWh
b9369849-86c9-4e7d-85c2-3f2c5c36b536,2025-02-25T19:00:00,ENERGYMETER,9127.6,kWh
b9369849-86c9-4e7d-85c2-3f2c5c36b536,2025-02-25T20:00:00,ENERGYMETER,9129.7,kWh
b9369849-86c9-4e7d-85c2-3f2c5c36b536,2025-02-25T21:00:00,ENERGYMETER,9131.81,kWh
b9369849-86c9-4e7d-85c2-3f2c5c36b536,2025-02-25T22:00:00,ENERGYMETER,9133.92,kWh
b9369849-86c9-4e7d-85c2-3f2c5c36b536,2025-02-25T23:00:00,ENERGYMETER,9136.02,kWh
b9369849-86c9-4e7d-85c2-3f2c5c36b536,2025-02-26T00:00:00,ENERGYMETER,9138.12,kWh
b9369849-86c9-4e7d-85c2-3f2c5c36b536,2025-02-26T01:00:00,ENERGYMETER,9140.14,kWh
b9369849-86c9-4e7d-85c2-3f2c5c36b536,2025-02-26T02:00:00,ENERGYMETER,9142.1,kWh
b9369849-86c9-4e7d-85c2-3f2c5c36b536,2025-02-26T03:00:00,ENERGYMETER,9144.04,kWh
b9369849-86c9-4e7d-85c2-3f2c5c36b536,2025-02-26T04:00:00,ENERGYMETER,9145.99,kWh
b9369849-86c9-4e7d-85c2-3f2c5c36b536,2025-02-26T05:00:00,ENERGYMETER,9147.93,kWh
b9369849-86c9-4e7d-85c2-3f2c5c36b536,2025-02-26T06:00:00,ENERGYMETER,9149.87,kWh
b9369849-86c9-4e7d-85c2-3f2c5c36b536,2025-02-26T07:00:00,ENERGYMETER,9151.3,kWh
b9369849-86c9-4e7d-85c2-3f2c5c36b536,2025-02-26T08:00:00,ENERGYMETER,9151.33,kWh
b9369849-86c9-4e7d-85c2-3f2c5c36b536,2025-02-26T09:00:00,ENERGYMETER,9151.36,kWh
b9369849-86c9-4e7d-85c2-3f2c5c36b536,2025-02-26T10:00:00,ENERGYMETER,9151.38,kWh
b9369849-86c9-4e7d-85c2-3f2c5c36b536,2025-02-26T11:00:00,ENERGYMETER,9151.41,kWh
b9369849-86c9-4e7d-85c2-3f2c5c36b536,2025-02-26T12:00:00,ENERGYMETER,9151.43,kWh
b9369849-86c9-4e7d-85c2-3f2c5c36b536,2025-02-26T13:00:00,ENERGYMETER,9151.45,kWh
b9369849-86c9-4e7d-85c2-3f2c5c36b536,2025-02-26T14:00:00,ENERGYMETER,9151.47,kWh
b9369849-86c9-4e7d-85c2-3f2c5c36b536,2025-02-26T15:00:00,ENERGYMETER,9151.48,kWh
b9369849-86c9-4e7d-85c2-3f2c5c36b536,2025-02-26T16:00:00,ENERGYMETER,9151.5,kWh
b9369849-86c9-4e7d-85c2-3f2c5c36b536,2025-02-26T17:00:00,ENERGYMETER,9151.52,kWh
b9369849-86c9-4e7d-85c2-3f2c5c36b536,2025-02-26T18:00:00,ENERGYMETER,9151.57,kWh
b9369849-86c9-4e7d-85c2-3f2c5c36b536,2025-02-26T19:00:00,ENERGYMETER,9157.1,kWh
b9369849-86c9-4e7d-85c2-3f2c5c36b536,2025-02-26T20:00:00,ENERGYMETER,9162.7,kWh
b9369849-86c9-4e7d-85c2-3f2c5c36b536,2025-02-26T21:00:00,ENERGYMETER,9168.4,kWh
b9369849-86c9-4e7d-85c2-3f2c5c36b536,2025-02-26T22:00:00,ENERGYMETER,9173.99,kWh
b9369849-86c9-4e7d-85c2-3f2c5c36b536,2025-02-26T23:00:00,ENERGYMETER,9176.09,kWh
b9369849-86c9-4e7d-85c2-3f2c5c36b536,2025-02-27T01:00:00,ENERGYMETER,9180.2,kWh
b9369849-86c9-4e7d-85c2-3f2c5c36b536,2025-02-27T02:00:00,ENERGYMETER,9182.15,kWh
b9369849-86c9-4e7d-85c2-3f2c5c36b536,2025-02-27T03:00:00,ENERGYMETER,9184.09,kWh
b9369849-86c9-4e7d-85c2-3f2c5c36b536,2025-02-27T04:00:00,ENERGYMETER,9186.04,kWh
b9369849-86c9-4e7d-85c2-3f2c5c36b536,2025-02-27T05:00:00,ENERGYMETER,9187.98,kWh
b9369849-86c9-4e7d-85c2-3f2c5c36b536,2025-02-27T06:00:00,ENERGYMETER,9189.93,kWh
b9369849-86c9-4e7d-85c2-3f2c5c36b536,2025-02-27T07:00:00,ENERGYMETER,9191.33,kWh
b9369849-86c9-4e7d-85c2-3f2c5c36b536,2025-02-27T08:00:00,ENERGYMETER,9191.36,kWh
b9369849-86c9-4e7d-85c2-3f2c5c36b536,2025-02-27T09:00:00,ENERGYMETER,9191.39,kWh
b9369849-86c9-4e7d-85c2-3f2c5c36b536,2025-02-27T10:00:00,ENERGYMETER,9191.42,kWh
b9369849-86c9-4e7d-85c2-3f2c5c36b536,2025-02-27T11:00:00,ENERGYMETER,9191.44,kWh
b9369849-86c9-4e7d-85c2-3f2c5c36b536,2025-02-27T12:00:00,ENERGYMETER,9191.45,kWh
b9369849-86c9-4e7d-85c2-3f2c5c36b536,2025-02-27T13:00:00,ENERGYMETER,9191.47,kWh
b9369849-86c9-4e7d-85c2-3f2c5c36b536,2025-02-27T14:00:00,ENERGYMETER,9191.48,kWh
b9369849-86c9-4e7d-85c2-3f2c5c36b536,2025-02-27T15:00:00,ENERGYMETER,9191.49,kWh
b9369849-86c9-4e7d-85c2-3f2c5c36b536,2025-02-27T16:00:00,ENERGYMETER,9191.5,kWh
b9369849-86c9-4e7d-85c2-3f2c5c36b536,2025-02-27T17:00:00,ENERGYMETER,9191.51,kWh
b9369849-86c9-4e7d-85c2-3f2c5c36b536,2025-02-27T18:00:00,ENERGYMETER,9191.53,kWh
b9369849-86c9-4e7d-85c2-3f2c5c36b536,2025-02-27T19:00:00,ENERGYMETER,9193.56,kWh
b9369849-86c9-4e7d-85c2-3f2c5c36b536,2025-02-27T20:00:00,ENERGYMETER,9195.65,kWh
b9369849-86c9-4e7d-85c2-3f2c5c36b536,2025-02-27T21:00:00,ENERGYMETER,9197.75,kWh
b9369849-86c9-4e7d-85c2-3f2c5c36b536,2025-02-27T22:00:00,ENERGYMETER,9199.85,kWh
b9369849-86c9-4e7d-85c2-3f2c5c36b536,2025-02-27T23:00:00,ENERGYMETER,9201.94,kWh
b9369849-86c9-4e7d-85c2-3f2c5c36b536,2025-02-28T00:00:00,ENERGYMETER,9204.04,kWh
b9369849-86c9-4e7d-85c2-3f2c5c36b536,2025-02-28T01:00:00,ENERGYMETER,9206.07,kWh
b9369849-86c9-4e7d-85c2-3f2c5c36b536,2025-02-28T02:00:00,ENERGYMETER,9208.02,kWh
b9369849-86c9-4e7d-85c2-3f2c5c36b536,2025-02-28T03:00:00,ENERGYMETER,9209.96,kWh
b9369849-86c9-4e7d-85c2-3f2c5c36b536,2025-02-28T04:00:00,ENERGYMETER,9211.91,kWh
b9369849-86c9-4e7d-85c2-3f2c5c36b536,2025-02-28T05:00:00,ENERGYMETER,9213.86,kWh
b9369849-86c9-4e7d-85c2-3f2c5c36b536,2025-02-28T06:00:00,ENERGYMETER,9215.81,kWh
b9369849-86c9-4e7d-85c2-3f2c5c36b536,2025-02-28T07:00:00,ENERGYMETER,9217.16,kWh
b9369849-86c9-4e7d-85c2-3f2c5c36b536,2025-02-28T08:00:00,ENERGYMETER,9217.19,kWh
b9369849-86c9-4e7d-85c2-3f2c5c36b536,2025-02-28T09:00:00,ENERGYMETER,9217.22,kWh
b9369849-86c9-4e7d-85c2-3f2c5c36b536,2025-02-28T10:00:00,ENERGYMETER,9217.24,kWh
b9369849-86c9-4e7d-85c2-3f2c5c36b536,2025-02-28T11:00:00,ENERGYMETER,9217.27,kWh
b9369849-86c9-4e7d-85c2-3f2c5c36b536,2025-02-28T12:00:00,ENERGYMETER,9217.3,kWh
b9369849-86c9-4e7d-85c2-3f2c5c36b536,2025-02-28T13:00:00,ENERGYMETER,9217.31,kWh
b9369849-86c9-4e7d-85c2-3f2c5c36b536,2025-02-28T14:00:00,ENERGYMETER,9217.33,kWh
b9369849-86c9-4e7d-85c2-3f2c5c36b536,2025-02-28T15:00:00,ENERGYMETER,9217.35,kWh
b9369849-86c9-4e7d-85c2-3f2c5c36b536,2025-02-28T16:00:00,ENERGYMETER,9217.37,kWh
b9369849-86c9-4e7d-85c2-3f2c5c36b536,2025-02-28T17:00:00,ENERGYMETER,9217.4,kWh
b9369849-86c9-4e7d-85c2-3f2c5c36b536,2025-02-28T18:00:00,ENERGYMETER,9217.43,kWh
b9369849-86c9-4e7d-85c2-3f2c5c36b536,2025-02-28T19:00:00,ENERGYMETER,9221.69,kWh
b9369849-86c9-4e7d-85c2-3f2c5c36b536,2025-02-28T20:00:00,ENERGYMETER,9227.29,kWh
b9369849-86c9-4e7d-85c2-3f2c5c36b536,2025-02-28T21:00:00,ENERGYMETER,9229.97,kWh
b9369849-86c9-4e7d-85c2-3f2c5c36b536,2025-02-28T22:00:00,ENERGYMETER,9232.08,kWh
b9369849-86c9-4e7d-85c2-3f2c5c36b536,2025-02-28T23:00:00,ENERGYMETER,9234.17,kWh
b9369849-86c9-4e7d-85c2-3f2c5c36b536,2025-03-01T00:00:00,ENERGYMETER,9236.26,kWh
b9369849-86c9-4e7d-85c2-3f2c5c36b536,2025-03-01T01:00:00,ENERGYMETER,9238.27,kWh
b9369849-86c9-4e7d-85c2-3f2c5c36b536,2025-03-01T02:00:00,ENERGYMETER,9240.22,kWh
b9369849-86c9-4e7d-85c2-3f2c5c36b536,2025-03-01T03:00:00,ENERGYMETER,9242.17,kWh
b9369849-86c9-4e7d-85c2-3f2c5c36b536,2025-03-01T04:00:00,ENERGYMETER,9244.12,kWh
b9369849-86c9-4e7d-85c2-3f2c5c36b536,2025-03-01T05:00:00,ENERGYMETER,9246.06,kWh
b9369849-86c9-4e7d-85c2-3f2c5c36b536,2025-03-01T06:00:00,ENERGYMETER,9248.01,kWh
b9369849-86c9-4e7d-85c2-3f2c5c36b536,2025-03-01T07:00:00,ENERGYMETER,9249.35,kWh
b9369849-86c9-4e7d-85c2-3f2c5c36b536,2025-03-01T08:00:00,ENERGYMETER,9249.38,kWh
b9369849-86c9-4e7d-85c2-3f2c5c36b536,2025-03-01T09:00:00,ENERGYMETER,9249.41,kWh
b9369849-86c9-4e7d-85c2-3f2c5c36b536,2025-03-01T10:00:00,ENERGYMETER,9249.44,kWh
b9369849-86c9-4e7d-85c2-3f2c5c36b536,2025-03-01T11:00:00,ENERGYMETER,9249.46,kWh
b9369849-86c9-4e7d-85c2-3f2c5c36b536,2025-03-01T12:00:00,ENERGYMETER,9249.49,kWh
b9369849-86c9-4e7d-85c2-3f2c5c36b536,2025-03-01T13:00:00,ENERGYMETER,9249.52,kWh
b9369849-86c9-4e7d-85c2-3f2c5c36b536,2025-03-01T14:00:00,ENERGYMETER,9249.54,kWh
b9369849-86c9-4e7d-85c2-3f2c5c36b536,2025-03-01T15:00:00,ENERGYMETER,9249.57,kWh
b9369849-86c9-4e7d-85c2-3f2c5c36b536,2025-03-01T16:00:00,ENERGYMETER,9249.6,kWh
b9369849-86c9-4e7d-85c2-3f2c5c36b536,2025-03-01T17:00:00,ENERGYMETER,9249.63,kWh
b9369849-86c9-4e7d-85c2-3f2c5c36b536,2025-03-01T18:00:00,ENERGYMETER,9249.65,kWh
b9369849-86c9-4e7d-85c2-3f2c5c36b536,2025-03-01T19:00:00,ENERGYMETER,9251.56,kWh
b9369849-86c9-4e7d-85c2-3f2c5c36b536,2025-03-01T20:00:00,ENERGYMETER,9253.66,kWh
b9369849-86c9-4e7d-85c2-3f2c5c36b536,2025-03-01T21:00:00,ENERGYMETER,9255.76,kWh
b9369849-86c9-4e7d-85c2-3f2c5c36b536,2025-03-01T22:00:00,ENERGYMETER,9257.86,kWh
b9369849-86c9-4e7d-85c2-3f2c5c36b536,2025-03-01T23:00:00,ENERGYMETER,9259.95,kWh
b9369849-86c9-4e7d-85c2-3f2c5c36b536,2025-03-02T00:00:00,ENERGYMETER,9262.04,kWh
b9369849-86c9-4e7d-85c2-3f2c5c36b536,2025-03-02T01:00:00,ENERGYMETER,9264.07,kWh
b9369849-86c9-4e7d-85c2-3f2c5c36b536,2025-03-02T02:00:00,ENERGYMETER,9266.02,kWh
b9369849-86c9-4e7d-85c2-3f2c5c36b536,2025-03-02T03:00:00,ENERGYMETER,9267.98,kWh
b9369849-86c9-4e7d-85c2-3f2c5c36b536,2025-03-02T04:00:00,ENERGYMETER,9269.93,kWh
b9369849-86c9-4e7d-85c2-3f2c5c36b536,2025-03-02T05:00:00,ENERGYMETER,9271.88,kWh
b9369849-86c9-4e7d-85c2-3f2c5c36b536,2025-03-02T06:00:00,ENERGYMETER,9273.83,kWh
b9369849-86c9-4e7d-85c2-3f2c5c36b536,2025-03-02T07:00:00,ENERGYMETER,9274.95,kWh
b9369849-86c9-4e7d-85c2-3f2c5c36b536,2025-03-02T08:00:00,ENERGYMETER,9274.98,kWh
b9369849-86c9-4e7d-85c2-3f2c5c36b536,2025-03-02T09:00:00,ENERGYMETER,9275.01,kWh
b9369849-86c9-4e7d-85c2-3f2c5c36b536,2025-03-02T10:00:00,ENERGYMETER,9275.03,kWh
b9369849-86c9-4e7d-85c2-3f2c5c36b536,2025-03-02T11:00:00,ENERGYMETER,9275.06,kWh
b9369849-86c9-4e7d-85c2-3f2c5c36b536,2025-03-02T12:00:00,ENERGYMETER,9275.09,kWh
b9369849-86c9-4e7d-85c2-3f2c5c36b536,2025-03-02T13:00:00,ENERGYMETER,9275.12,kWh
b9369849-86c9-4e7d-85c2-3f2c5c36b536,2025-03-02T14:00:00,ENERGYMETER,9275.14,kWh
b9369849-86c9-4e7d-85c2-3f2c5c36b536,2025-03-02T15:00:00,ENERGYMETER,9275.17,kWh
b9369849-86c9-4e7d-85c2-3f2c5c36b536,2025-03-02T16:00:00,ENERGYMETER,9275.2,kWh
b9369849-86c9-4e7d-85c2-3f2c5c36b536,2025-03-02T17:00:00,ENERGYMETER,9275.23,kWh
b9369849-86c9-4e7d-85c2-3f2c5c36b536,2025-03-02T18:00:00,ENERGYMETER,9275.25,kWh
b9369849-86c9-4e7d-85c2-3f2c5c36b536,2025-03-02T19:00:00,ENERGYMETER,9277.12,kWh
b9369849-86c9-4e7d-85c2-3f2c5c36b536,2025-03-02T20:00:00,ENERGYMETER,9279.22,kWh
b9369849-86c9-4e7d-85c2-3f2c5c36b536,2025-03-02T21:00:00,ENERGYMETER,9281.31,kWh
b9369849-86c9-4e7d-85c2-3f2c5c36b536,2025-03-02T22:00:00,ENERGYMETER,9283.41,kWh
b9369849-86c9-4e7d-85c2-3f2c5c36b536,2025-03-02T23:00:00,ENERGYMETER,9285.5,kWh
b9369849-86c9-4e7d-85c2-3f2c5c36b536,2025-03-03T00:00:00,ENERGYMETER,9287.58,kWh
b9369849-86c9-4e7d-85c2-3f2c5c36b536,2025-03-03T01:00:00,ENERGYMETER,9289.61,kWh
b9369849-86c9-4e7d-85c2-3f2c5c36b536,2025-03-03T02:00:00,ENERGYMETER,9291.55,kWh
b9369849-86c9-4e7d-85c2-3f2c5c36b536,2025-03-03T03:00:00,ENERGYMETER,9293.49,kWh
b9369849-86c9-4e7d-85c2-3f2c5c36b536,2025-03-03T04:00:00,ENERGYMETER,9295.43,kWh
b9369849-86c9-4e7d-85c2-3f2c5c36b536,2025-03-03T05:00:00,ENERGYMETER,9297.37,kWh
b9369849-86c9-4e7d-85c2-3f2c5c36b536,2025-03-03T06:00:00,ENERGYMETER,9299.31,kWh
b9369849-86c9-4e7d-85c2-3f2c5c36b536,2025-03-03T07:00:00,ENERGYMETER,9300.38,kWh
b9369849-86c9-4e7d-85c2-3f2c5c36b536,2025-03-03T08:00:00,ENERGYMETER,9300.41,kWh
b9369849-86c9-4e7d-85c2-3f2c5c36b536,2025-03-03T09:00:00,ENERGYMETER,9300.43,kWh
b9369849-86c9-4e7d-85c2-3f2c5c36b536,2025-03-03T10:00:00,ENERGYMETER,9300.46,kWh
b9369849-86c9-4e7d-85c2-3f2c5c36b536,2025-03-03T11:00:00,ENERGYMETER,9300.48,kWh
b9369849-86c9-4e7d-85c2-3f2c5c36b536,2025-03-03T12:00:00,ENERGYMETER,9300.5,kWh
b9369849-86c9-4e7d-85c2-3f2c5c36b536,2025-03-03T13:00:00,ENERGYMETER,9300.5,kWh
b9369849-86c9-4e7d-85c2-3f2c5c36b536,2025-03-03T14:00:00,ENERGYMETER,9300.51,kWh
b9369849-86c9-4e7d-85c2-3f2c5c36b536,2025-03-03T15:00:00,ENERGYMETER,9300.51,kWh
b9369849-86c9-4e7d-85c2-3f2c5c36b536,2025-03-03T16:00:00,ENERGYMETER,9300.52,kWh
b9369849-86c9-4e7d-85c2-3f2c5c36b536,2025-03-03T17:00:00,ENERGYMETER,9300.53,kWh
b9369849-86c9-4e7d-85c2-3f2c5c36b536,2025-03-03T18:00:00,ENERGYMETER,9300.55,kWh
b9369849-86c9-4e7d-85c2-3f2c5c36b536,2025-03-03T19:00:00,ENERGYMETER,9302.36,kWh
b9369849-86c9-4e7d-85c2-3f2c5c36b536,2025-03-03T20:00:00,ENERGYMETER,9304.45,kWh
b9369849-86c9-4e7d-85c2-3f2c5c36b536,2025-03-03T21:00:00,ENERGYMETER,9306.53,kWh
b9369849-86c9-4e7d-85c2-3f2c5c36b536,2025-03-03T22:00:00,ENERGYMETER,9308.61,kWh
b9369849-86c9-4e7d-85c2-3f2c5c36b536,2025-03-03T23:00:00,ENERGYMETER,9310.7,kWh
b9369849-86c9-4e7d-85c2-3f2c5c36b536,2025-03-04T00:00:00,ENERGYMETER,9312.77,kWh
b9369849-86c9-4e7d-85c2-3f2c5c36b536,2025-03-04T01:00:00,ENERGYMETER,9314.78,kWh
b9369849-86c9-4e7d-85c2-3f2c5c36b536,2025-03-04T02:00:00,ENERGYMETER,9316.71,kWh
b9369849-86c9-4e7d-85c2-3f2c5c36b536,2025-03-04T03:00:00,ENERGYMETER,9318.63,kWh
b9369849-86c9-4e7d-85c2-3f2c5c36b536,2025-03-04T04:00:00,ENERGYMETER,9320.57,kWh
b9369849-86c9-4e7d-85c2-3f2c5c36b536,2025-03-04T05:00:00,ENERGYMETER,9322.49,kWh
b9369849-86c9-4e7d-85c2-3f2c5c36b536,2025-03-04T06:00:00,ENERGYMETER,9324.41,kWh
b9369849-86c9-4e7d-85c2-3f2c5c36b536,2025-03-04T07:00:00,ENERGYMETER,9325.46,kWh
b9369849-86c9-4e7d-85c2-3f2c5c36b536,2025-03-04T08:00:00,ENERGYMETER,9325.47,kWh
b9369849-86c9-4e7d-85c2-3f2c5c36b536,2025-03-04T09:00:00,ENERGYMETER,9325.49,kWh
b9369849-86c9-4e7d-85c2-3f2c5c36b536,2025-03-04T10:00:00,ENERGYMETER,9325.5,kWh
b9369849-86c9-4e7d-85c2-3f2c5c36b536,2025-03-04T11:00:00,ENERGYMETER,9325.51,kWh
b9369849-86c9-4e7d-85c2-3f2c5c36b536,2025-03-04T12:00:00,ENERGYMETER,9325.51,kWh
b9369849-86c9-4e7d-85c2-3f2c5c36b536,2025-03-04T13:00:00,ENERGYMETER,9325.52,kWh
b9369849-86c9-4e7d-85c2-3f2c5c36b536,2025-03-04T14:00:00,ENERGYMETER,9325.52,kWh
b9369849-86c9-4e7d-85c2-3f2c5c36b536,2025-03-04T15:00:00,ENERGYMETER,9325.52,kWh
b9369849-86c9-4e7d-85c2-3f2c5c36b536,2025-03-04T16:00:00,ENERGYMETER,9325.53,kWh
b9369849-86c9-4e7d-85c2-3f2c5c36b536,2025-03-04T17:00:00,ENERGYMETER,9325.53,kWh
b9369849-86c9-4e7d-85c2-3f2c5c36b536,2025-03-04T18:00:00,ENERGYMETER,9325.53,kWh
b9369849-86c9-4e7d-85c2-3f2c5c36b536,2025-03-04T19:00:00,ENERGYMETER,9327.31,kWh
b9369849-86c9-4e7d-85c2-3f2c5c36b536,2025-03-04T20:00:00,ENERGYMETER,9332.5,kWh
b9369849-86c9-4e7d-85c2-3f2c5c36b536,2025-03-04T21:00:00,ENERGYMETER,9336.5,kWh
b9369849-86c9-4e7d-85c2-3f2c5c36b536,2025-03-04T22:00:00,ENERGYMETER,9338.58,kWh
b9369849-86c9-4e7d-85c2-3f2c5c36b536,2025-03-04T23:00:00,ENERGYMETER,9340.65,kWh
b9369849-86c9-4e7d-85c2-3f2c5c36b536,2025-03-05T00:00:00,ENERGYMETER,9342.72,kWh
b9369849-86c9-4e7d-85c2-3f2c5c36b536,2025-03-05T01:00:00,ENERGYMETER,9344.72,kWh
b9369849-86c9-4e7d-85c2-3f2c5c36b536,2025-03-05T02:00:00,ENERGYMETER,9346.65,kWh
b9369849-86c9-4e7d-85c2-3f2c5c36b536,2025-03-05T03:00:00,ENERGYMETER,9348.58,kWh
b9369849-86c9-4e7d-85c2-3f2c5c36b536,2025-03-05T04:00:00,ENERGYMETER,9350.51,kWh
b9369849-86c9-4e7d-85c2-3f2c5c36b536,2025-03-05T05:00:00,ENERGYMETER,9352.43,kWh
b9369849-86c9-4e7d-85c2-3f2c5c36b536,2025-03-05T06:00:00,ENERGYMETER,9354.36,kWh
b9369849-86c9-4e7d-85c2-3f2c5c36b536,2025-03-05T07:00:00,ENERGYMETER,9355.36,kWh
b9369849-86c9-4e7d-85c2-3f2c5c36b536,2025-03-05T08:00:00,ENERGYMETER,9355.38,kWh
b9369849-86c9-4e7d-85c2-3f2c5c36b536,2025-03-05T09:00:00,ENERGYMETER,9355.4,kWh
b9369849-86c9-4e7d-85c2-3f2c5c36b536,2025-03-05T10:00:00,ENERGYMETER,9355.42,kWh
b9369849-86c9-4e7d-85c2-3f2c5c36b536,2025-03-05T11:00:00,ENERGYMETER,9355.42,kWh
b9369849-86c9-4e7d-85c2-3f2c5c36b536,2025-03-05T12:00:00,ENERGYMETER,9355.43,kWh
b9369849-86c9-4e7d-85c2-3f2c5c36b536,2025-03-05T13:00:00,ENERGYMETER,9355.43,kWh
b9369849-86c9-4e7d-85c2-3f2c5c36b536,2025-03-05T14:00:00,ENERGYMETER,9355.43,kWh
b9369849-86c9-4e7d-85c2-3f2c5c36b536,2025-03-05T15:00:00,ENERGYMETER,9355.44,kWh
b9369849-86c9-4e7d-85c2-3f2c5c36b536,2025-03-05T16:00:00,ENERGYMETER,9355.44,kWh
b9369849-86c9-4e7d-85c2-3f2c5c36b536,2025-03-05T17:00:00,ENERGYMETER,9355.45,kWh
b9369849-86c9-4e7d-85c2-3f2c5c36b536,2025-03-05T18:00:00,ENERGYMETER,9355.45,kWh
b9369849-86c9-4e7d-85c2-3f2c5c36b536,2025-03-05T19:00:00,ENERGYMETER,9357.18,kWh
b9369849-86c9-4e7d-85c2-3f2c5c36b536,2025-03-05T20:00:00,ENERGYMETER,9359.26,kWh
b9369849-86c9-4e7d-85c2-3f2c5c36b536,2025-03-05T21:00:00,ENERGYMETER,9361.34,kWh
b9369849-86c9-4e7d-85c2-3f2c5c36b536,2025-03-05T22:00:00,ENERGYMETER,9363.42,kWh
b9369849-86c9-4e7d-85c2-3f2c5c36b536,2025-03-05T23:00:00,ENERGYMETER,9365.5,kWh
b9369849-86c9-4e7d-85c2-3f2c5c36b536,2025-03-06T00:00:00,ENERGYMETER,9367.58,kWh
b9369849-86c9-4e7d-85c2-3f2c5c36b536,2025-03-06T01:00:00,ENERGYMETER,9369.57,kWh
b9369849-86c9-4e7d-85c2-3f2c5c36b536,2025-03-06T02:00:00,ENERGYMETER,9371.52,kWh
b9369849-86c9-4e7d-85c2-3f2c5c36b536,2025-03-06T03:00:00,ENERGYMETER,9373.45,kWh
b9369849-86c9-4e7d-85c2-3f2c5c36b536,2025-03-06T04:00:00,ENERGYMETER,9375.38,kWh
b9369849-86c9-4e7d-85c2-3f2c5c36b536,2025-03-06T05:00:00,ENERGYMETER,9377.31,kWh
b9369849-86c9-4e7d-85c2-3f2c5c36b536,2025-03-06T06:00:00,ENERGYMETER,9379.25,kWh
b9369849-86c9-4e7d-85c2-3f2c5c36b536,2025-03-06T07:00:00,ENERGYMETER,9380.22,kWh
b9369849-86c9-4e7d-85c2-3f2c5c36b536,2025-03-06T08:00:00,ENERGYMETER,9380.25,kWh
b9369849-86c9-4e7d-85c2-3f2c5c36b536,2025-03-06T09:00:00,ENERGYMETER,9380.26,kWh
b9369849-86c9-4e7d-85c2-3f2c5c36b536,2025-03-06T10:00:00,ENERGYMETER,9380.28,kWh
b9369849-86c9-4e7d-85c2-3f2c5c36b536,2025-03-06T11:00:00,ENERGYMETER,9380.3,kWh
b9369849-86c9-4e7d-85c2-3f2c5c36b536,2025-03-06T12:00:00,ENERGYMETER,9380.31,kWh
b9369849-86c9-4e7d-85c2-3f2c5c36b536,2025-03-06T13:00:00,ENERGYMETER,9380.32,kWh
b9369849-86c9-4e7d-85c2-3f2c5c36b536,2025-03-06T14:00:00,ENERGYMETER,9380.33,kWh
b9369849-86c9-4e7d-85c2-3f2c5c36b536,2025-03-06T15:00:00,ENERGYMETER,9380.34,kWh
b9369849-86c9-4e7d-85c2-3f2c5c36b536,2025-03-06T16:00:00,ENERGYMETER,9380.35,kWh
b9369849-86c9-4e7d-85c2-3f2c5c36b536,2025-03-06T17:00:00,ENERGYMETER,9380.36,kWh
b9369849-86c9-4e7d-85c2-3f2c5c36b536,2025-03-06T18:00:00,ENERGYMETER,9380.38,kWh
b9369849-86c9-4e7d-85c2-3f2c5c36b536,2025-03-06T19:00:00,ENERGYMETER,9382.08,kWh
b9369849-86c9-4e7d-85c2-3f2c5c36b536,2025-03-06T20:00:00,ENERGYMETER,9384.16,kWh
b9369849-86c9-4e7d-85c2-3f2c5c36b536,2025-03-06T21:00:00,ENERGYMETER,9386.24,kWh
b9369849-86c9-4e7d-85c2-3f2c5c36b536,2025-03-06T22:00:00,ENERGYMETER,9388.32,kWh
b9369849-86c9-4e7d-85c2-3f2c5c36b536,2025-03-06T23:00:00,ENERGYMETER,9390.4,kWh
b9369849-86c9-4e7d-85c2-3f2c5c36b536,2025-03-07T00:00:00,ENERGYMETER,9392.47,kWh
b9369849-86c9-4e7d-85c2-3f2c5c36b536,2025-03-07T01:00:00,ENERGYMETER,9394.47,kWh
b9369849-86c9-4e7d-85c2-3f2c5c36b536,2025-03-07T02:00:00,ENERGYMETER,9396.4,kWh
b9369849-86c9-4e7d-85c2-3f2c5c36b536,2025-03-07T03:00:00,ENERGYMETER,9398.33,kWh
b9369849-86c9-4e7d-85c2-3f2c5c36b536,2025-03-07T04:00:00,ENERGYMETER,9400.26,kWh
b9369849-86c9-4e7d-85c2-3f2c5c36b536,2025-03-07T05:00:00,ENERGYMETER,9402.18,kWh
b9369849-86c9-4e7d-85c2-3f2c5c36b536,2025-03-07T06:00:00,ENERGYMETER,9404.11,kWh
b9369849-86c9-4e7d-85c2-3f2c5c36b536,2025-03-07T07:00:00,ENERGYMETER,9405.04,kWh
b9369849-86c9-4e7d-85c2-3f2c5c36b536,2025-03-07T08:00:00,ENERGYMETER,9405.05,kWh
b9369849-86c9-4e7d-85c2-3f2c5c36b536,2025-03-07T09:00:00,ENERGYMETER,9405.08,kWh
b9369849-86c9-4e7d-85c2-3f2c5c36b536,2025-03-07T10:00:00,ENERGYMETER,9405.09,kWh
b9369849-86c9-4e7d-85c2-3f2c5c36b536,2025-03-07T11:00:00,ENERGYMETER,9405.1,kWh
b9369849-86c9-4e7d-85c2-3f2c5c36b536,2025-03-07T12:00:00,ENERGYMETER,9405.12,kWh
b9369849-86c9-4e7d-85c2-3f2c5c36b536,2025-03-07T13:00:00,ENERGYMETER,9405.13,kWh
b9369849-86c9-4e7d-85c2-3f2c5c36b536,2025-03-07T14:00:00,ENERGYMETER,9405.14,kWh
b9369849-86c9-4e7d-85c2-3f2c5c36b536,2025-03-07T15:00:00,ENERGYMETER,9405.14,kWh
b9369849-86c9-4e7d-85c2-3f2c5c36b536,2025-03-07T16:00:00,ENERGYMETER,9405.15,kWh
b9369849-86c9-4e7d-85c2-3f2c5c36b536,2025-03-07T17:00:00,ENERGYMETER,9405.16,kWh
b9369849-86c9-4e7d-85c2-3f2c5c36b536,2025-03-07T18:00:00,ENERGYMETER,9405.17,kWh
b9369849-86c9-4e7d-85c2-3f2c5c36b536,2025-03-07T19:00:00,ENERGYMETER,9406.84,kWh
b9369849-86c9-4e7d-85c2-3f2c5c36b536,2025-03-07T20:00:00,ENERGYMETER,9408.92,kWh
b9369849-86c9-4e7d-85c2-3f2c5c36b536,2025-03-07T21:00:00,ENERGYMETER,9410.99,kWh
b9369849-86c9-4e7d-85c2-3f2c5c36b536,2025-03-07T22:00:00,ENERGYMETER,9413.08,kWh
b9369849-86c9-4e7d-85c2-3f2c5c36b536,2025-03-07T23:00:00,ENERGYMETER,9415.14,kWh
b9369849-86c9-4e7d-85c2-3f2c5c36b536,2025-03-08T00:00:00,ENERGYMETER,9417.21,kWh
b9369849-86c9-4e7d-85c2-3f2c5c36b536,2025-03-08T01:00:00,ENERGYMETER,9419.2,kWh
b9369849-86c9-4e7d-85c2-3f2c5c36b536,2025-03-08T02:00:00,ENERGYMETER,9421.13,kWh
b9369849-86c9-4e7d-85c2-3f2c5c36b536,2025-03-08T03:00:00,ENERGYMETER,9423.05,kWh
b9369849-86c9-4e7d-85c2-3f2c5c36b536,2025-03-08T04:00:00,ENERGYMETER,9424.97,kWh
b9369849-86c9-4e7d-85c2-3f2c5c36b536,2025-03-08T05:00:00,ENERGYMETER,9426.89,kWh
b9369849-86c9-4e7d-85c2-3f2c5c36b536,2025-03-08T06:00:00,ENERGYMETER,9428.81,kWh
b9369849-86c9-4e7d-85c2-3f2c5c36b536,2025-03-08T07:00:00,ENERGYMETER,9429.7,kWh
b9369849-86c9-4e7d-85c2-3f2c5c36b536,2025-03-08T08:00:00,ENERGYMETER,9429.72,kWh
b9369849-86c9-4e7d-85c2-3f2c5c36b536,2025-03-08T09:00:00,ENERGYMETER,9429.73,kWh
b9369849-86c9-4e7d-85c2-3f2c5c36b536,2025-03-08T10:00:00,ENERGYMETER,9429.74,kWh
b9369849-86c9-4e7d-85c2-3f2c5c36b536,2025-03-08T11:00:00,ENERGYMETER,9429.74,kWh
b9369849-86c9-4e7d-85c2-3f2c5c36b536,2025-03-08T12:00:00,ENERGYMETER,9429.75,kWh
b9369849-86c9-4e7d-85c2-3f2c5c36b536,2025-03-08T13:00:00,ENERGYMETER,9429.75,kWh
b9369849-86c9-4e7d-85c2-3f2c5c36b536,2025-03-08T14:00:00,ENERGYMETER,9429.75,kWh
b9369849-86c9-4e7d-85c2-3f2c5c36b536,2025-03-08T15:00:00,ENERGYMETER,9429.76,kWh
b9369849-86c9-4e7d-85c2-3f2c5c36b536,2025-03-08T16:00:00,ENERGYMETER,9429.76,kWh
b9369849-86c9-4e7d-85c2-3f2c5c36b536,2025-03-08T17:00:00,ENERGYMETER,9429.77,kWh
b9369849-86c9-4e7d-85c2-3f2c5c36b536,2025-03-08T18:00:00,ENERGYMETER,9429.77,kWh
b9369849-86c9-4e7d-85c2-3f2c5c36b536,2025-03-08T19:00:00,ENERGYMETER,9431.35,kWh
b9369849-86c9-4e7d-85c2-3f2c5c36b536,2025-03-08T20:00:00,ENERGYMETER,9433.44,kWh
b9369849-86c9-4e7d-85c2-3f2c5c36b536,2025-03-08T21:00:00,ENERGYMETER,9435.54,kWh
b9369849-86c9-4e7d-85c2-3f2c5c36b536,2025-03-08T22:00:00,ENERGYMETER,9437.65,kWh
b9369849-86c9-4e7d-85c2-3f2c5c36b536,2025-03-08T23:00:00,ENERGYMETER,9439.73,kWh
b9369849-86c9-4e7d-85c2-3f2c5c36b536,2025-03-09T00:00:00,ENERGYMETER,9441.82,kWh
b9369849-86c9-4e7d-85c2-3f2c5c36b536,2025-03-09T01:00:00,ENERGYMETER,9443.84,kWh
b9369849-86c9-4e7d-85c2-3f2c5c36b536,2025-03-09T02:00:00,ENERGYMETER,9445.78,kWh
b9369849-86c9-4e7d-85c2-3f2c5c36b536,2025-03-09T03:00:00,ENERGYMETER,9447.72,kWh
b9369849-86c9-4e7d-85c2-3f2c5c36b536,2025-03-09T04:00:00,ENERGYMETER,9449.67,kWh
b9369849-86c9-4e7d-85c2-3f2c5c36b536,2025-03-09T05:00:00,ENERGYMETER,9451.61,kWh
b9369849-86c9-4e7d-85c2-3f2c5c36b536,2025-03-09T06:00:00,ENERGYMETER,9453.55,kWh
b9369849-86c9-4e7d-85c2-3f2c5c36b536,2025-03-09T07:00:00,ENERGYMETER,9454.22,kWh
b9369849-86c9-4e7d-85c2-3f2c5c36b536,2025-03-09T08:00:00,ENERGYMETER,9454.25,kWh
b9369849-86c9-4e7d-85c2-3f2c5c36b536,2025-03-09T09:00:00,ENERGYMETER,9454.28,kWh
b9369849-86c9-4e7d-85c2-3f2c5c36b536,2025-03-09T10:00:00,ENERGYMETER,9454.29,kWh
b9369849-86c9-4e7d-85c2-3f2c5c36b536,2025-03-09T11:00:00,ENERGYMETER,9454.32,kWh
b9369849-86c9-4e7d-85c2-3f2c5c36b536,2025-03-09T12:00:00,ENERGYMETER,9454.33,kWh
b9369849-86c9-4e7d-85c2-3f2c5c36b536,2025-03-09T13:00:00,ENERGYMETER,9454.34,kWh
b9369849-86c9-4e7d-85c2-3f2c5c36b536,2025-03-09T14:00:00,ENERGYMETER,9454.36,kWh
b9369849-86c9-4e7d-85c2-3f2c5c36b536,2025-03-09T15:00:00,ENERGYMETER,9454.36,kWh
b9369849-86c9-4e7d-85c2-3f2c5c36b536,2025-03-09T16:00:00,ENERGYMETER,9454.36,kWh
b9369849-86c9-4e7d-85c2-3f2c5c36b536,2025-03-09T17:00:00,ENERGYMETER,9454.38,kWh
b9369849-86c9-4e7d-85c2-3f2c5c36b536,2025-03-09T18:00:00,ENERGYMETER,9454.39,kWh
b9369849-86c9-4e7d-85c2-3f2c5c36b536,2025-03-09T19:00:00,ENERGYMETER,9455.93,kWh
b9369849-86c9-4e7d-85c2-3f2c5c36b536,2025-03-09T20:00:00,ENERGYMETER,9458.02,kWh
b9369849-86c9-4e7d-85c2-3f2c5c36b536,2025-03-09T21:00:00,ENERGYMETER,9460.1,kWh
b9369849-86c9-4e7d-85c2-3f2c5c36b536,2025-03-09T22:00:00,ENERGYMETER,9462.19,kWh
b9369849-86c9-4e7d-85c2-3f2c5c36b536,2025-03-09T23:00:00,ENERGYMETER,9464.27,kWh
b9369849-86c9-4e7d-85c2-3f2c5c36b536,2025-03-10T00:00:00,ENERGYMETER,9466.35,kWh
b9369849-86c9-4e7d-85c2-3f2c5c36b536,2025-03-10T01:00:00,ENERGYMETER,9468.37,kWh
b9369849-86c9-4e7d-85c2-3f2c5c36b536,2025-03-10T02:00:00,ENERGYMETER,9470.3,kWh
b9369849-86c9-4e7d-85c2-3f2c5c36b536,2025-03-10T03:00:00,ENERGYMETER,9472.24,kWh
b9369849-86c9-4e7d-85c2-3f2c5c36b536,2025-03-10T04:00:00,ENERGYMETER,9474.19,kWh
b9369849-86c9-4e7d-85c2-3f2c5c36b536,2025-03-10T05:00:00,ENERGYMETER,9476.13,kWh
b9369849-86c9-4e7d-85c2-3f2c5c36b536,2025-03-10T06:00:00,ENERGYMETER,9478.07,kWh
b9369849-86c9-4e7d-85c2-3f2c5c36b536,2025-03-10T07:00:00,ENERGYMETER,9478.71,kWh
b9369849-86c9-4e7d-85c2-3f2c5c36b536,2025-03-10T08:00:00,ENERGYMETER,9478.74,kWh
b9369849-86c9-4e7d-85c2-3f2c5c36b536,2025-03-10T09:00:00,ENERGYMETER,9478.76,kWh
b9369849-86c9-4e7d-85c2-3f2c5c36b536,2025-03-10T10:00:00,ENERGYMETER,9478.78,kWh
b9369849-86c9-4e7d-85c2-3f2c5c36b536,2025-03-10T11:00:00,ENERGYMETER,9478.81,kWh
b9369849-86c9-4e7d-85c2-3f2c5c36b536,2025-03-10T12:00:00,ENERGYMETER,9478.82,kWh
b9369849-86c9-4e7d-85c2-3f2c5c36b536,2025-03-10T13:00:00,ENERGYMETER,9478.83,kWh
b9369849-86c9-4e7d-85c2-3f2c5c36b536,2025-03-10T14:00:00,ENERGYMETER,9478.83,kWh
b9369849-86c9-4e7d-85c2-3f2c5c36b536,2025-03-10T15:00:00,ENERGYMETER,9478.84,kWh
b9369849-86c9-4e7d-85c2-3f2c5c36b536,2025-03-10T16:00:00,ENERGYMETER,9478.84,kWh
b9369849-86c9-4e7d-85c2-3f2c5c36b536,2025-03-10T17:00:00,ENERGYMETER,9478.84,kWh
b9369849-86c9-4e7d-85c2-3f2c5c36b536,2025-03-10T18:00:00,ENERGYMETER,9478.85,kWh
b9369849-86c9-4e7d-85c2-3f2c5c36b536,2025-03-10T19:00:00,ENERGYMETER,9480.35,kWh
b9369849-86c9-4e7d-85c2-3f2c5c36b536,2025-03-10T20:00:00,ENERGYMETER,9482.44,kWh
b9369849-86c9-4e7d-85c2-3f2c5c36b536,2025-03-10T21:00:00,ENERGYMETER,9484.52,kWh
b9369849-86c9-4e7d-85c2-3f2c5c36b536,2025-03-10T22:00:00,ENERGYMETER,9486.6,kWh
b9369849-86c9-4e7d-85c2-3f2c5c36b536,2025-03-10T23:00:00,ENERGYMETER,9488.67,kWh
b9369849-86c9-4e7d-85c2-3f2c5c36b536,2025-03-11T00:00:00,ENERGYMETER,9490.74,kWh
b9369849-86c9-4e7d-85c2-3f2c5c36b536,2025-03-11T01:00:00,ENERGYMETER,9492.73,kWh
b9369849-86c9-4e7d-85c2-3f2c5c36b536,2025-03-11T02:00:00,ENERGYMETER,9494.66,kWh
b9369849-86c9-4e7d-85c2-3f2c5c36b536,2025-03-11T03:00:00,ENERGYMETER,9496.59,kWh
b9369849-86c9-4e7d-85c2-3f2c5c36b536,2025-03-11T04:00:00,ENERGYMETER,9498.51,kWh
b9369849-86c9-4e7d-85c2-3f2c5c36b536,2025-03-11T05:00:00,ENERGYMETER,9500.45,kWh
b9369849-86c9-4e7d-85c2-3f2c5c36b536,2025-03-11T06:00:00,ENERGYMETER,9502.38,kWh
b9369849-86c9-4e7d-85c2-3f2c5c36b536,2025-03-11T07:00:00,ENERGYMETER,9502.98,kWh
b9369849-86c9-4e7d-85c2-3f2c5c36b536,2025-03-11T08:00:00,ENERGYMETER,9503.0,kWh
b9369849-86c9-4e7d-85c2-3f2c5c36b536,2025-03-11T09:00:00,ENERGYMETER,9503.02,kWh
b9369849-86c9-4e7d-85c2-3f2c5c36b536,2025-03-11T10:00:00,ENERGYMETER,9503.03,kWh
b9369849-86c9-4e7d-85c2-3f2c5c36b536,2025-03-11T11:00:00,ENERGYMETER,9503.04,kWh
b9369849-86c9-4e7d-85c2-3f2c5c36b536,2025-03-11T12:00:00,ENERGYMETER,9503.04,kWh
b9369849-86c9-4e7d-85c2-3f2c5c36b536,2025-03-11T13:00:00,ENERGYMETER,9503.04,kWh
b9369849-86c9-4e7d-85c2-3f2c5c36b536,2025-03-11T14:00:00,ENERGYMETER,9503.05,kWh
b9369849-86c9-4e7d-85c2-3f2c5c36b536,2025-03-11T15:00:00,ENERGYMETER,9503.05,kWh
b9369849-86c9-4e7d-85c2-3f2c5c36b536,2025-03-11T16:00:00,ENERGYMETER,9503.06,kWh
b9369849-86c9-4e7d-85c2-3f2c5c36b536,2025-03-11T17:00:00,ENERGYMETER,9503.07,kWh
b9369849-86c9-4e7d-85c2-3f2c5c36b536,2025-03-11T18:00:00,ENERGYMETER,9503.09,kWh
b9369849-86c9-4e7d-85c2-3f2c5c36b536,2025-03-11T19:00:00,ENERGYMETER,9504.55,kWh
b9369849-86c9-4e7d-85c2-3f2c5c36b536,2025-03-11T20:00:00,ENERGYMETER,9506.65,kWh
b9369849-86c9-4e7d-85c2-3f2c5c36b536,2025-03-11T21:00:00,ENERGYMETER,9508.74,kWh
b9369849-86c9-4e7d-85c2-3f2c5c36b536,2025-03-11T22:00:00,ENERGYMETER,9510.82,kWh
b9369849-86c9-4e7d-85c2-3f2c5c36b536,2025-03-11T23:00:00,ENERGYMETER,9512.91,kWh
b9369849-86c9-4e7d-85c2-3f2c5c36b536,2025-03-12T00:00:00,ENERGYMETER,9514.99,kWh
b9369849-86c9-4e7d-85c2-3f2c5c36b536,2025-03-12T01:00:00,ENERGYMETER,9516.99,kWh
b9369849-86c9-4e7d-85c2-3f2c5c36b536,2025-03-12T02:00:00,ENERGYMETER,9518.94,kWh
b9369849-86c9-4e7d-85c2-3f2c5c36b536,2025-03-12T03:00:00,ENERGYMETER,9520.87,kWh
b9369849-86c9-4e7d-85c2-3f2c5c36b536,2025-03-12T04:00:00,ENERGYMETER,9522.8,kWh
b9369849-86c9-4e7d-85c2-3f2c5c36b536,2025-03-12T05:00:00,ENERGYMETER,9524.74,kWh
b9369849-86c9-4e7d-85c2-3f2c5c36b536,2025-03-12T06:00:00,ENERGYMETER,9526.68,kWh
b9369849-86c9-4e7d-85c2-3f2c5c36b536,2025-03-12T07:00:00,ENERGYMETER,9527.26,kWh
b9369849-86c9-4e7d-85c2-3f2c5c36b536,2025-03-12T08:00:00,ENERGYMETER,9527.28,kWh
b9369849-86c9-4e7d-85c2-3f2c5c36b536,2025-03-12T09:00:00,ENERGYMETER,9527.3,kWh
b9369849-86c9-4e7d-85c2-3f2c5c36b536,2025-03-12T10:00:00,ENERGYMETER,9527.32,kWh
b9369849-86c9-4e7d-85c2-3f2c5c36b536,2025-03-12T11:00:00,ENERGYMETER,9527.34,kWh
b9369849-86c9-4e7d-85c2-3f2c5c36b536,2025-03-12T12:00:00,ENERGYMETER,9527.35,kWh
b9369849-86c9-4e7d-85c2-3f2c5c36b536,2025-03-12T13:00:00,ENERGYMETER,9527.37,kWh
b9369849-86c9-4e7d-85c2-3f2c5c36b536,2025-03-12T14:00:00,ENERGYMETER,9527.38,kWh
b9369849-86c9-4e7d-85c2-3f2c5c36b536,2025-03-12T15:00:00,ENERGYMETER,9527.4,kWh
b9369849-86c9-4e7d-85c2-3f2c5c36b536,2025-03-12T16:00:00,ENERGYMETER,9527.42,kWh
b9369849-86c9-4e7d-85c2-3f2c5c36b536,2025-03-12T17:00:00,ENERGYMETER,9527.43,kWh
b9369849-86c9-4e7d-85c2-3f2c5c36b536,2025-03-12T18:00:00,ENERGYMETER,9527.46,kWh
b9369849-86c9-4e7d-85c2-3f2c5c36b536,2025-03-12T19:00:00,ENERGYMETER,9528.91,kWh
b9369849-86c9-4e7d-85c2-3f2c5c36b536,2025-03-12T20:00:00,ENERGYMETER,9531.01,kWh
b9369849-86c9-4e7d-85c2-3f2c5c36b536,2025-03-12T21:00:00,ENERGYMETER,9533.12,kWh
b9369849-86c9-4e7d-85c2-3f2c5c36b536,2025-03-12T22:00:00,ENERGYMETER,9535.23,kWh
b9369849-86c9-4e7d-85c2-3f2c5c36b536,2025-03-12T23:00:00,ENERGYMETER,9537.32,kWh
b9369849-86c9-4e7d-85c2-3f2c5c36b536,2025-03-13T00:00:00,ENERGYMETER,9539.41,kWh
b9369849-86c9-4e7d-85c2-3f2c5c36b536,2025-03-13T01:00:00,ENERGYMETER,9541.42,kWh
b9369849-86c9-4e7d-85c2-3f2c5c36b536,2025-03-13T02:00:00,ENERGYMETER,9543.37,kWh
b9369849-86c9-4e7d-85c2-3f2c5c36b536,2025-03-13T03:00:00,ENERGYMETER,9545.32,kWh
b9369849-86c9-4e7d-85c2-3f2c5c36b536,2025-03-13T04:00:00,ENERGYMETER,9547.26,kWh
b9369849-86c9-4e7d-85c2-3f2c5c36b536,2025-03-13T05:00:00,ENERGYMETER,9549.21,kWh
b9369849-86c9-4e7d-85c2-3f2c5c36b536,2025-03-13T06:00:00,ENERGYMETER,9551.15,kWh
b9369849-86c9-4e7d-85c2-3f2c5c36b536,2025-03-13T07:00:00,ENERGYMETER,9551.71,kWh
b9369849-86c9-4e7d-85c2-3f2c5c36b536,2025-03-13T08:00:00,ENERGYMETER,9551.73,kWh
b9369849-86c9-4e7d-85c2-3f2c5c36b536,2025-03-13T09:00:00,ENERGYMETER,9551.76,kWh
b9369849-86c9-4e7d-85c2-3f2c5c36b536,2025-03-13T10:00:00,ENERGYMETER,9551.79,kWh
b9369849-86c9-4e7d-85c2-3f2c5c36b536,2025-03-13T11:00:00,ENERGYMETER,9551.81,kWh
b9369849-86c9-4e7d-85c2-3f2c5c36b536,2025-03-13T12:00:00,ENERGYMETER,9551.84,kWh
b9369849-86c9-4e7d-85c2-3f2c5c36b536,2025-03-13T13:00:00,ENERGYMETER,9551.87,kWh
b9369849-86c9-4e7d-85c2-3f2c5c36b536,2025-03-13T14:00:00,ENERGYMETER,9551.89,kWh
b9369849-86c9-4e7d-85c2-3f2c5c36b536,2025-03-13T15:00:00,ENERGYMETER,9551.92,kWh
b9369849-86c9-4e7d-85c2-3f2c5c36b536,2025-03-13T16:00:00,ENERGYMETER,9551.95,kWh
b9369849-86c9-4e7d-85c2-3f2c5c36b536,2025-03-13T17:00:00,ENERGYMETER,9551.98,kWh
b9369849-86c9-4e7d-85c2-3f2c5c36b536,2025-03-13T18:00:00,ENERGYMETER,9552.0,kWh
b9369849-86c9-4e7d-85c2-3f2c5c36b536,2025-03-13T19:00:00,ENERGYMETER,9553.42,kWh
b9369849-86c9-4e7d-85c2-3f2c5c36b536,2025-03-13T20:00:00,ENERGYMETER,9555.53,kWh
b9369849-86c9-4e7d-85c2-3f2c5c36b536,2025-03-13T21:00:00,ENERGYMETER,9557.65,kWh
b9369849-86c9-4e7d-85c2-3f2c5c36b536,2025-03-13T22:00:00,ENERGYMETER,9559.77,kWh
b9369849-86c9-4e7d-85c2-3f2c5c36b536,2025-03-13T23:00:00,ENERGYMETER,9561.88,kWh
b9369849-86c9-4e7d-85c2-3f2c5c36b536,2025-03-14T00:00:00,ENERGYMETER,9563.98,kWh
b9369849-86c9-4e7d-85c2-3f2c5c36b536,2025-03-14T01:00:00,ENERGYMETER,9565.99,kWh
b9369849-86c9-4e7d-85c2-3f2c5c36b536,2025-03-14T02:00:00,ENERGYMETER,9567.95,kWh
b9369849-86c9-4e7d-85c2-3f2c5c36b536,2025-03-14T03:00:00,ENERGYMETER,9569.92,kWh
b9369849-86c9-4e7d-85c2-3f2c5c36b536,2025-03-14T04:00:00,ENERGYMETER,9571.88,kWh
b9369849-86c9-4e7d-85c2-3f2c5c36b536,2025-03-14T05:00:00,ENERGYMETER,9573.85,kWh
b9369849-86c9-4e7d-85c2-3f2c5c36b536,2025-03-14T06:00:00,ENERGYMETER,9575.8,kWh
b9369849-86c9-4e7d-85c2-3f2c5c36b536,2025-03-14T07:00:00,ENERGYMETER,9576.33,kWh
b9369849-86c9-4e7d-85c2-3f2c5c36b536,2025-03-14T08:00:00,ENERGYMETER,9576.35,kWh
b9369849-86c9-4e7d-85c2-3f2c5c36b536,2025-03-14T09:00:00,ENERGYMETER,9576.38,kWh
b9369849-86c9-4e7d-85c2-3f2c5c36b536,2025-03-14T10:00:00,ENERGYMETER,9576.41,kWh
b9369849-86c9-4e7d-85c2-3f2c5c36b536,2025-03-14T11:00:00,ENERGYMETER,9576.43,kWh
b9369849-86c9-4e7d-85c2-3f2c5c36b536,2025-03-14T12:00:00,ENERGYMETER,9576.46,kWh
b9369849-86c9-4e7d-85c2-3f2c5c36b536,2025-03-14T13:00:00,ENERGYMETER,9576.49,kWh
b9369849-86c9-4e7d-85c2-3f2c5c36b536,2025-03-14T14:00:00,ENERGYMETER,9576.51,kWh
b9369849-86c9-4e7d-85c2-3f2c5c36b536,2025-03-14T15:00:00,ENERGYMETER,9576.54,kWh
b9369849-86c9-4e7d-85c2-3f2c5c36b536,2025-03-14T16:00:00,ENERGYMETER,9576.57,kWh
b9369849-86c9-4e7d-85c2-3f2c5c36b536,2025-03-14T17:00:00,ENERGYMETER,9576.59,kWh
b9369849-86c9-4e7d-85c2-3f2c5c36b536,2025-03-14T18:00:00,ENERGYMETER,9576.62,kWh
b9369849-86c9-4e7d-85c2-3f2c5c36b536,2025-03-14T19:00:00,ENERGYMETER,9578.01,kWh
b9369849-86c9-4e7d-85c2-3f2c5c36b536,2025-03-14T20:00:00,ENERGYMETER,9580.12,kWh
b9369849-86c9-4e7d-85c2-3f2c5c36b536,2025-03-14T21:00:00,ENERGYMETER,9582.22,kWh
b9369849-86c9-4e7d-85c2-3f2c5c36b536,2025-03-14T22:00:00,ENERGYMETER,9584.32,kWh
b9369849-86c9-4e7d-85c2-3f2c5c36b536,2025-03-14T23:00:00,ENERGYMETER,9586.41,kWh
b9369849-86c9-4e7d-85c2-3f2c5c36b536,2025-03-15T00:00:00,ENERGYMETER,9588.5,kWh
b9369849-86c9-4e7d-85c2-3f2c5c36b536,2025-03-15T01:00:00,ENERGYMETER,9590.52,kWh
b9369849-86c9-4e7d-85c2-3f2c5c36b536,2025-03-15T02:00:00,ENERGYMETER,9592.47,kWh
b9369849-86c9-4e7d-85c2-3f2c5c36b536,2025-03-15T03:00:00,ENERGYMETER,9594.42,kWh
b9369849-86c9-4e7d-85c2-3f2c5c36b536,2025-03-15T04:00:00,ENERGYMETER,9596.38,kWh
b9369849-86c9-4e7d-85c2-3f2c5c36b536,2025-03-15T05:00:00,ENERGYMETER,9598.33,kWh
b9369849-86c9-4e7d-85c2-3f2c5c36b536,2025-03-15T06:00:00,ENERGYMETER,9600.28,kWh
b9369849-86c9-4e7d-85c2-3f2c5c36b536,2025-03-15T07:00:00,ENERGYMETER,9600.76,kWh
b9369849-86c9-4e7d-85c2-3f2c5c36b536,2025-03-15T08:00:00,ENERGYMETER,9600.79,kWh
b9369849-86c9-4e7d-85c2-3f2c5c36b536,2025-03-15T09:00:00,ENERGYMETER,9600.82,kWh
b9369849-86c9-4e7d-85c2-3f2c5c36b536,2025-03-15T10:00:00,ENERGYMETER,9600.85,kWh
b9369849-86c9-4e7d-85c2-3f2c5c36b536,2025-03-15T11:00:00,ENERGYMETER,9600.87,kWh
b9369849-86c9-4e7d-85c2-3f2c5c36b536,2025-03-15T12:00:00,ENERGYMETER,9600.9,kWh
b9369849-86c9-4e7d-85c2-3f2c5c36b536,2025-03-15T13:00:00,ENERGYMETER,9600.93,kWh
b9369849-86c9-4e7d-85c2-3f2c5c36b536,2025-03-15T14:00:00,ENERGYMETER,9600.96,kWh
b9369849-86c9-4e7d-85c2-3f2c5c36b536,2025-03-15T15:00:00,ENERGYMETER,9600.98,kWh
b9369849-86c9-4e7d-85c2-3f2c5c36b536,2025-03-15T16:00:00,ENERGYMETER,9601.01,kWh
b9369849-86c9-4e7d-85c2-3f2c5c36b536,2025-03-15T17:00:00,ENERGYMETER,9601.04,kWh
b9369849-86c9-4e7d-85c2-3f2c5c36b536,2025-03-15T18:00:00,ENERGYMETER,9601.07,kWh
b9369849-86c9-4e7d-85c2-3f2c5c36b536,2025-03-15T19:00:00,ENERGYMETER,9602.35,kWh
b9369849-86c9-4e7d-85c2-3f2c5c36b536,2025-03-15T20:00:00,ENERGYMETER,9604.47,kWh
b9369849-86c9-4e7d-85c2-3f2c5c36b536,2025-03-15T21:00:00,ENERGYMETER,9606.59,kWh
b9369849-86c9-4e7d-85c2-3f2c5c36b536,2025-03-15T22:00:00,ENERGYMETER,9608.7,kWh
b9369849-86c9-4e7d-85c2-3f2c5c36b536,2025-03-15T23:00:00,ENERGYMETER,9610.79,kWh
b9369849-86c9-4e7d-85c2-3f2c5c36b536,2025-03-16T00:00:00,ENERGYMETER,9612.89,kWh
b9369849-86c9-4e7d-85c2-3f2c5c36b536,2025-03-16T01:00:00,ENERGYMETER,9614.9,kWh
b9369849-86c9-4e7d-85c2-3f2c5c36b536,2025-03-16T02:00:00,ENERGYMETER,9616.85,kWh
b9369849-86c9-4e7d-85c2-3f2c5c36b536,2025-03-16T03:00:00,ENERGYMETER,9618.79,kWh
b9369849-86c9-4e7d-85c2-3f2c5c36b536,2025-03-16T04:00:00,ENERGYMETER,9620.74,kWh
b9369849-86c9-4e7d-85c2-3f2c5c36b536,2025-03-16T05:00:00,ENERGYMETER,9622.69,kWh
b9369849-86c9-4e7d-85c2-3f2c5c36b536,2025-03-16T06:00:00,ENERGYMETER,9624.64,kWh
b9369849-86c9-4e7d-85c2-3f2c5c36b536,2025-03-16T07:00:00,ENERGYMETER,9624.9,kWh
b9369849-86c9-4e7d-85c2-3f2c5c36b536,2025-03-16T08:00:00,ENERGYMETER,9624.93,kWh
b9369849-86c9-4e7d-85c2-3f2c5c36b536,2025-03-16T09:00:00,ENERGYMETER,9624.96,kWh
b9369849-86c9-4e7d-85c2-3f2c5c36b536,2025-03-16T10:00:00,ENERGYMETER,9624.99,kWh
b9369849-86c9-4e7d-85c2-3f2c5c36b536,2025-03-16T11:00:00,ENERGYMETER,9625.02,kWh
b9369849-86c9-4e7d-85c2-3f2c5c36b536,2025-03-16T12:00:00,ENERGYMETER,9625.04,kWh
b9369849-86c9-4e7d-85c2-3f2c5c36b536,2025-03-16T13:00:00,ENERGYMETER,9625.07,kWh
b9369849-86c9-4e7d-85c2-3f2c5c36b536,2025-03-16T14:00:00,ENERGYMETER,9625.1,kWh
b9369849-86c9-4e7d-85c2-3f2c5c36b536,2025-03-16T15:00:00,ENERGYMETER,9625.12,kWh
b9369849-86c9-4e7d-85c2-3f2c5c36b536,2025-03-16T16:00:00,ENERGYMETER,9625.15,kWh
b9369849-86c9-4e7d-85c2-3f2c5c36b536,2025-03-16T17:00:00,ENERGYMETER,9625.18,kWh
b9369849-86c9-4e7d-85c2-3f2c5c36b536,2025-03-16T18:00:00,ENERGYMETER,9625.2,kWh
b9369849-86c9-4e7d-85c2-3f2c5c36b536,2025-03-16T19:00:00,ENERGYMETER,9626.46,kWh
b9369849-86c9-4e7d-85c2-3f2c5c36b536,2025-03-16T20:00:00,ENERGYMETER,9628.57,kWh
b9369849-86c9-4e7d-85c2-3f2c5c36b536,2025-03-16T21:00:00,ENERGYMETER,9630.68,kWh
b9369849-86c9-4e7d-85c2-3f2c5c36b536,2025-03-16T22:00:00,ENERGYMETER,9632.79,kWh
b9369849-86c9-4e7d-85c2-3f2c5c36b536,2025-03-16T23:00:00,ENERGYMETER,9634.89,kWh
b9369849-86c9-4e7d-85c2-3f2c5c36b536,2025-03-17T00:00:00,ENERGYMETER,9636.99,kWh
b9369849-86c9-4e7d-85c2-3f2c5c36b536,2025-03-17T01:00:00,ENERGYMETER,9639.01,kWh
b9369849-86c9-4e7d-85c2-3f2c5c36b536,2025-03-17T02:00:00,ENERGYMETER,9640.96,kWh
b9369849-86c9-4e7d-85c2-3f2c5c36b536,2025-03-17T03:00:00,ENERGYMETER,9642.92,kWh
b9369849-86c9-4e7d-85c2-3f2c5c36b536,2025-03-17T04:00:00,ENERGYMETER,9644.87,kWh
b9369849-86c9-4e7d-85c2-3f2c5c36b536,2025-03-17T05:00:00,ENERGYMETER,9646.83,kWh
b9369849-86c9-4e7d-85c2-3f2c5c36b536,2025-03-17T06:00:00,ENERGYMETER,9648.78,kWh
b9369849-86c9-4e7d-85c2-3f2c5c36b536,2025-03-17T07:00:00,ENERGYMETER,9649.01,kWh
b9369849-86c9-4e7d-85c2-3f2c5c36b536,2025-03-17T08:00:00,ENERGYMETER,9649.04,kWh
b9369849-86c9-4e7d-85c2-3f2c5c36b536,2025-03-17T09:00:00,ENERGYMETER,9649.06,kWh
b9369849-86c9-4e7d-85c2-3f2c5c36b536,2025-03-17T10:00:00,ENERGYMETER,9649.09,kWh
b9369849-86c9-4e7d-85c2-3f2c5c36b536,2025-03-17T11:00:00,ENERGYMETER,9649.12,kWh
b9369849-86c9-4e7d-85c2-3f2c5c36b536,2025-03-17T12:00:00,ENERGYMETER,9649.14,kWh
b9369849-86c9-4e7d-85c2-3f2c5c36b536,2025-03-17T13:00:00,ENERGYMETER,9649.17,kWh
b9369849-86c9-4e7d-85c2-3f2c5c36b536,2025-03-17T14:00:00,ENERGYMETER,9649.2,kWh
b9369849-86c9-4e7d-85c2-3f2c5c36b536,2025-03-17T15:00:00,ENERGYMETER,9649.22,kWh
b9369849-86c9-4e7d-85c2-3f2c5c36b536,2025-03-17T16:00:00,ENERGYMETER,9649.24,kWh
b9369849-86c9-4e7d-85c2-3f2c5c36b536,2025-03-17T17:00:00,ENERGYMETER,9649.26,kWh
b9369849-86c9-4e7d-85c2-3f2c5c36b536,2025-03-17T18:00:00,ENERGYMETER,9649.28,kWh
b9369849-86c9-4e7d-85c2-3f2c5c36b536,2025-03-17T19:00:00,ENERGYMETER,9650.49,kWh
b9369849-86c9-4e7d-85c2-3f2c5c36b536,2025-03-17T20:00:00,ENERGYMETER,9652.6,kWh
b9369849-86c9-4e7d-85c2-3f2c5c36b536,2025-03-17T21:00:00,ENERGYMETER,9654.7,kWh
b9369849-86c9-4e7d-85c2-3f2c5c36b536,2025-03-17T22:00:00,ENERGYMETER,9656.81,kWh
b9369849-86c9-4e7d-85c2-3f2c5c36b536,2025-03-17T23:00:00,ENERGYMETER,9658.9,kWh
b9369849-86c9-4e7d-85c2-3f2c5c36b536,2025-03-18T00:00:00,ENERGYMETER,9660.99,kWh
b9369849-86c9-4e7d-85c2-3f2c5c36b536,2025-03-18T01:00:00,ENERGYMETER,9663.0,kWh
b9369849-86c9-4e7d-85c2-3f2c5c36b536,2025-03-18T02:00:00,ENERGYMETER,9664.95,kWh
b9369849-86c9-4e7d-85c2-3f2c5c36b536,2025-03-18T03:00:00,ENERGYMETER,9666.9,kWh
b9369849-86c9-4e7d-85c2-3f2c5c36b536,2025-03-18T04:00:00,ENERGYMETER,9668.85,kWh
b9369849-86c9-4e7d-85c2-3f2c5c36b536,2025-03-18T05:00:00,ENERGYMETER,9670.79,kWh
b9369849-86c9-4e7d-85c2-3f2c5c36b536,2025-03-18T06:00:00,ENERGYMETER,9672.73,kWh
b9369849-86c9-4e7d-85c2-3f2c5c36b536,2025-03-18T07:00:00,ENERGYMETER,9672.93,kWh
b9369849-86c9-4e7d-85c2-3f2c5c36b536,2025-03-18T08:00:00,ENERGYMETER,9672.95,kWh
b9369849-86c9-4e7d-85c2-3f2c5c36b536,2025-03-18T09:00:00,ENERGYMETER,9672.98,kWh
b9369849-86c9-4e7d-85c2-3f2c5c36b536,2025-03-18T10:00:00,ENERGYMETER,9673.01,kWh
b9369849-86c9-4e7d-85c2-3f2c5c36b536,2025-03-18T11:00:00,ENERGYMETER,9673.03,kWh
b9369849-86c9-4e7d-85c2-3f2c5c36b536,2025-03-18T12:00:00,ENERGYMETER,9673.05,kWh
b9369849-86c9-4e7d-85c2-3f2c5c36b536,2025-03-18T13:00:00,ENERGYMETER,9673.06,kWh
b9369849-86c9-4e7d-85c2-3f2c5c36b536,2025-03-18T14:00:00,ENERGYMETER,9673.09,kWh
b9369849-86c9-4e7d-85c2-3f2c5c36b536,2025-03-18T15:00:00,ENERGYMETER,9673.11,kWh
b9369849-86c9-4e7d-85c2-3f2c5c36b536,2025-03-18T16:00:00,ENERGYMETER,9673.12,kWh
b9369849-86c9-4e7d-85c2-3f2c5c36b536,2025-03-18T17:00:00,ENERGYMETER,9673.15,kWh
b9369849-86c9-4e7d-85c2-3f2c5c36b536,2025-03-18T18:00:00,ENERGYMETER,9673.16,kWh
b9369849-86c9-4e7d-85c2-3f2c5c36b536,2025-03-18T19:00:00,ENERGYMETER,9674.34,kWh
b9369849-86c9-4e7d-85c2-3f2c5c36b536,2025-03-18T20:00:00,ENERGYMETER,9676.44,kWh
b9369849-86c9-4e7d-85c2-3f2c5c36b536,2025-03-18T21:00:00,ENERGYMETER,9678.54,kWh
b9369849-86c9-4e7d-85c2-3f2c5c36b536,2025-03-18T22:00:00,ENERGYMETER,9680.65,kWh
b9369849-86c9-4e7d-85c2-3f2c5c36b536,2025-03-18T23:00:00,ENERGYMETER,9682.74,kWh
b9369849-86c9-4e7d-85c2-3f2c5c36b536,2025-03-19T00:00:00,ENERGYMETER,9684.83,kWh
b9369849-86c9-4e7d-85c2-3f2c5c36b536,2025-03-19T01:00:00,ENERGYMETER,9686.85,kWh
b9369849-86c9-4e7d-85c2-3f2c5c36b536,2025-03-19T02:00:00,ENERGYMETER,9688.79,kWh
b9369849-86c9-4e7d-85c2-3f2c5c36b536,2025-03-19T03:00:00,ENERGYMETER,9690.74,kWh
b9369849-86c9-4e7d-85c2-3f2c5c36b536,2025-03-19T04:00:00,ENERGYMETER,9692.69,kWh
b9369849-86c9-4e7d-85c2-3f2c5c36b536,2025-03-19T05:00:00,ENERGYMETER,9694.64,kWh
b9369849-86c9-4e7d-85c2-3f2c5c36b536,2025-03-19T06:00:00,ENERGYMETER,9696.59,kWh
b9369849-86c9-4e7d-85c2-3f2c5c36b536,2025-03-19T07:00:00,ENERGYMETER,9696.75,kWh
b9369849-86c9-4e7d-85c2-3f2c5c36b536,2025-03-19T08:00:00,ENERGYMETER,9696.78,kWh
b9369849-86c9-4e7d-85c2-3f2c5c36b536,2025-03-19T09:00:00,ENERGYMETER,9696.8,kWh
b9369849-86c9-4e7d-85c2-3f2c5c36b536,2025-03-19T10:00:00,ENERGYMETER,9696.83,kWh
b9369849-86c9-4e7d-85c2-3f2c5c36b536,2025-03-19T11:00:00,ENERGYMETER,9696.84,kWh
b9369849-86c9-4e7d-85c2-3f2c5c36b536,2025-03-19T12:00:00,ENERGYMETER,9696.85,kWh
b9369849-86c9-4e7d-85c2-3f2c5c36b536,2025-03-19T13:00:00,ENERGYMETER,9696.86,kWh
b9369849-86c9-4e7d-85c2-3f2c5c36b536,2025-03-19T14:00:00,ENERGYMETER,9696.86,kWh
b9369849-86c9-4e7d-85c2-3f2c5c36b536,2025-03-19T15:00:00,ENERGYMETER,9696.87,kWh
b9369849-86c9-4e7d-85c2-3f2c5c36b536,2025-03-19T16:00:00,ENERGYMETER,9696.87,kWh
b9369849-86c9-4e7d-85c2-3f2c5c36b536,2025-03-19T17:00:00,ENERGYMETER,9696.87,kWh
b9369849-86c9-4e7d-85c2-3f2c5c36b536,2025-03-19T18:00:00,ENERGYMETER,9696.88,kWh
b9369849-86c9-4e7d-85c2-3f2c5c36b536,2025-03-19T19:00:00,ENERGYMETER,9697.99,kWh
b9369849-86c9-4e7d-85c2-3f2c5c36b536,2025-03-19T20:00:00,ENERGYMETER,9700.07,kWh
b9369849-86c9-4e7d-85c2-3f2c5c36b536,2025-03-19T21:00:00,ENERGYMETER,9702.14,kWh
b9369849-86c9-4e7d-85c2-3f2c5c36b536,2025-03-19T22:00:00,ENERGYMETER,9704.23,kWh
b9369849-86c9-4e7d-85c2-3f2c5c36b536,2025-03-19T23:00:00,ENERGYMETER,9706.29,kWh
b9369849-86c9-4e7d-85c2-3f2c5c36b536,2025-03-20T00:00:00,ENERGYMETER,9708.36,kWh
b9369849-86c9-4e7d-85c2-3f2c5c36b536,2025-03-20T01:00:00,ENERGYMETER,9710.34,kWh
b9369849-86c9-4e7d-85c2-3f2c5c36b536,2025-03-20T02:00:00,ENERGYMETER,9712.27,kWh
b9369849-86c9-4e7d-85c2-3f2c5c36b536,2025-03-20T03:00:00,ENERGYMETER,9714.18,kWh
b9369849-86c9-4e7d-85c2-3f2c5c36b536,2025-03-20T04:00:00,ENERGYMETER,9716.1,kWh
b9369849-86c9-4e7d-85c2-3f2c5c36b536,2025-03-20T05:00:00,ENERGYMETER,9718.03,kWh
b9369849-86c9-4e7d-85c2-3f2c5c36b536,2025-03-20T06:00:00,ENERGYMETER,9719.95,kWh
b9369849-86c9-4e7d-85c2-3f2c5c36b536,2025-03-20T07:00:00,ENERGYMETER,9720.06,kWh
b9369849-86c9-4e7d-85c2-3f2c5c36b536,2025-03-20T08:00:00,ENERGYMETER,9720.07,kWh
b9369849-86c9-4e7d-85c2-3f2c5c36b536,2025-03-20T09:00:00,ENERGYMETER,9720.07,kWh
b9369849-86c9-4e7d-85c2-3f2c5c36b536,2025-03-20T10:00:00,ENERGYMETER,9720.08,kWh
b9369849-86c9-4e7d-85c2-3f2c5c36b536,2025-03-20T11:00:00,ENERGYMETER,9720.08,kWh
b9369849-86c9-4e7d-85c2-3f2c5c36b536,2025-03-20T12:00:00,ENERGYMETER,9720.09,kWh
b9369849-86c9-4e7d-85c2-3f2c5c36b536,2025-03-20T13:00:00,ENERGYMETER,9720.09,kWh
b9369849-86c9-4e7d-85c2-3f2c5c36b536,2025-03-20T14:00:00,ENERGYMETER,9720.09,kWh
b9369849-86c9-4e7d-85c2-3f2c5c36b536,2025-03-20T15:00:00,ENERGYMETER,9720.1,kWh
b9369849-86c9-4e7d-85c2-3f2c5c36b536,2025-03-20T16:00:00,ENERGYMETER,9720.1,kWh
b9369849-86c9-4e7d-85c2-3f2c5c36b536,2025-03-20T17:00:00,ENERGYMETER,9720.1,kWh
b9369849-86c9-4e7d-85c2-3f2c5c36b536,2025-03-20T18:00:00,ENERGYMETER,9720.11,kWh
b9369849-86c9-4e7d-85c2-3f2c5c36b536,2025-03-20T19:00:00,ENERGYMETER,9721.18,kWh
b9369849-86c9-4e7d-85c2-3f2c5c36b536,2025-03-20T20:00:00,ENERGYMETER,9723.25,kWh
b9369849-86c9-4e7d-85c2-3f2c5c36b536,2025-03-20T21:00:00,ENERGYMETER,9725.31,kWh
b9369849-86c9-4e7d-85c2-3f2c5c36b536,2025-03-20T22:00:00,ENERGYMETER,9727.38,kWh
b9369849-86c9-4e7d-85c2-3f2c5c36b536,2025-03-20T23:00:00,ENERGYMETER,9729.44,kWh
b9369849-86c9-4e7d-85c2-3f2c5c36b536,2025-03-21T00:00:00,ENERGYMETER,9731.49,kWh
b9369849-86c9-4e7d-85c2-3f2c5c36b536,2025-03-21T01:00:00,ENERGYMETER,9733.46,kWh
b9369849-86c9-4e7d-85c2-3f2c5c36b536,2025-03-21T02:00:00,ENERGYMETER,9735.38,kWh
b9369849-86c9-4e7d-85c2-3f2c5c36b536,2025-03-21T03:00:00,ENERGYMETER,9737.3,kWh
b9369849-86c9-4e7d-85c2-3f2c5c36b536,2025-03-21T04:00:00,ENERGYMETER,9739.22,kWh
b9369849-86c9-4e7d-85c2-3f2c5c36b536,2025-03-21T05:00:00,ENERGYMETER,9741.13,kWh
b9369849-86c9-4e7d-85c2-3f2c5c36b536,2025-03-21T06:00:00,ENERGYMETER,9743.05,kWh
b9369849-86c9-4e7d-85c2-3f2c5c36b536,2025-03-21T07:00:00,ENERGYMETER,9743.14,kWh
b9369849-86c9-4e7d-85c2-3f2c5c36b536,2025-03-21T08:00:00,ENERGYMETER,9743.14,kWh
b9369849-86c9-4e7d-85c2-3f2c5c36b536,2025-03-21T09:00:00,ENERGYMETER,9743.15,kWh
b9369849-86c9-4e7d-85c2-3f2c5c36b536,2025-03-21T10:00:00,ENERGYMETER,9743.16,kWh
b9369849-86c9-4e7d-85c2-3f2c5c36b536,2025-03-21T11:00:00,ENERGYMETER,9743.16,kWh
b9369849-86c9-4e7d-85c2-3f2c5c36b536,2025-03-21T12:00:00,ENERGYMETER,9743.17,kWh
b9369849-86c9-4e7d-85c2-3f2c5c36b536,2025-03-21T13:00:00,ENERGYMETER,9743.17,kWh
b9369849-86c9-4e7d-85c2-3f2c5c36b536,2025-03-21T14:00:00,ENERGYMETER,9743.17,kWh
b9369849-86c9-4e7d-85c2-3f2c5c36b536,2025-03-21T15:00:00,ENERGYMETER,9743.18,kWh
b9369849-86c9-4e7d-85c2-3f2c5c36b536,2025-03-21T16:00:00,ENERGYMETER,9743.18,kWh
b9369849-86c9-4e7d-85c2-3f2c5c36b536,2025-03-21T17:00:00,ENERGYMETER,9743.19,kWh
b9369849-86c9-4e7d-85c2-3f2c5c36b536,2025-03-21T18:00:00,ENERGYMETER,9743.19,kWh
b9369849-86c9-4e7d-85c2-3f2c5c36b536,2025-03-21T19:00:00,ENERGYMETER,9744.23,kWh
b9369849-86c9-4e7d-85c2-3f2c5c36b536,2025-03-21T20:00:00,ENERGYMETER,9746.3,kWh
b9369849-86c9-4e7d-85c2-3f2c5c36b536,2025-03-21T21:00:00,ENERGYMETER,9748.37,kWh
b9369849-86c9-4e7d-85c2-3f2c5c36b536,2025-03-21T22:00:00,ENERGYMETER,9750.45,kWh
b9369849-86c9-4e7d-85c2-3f2c5c36b536,2025-03-21T23:00:00,ENERGYMETER,9752.51,kWh
b9369849-86c9-4e7d-85c2-3f2c5c36b536,2025-03-22T00:00:00,ENERGYMETER,9754.57,kWh
b9369849-86c9-4e7d-85c2-3f2c5c36b536,2025-03-22T01:00:00,ENERGYMETER,9756.54,kWh
b9369849-86c9-4e7d-85c2-3f2c5c36b536,2025-03-22T02:00:00,ENERGYMETER,9758.47,kWh
b9369849-86c9-4e7d-85c2-3f2c5c36b536,2025-03-22T03:00:00,ENERGYMETER,9760.41,kWh
b9369849-86c9-4e7d-85c2-3f2c5c36b536,2025-03-22T04:00:00,ENERGYMETER,9762.34,kWh
b9369849-86c9-4e7d-85c2-3f2c5c36b536,2025-03-22T05:00:00,ENERGYMETER,9764.27,kWh
b9369849-86c9-4e7d-85c2-3f2c5c36b536,2025-03-22T06:00:00,ENERGYMETER,9766.21,kWh
b9369849-86c9-4e7d-85c2-3f2c5c36b536,2025-03-22T07:00:00,ENERGYMETER,9766.26,kWh
b9369849-86c9-4e7d-85c2-3f2c5c36b536,2025-03-22T08:00:00,ENERGYMETER,9766.28,kWh
b9369849-86c9-4e7d-85c2-3f2c5c36b536,2025-03-22T09:00:00,ENERGYMETER,9766.3,kWh
b9369849-86c9-4e7d-85c2-3f2c5c36b536,2025-03-22T10:00:00,ENERGYMETER,9766.31,kWh
b9369849-86c9-4e7d-85c2-3f2c5c36b536,2025-03-22T11:00:00,ENERGYMETER,9766.32,kWh
b9369849-86c9-4e7d-85c2-3f2c5c36b536,2025-03-22T12:00:00,ENERGYMETER,9766.35,kWh
b9369849-86c9-4e7d-85c2-3f2c5c36b536,2025-03-22T13:00:00,ENERGYMETER,9766.36,kWh
b9369849-86c9-4e7d-85c2-3f2c5c36b536,2025-03-22T14:00:00,ENERGYMETER,9766.39,kWh
b9369849-86c9-4e7d-85c2-3f2c5c36b536,2025-03-22T15:00:00,ENERGYMETER,9766.41,kWh
b9369849-86c9-4e7d-85c2-3f2c5c36b536,2025-03-22T16:00:00,ENERGYMETER,9766.42,kWh
b9369849-86c9-4e7d-85c2-3f2c5c36b536,2025-03-22T17:00:00,ENERGYMETER,9766.45,kWh
b9369849-86c9-4e7d-85c2-3f2c5c36b536,2025-03-22T18:00:00,ENERGYMETER,9766.46,kWh
b9369849-86c9-4e7d-85c2-3f2c5c36b536,2025-03-22T19:00:00,ENERGYMETER,9767.42,kWh
b9369849-86c9-4e7d-85c2-3f2c5c36b536,2025-03-22T20:00:00,ENERGYMETER,9769.52,kWh
b9369849-86c9-4e7d-85c2-3f2c5c36b536,2025-03-22T21:00:00,ENERGYMETER,9771.62,kWh
b9369849-86c9-4e7d-85c2-3f2c5c36b536,2025-03-22T22:00:00,ENERGYMETER,9773.72,kWh
b9369849-86c9-4e7d-85c2-3f2c5c36b536,2025-03-22T23:00:00,ENERGYMETER,9775.8,kWh
b9369849-86c9-4e7d-85c2-3f2c5c36b536,2025-03-23T00:00:00,ENERGYMETER,9777.89,kWh
b9369849-86c9-4e7d-85c2-3f2c5c36b536,2025-03-23T01:00:00,ENERGYMETER,9779.9,kWh
b9369849-86c9-4e7d-85c2-3f2c5c36b536,2025-03-23T02:00:00,ENERGYMETER,9781.84,kWh
b9369849-86c9-4e7d-85c2-3f2c5c36b536,2025-03-23T03:00:00,ENERGYMETER,9783.78,kWh
b9369849-86c9-4e7d-85c2-3f2c5c36b536,2025-03-23T04:00:00,ENERGYMETER,9785.73,kWh
b9369849-86c9-4e7d-85c2-3f2c5c36b536,2025-03-23T05:00:00,ENERGYMETER,9787.67,kWh
b9369849-86c9-4e7d-85c2-3f2c5c36b536,2025-03-23T06:00:00,ENERGYMETER,9789.42,kWh
b9369849-86c9-4e7d-85c2-3f2c5c36b536,2025-03-23T07:00:00,ENERGYMETER,9789.45,kWh
b9369849-86c9-4e7d-85c2-3f2c5c36b536,2025-03-23T08:00:00,ENERGYMETER,9789.48,kWh
b9369849-86c9-4e7d-85c2-3f2c5c36b536,2025-03-23T09:00:00,ENERGYMETER,9789.5,kWh
b9369849-86c9-4e7d-85c2-3f2c5c36b536,2025-03-23T10:00:00,ENERGYMETER,9789.53,kWh
b9369849-86c9-4e7d-85c2-3f2c5c36b536,2025-03-23T11:00:00,ENERGYMETER,9789.55,kWh
b9369849-86c9-4e7d-85c2-3f2c5c36b536,2025-03-23T12:00:00,ENERGYMETER,9789.56,kWh
b9369849-86c9-4e7d-85c2-3f2c5c36b536,2025-03-23T13:00:00,ENERGYMETER,9789.58,kWh
b9369849-86c9-4e7d-85c2-3f2c5c36b536,2025-03-23T14:00:00,ENERGYMETER,9789.6,kWh
b9369849-86c9-4e7d-85c2-3f2c5c36b536,2025-03-23T15:00:00,ENERGYMETER,9789.61,kWh
b9369849-86c9-4e7d-85c2-3f2c5c36b536,2025-03-23T16:00:00,ENERGYMETER,9789.63,kWh
b9369849-86c9-4e7d-85c2-3f2c5c36b536,2025-03-23T17:00:00,ENERGYMETER,9789.65,kWh
b9369849-86c9-4e7d-85c2-3f2c5c36b536,2025-03-23T18:00:00,ENERGYMETER,9789.66,kWh
b9369849-86c9-4e7d-85c2-3f2c5c36b536,2025-03-23T19:00:00,ENERGYMETER,9790.59,kWh
b9369849-86c9-4e7d-85c2-3f2c5c36b536,2025-03-23T20:00:00,ENERGYMETER,9792.7,kWh
b9369849-86c9-4e7d-85c2-3f2c5c36b536,2025-03-23T21:00:00,ENERGYMETER,9794.79,kWh
b9369849-86c9-4e7d-85c2-3f2c5c36b536,2025-03-23T22:00:00,ENERGYMETER,9796.89,kWh
b9369849-86c9-4e7d-85c2-3f2c5c36b536,2025-03-23T23:00:00,ENERGYMETER,9798.98,kWh
b9369849-86c9-4e7d-85c2-3f2c5c36b536,2025-03-24T00:00:00,ENERGYMETER,9801.07,kWh
b9369849-86c9-4e7d-85c2-3f2c5c36b536,2025-03-24T01:00:00,ENERGYMETER,9803.07,kWh
b9369849-86c9-4e7d-85c2-3f2c5c36b536,2025-03-24T02:00:00,ENERGYMETER,9805.01,kWh
b9369849-86c9-4e7d-85c2-3f2c5c36b536,2025-03-24T03:00:00,ENERGYMETER,9806.96,kWh
b9369849-86c9-4e7d-85c2-3f2c5c36b536,2025-03-24T04:00:00,ENERGYMETER,9808.92,kWh
b9369849-86c9-4e7d-85c2-3f2c5c36b536,2025-03-24T05:00:00,ENERGYMETER,9810.87,kWh
b9369849-86c9-4e7d-85c2-3f2c5c36b536,2025-03-24T06:00:00,ENERGYMETER,9812.6,kWh
b9369849-86c9-4e7d-85c2-3f2c5c36b536,2025-03-24T07:00:00,ENERGYMETER,9812.63,kWh
b9369849-86c9-4e7d-85c2-3f2c5c36b536,2025-03-24T08:00:00,ENERGYMETER,9812.66,kWh
b9369849-86c9-4e7d-85c2-3f2c5c36b536,2025-03-24T09:00:00,ENERGYMETER,9812.68,kWh
b9369849-86c9-4e7d-85c2-3f2c5c36b536,2025-03-24T10:00:00,ENERGYMETER,9812.71,kWh
b9369849-86c9-4e7d-85c2-3f2c5c36b536,2025-03-24T11:00:00,ENERGYMETER,9812.74,kWh
b9369849-86c9-4e7d-85c2-3f2c5c36b536,2025-03-24T12:00:00,ENERGYMETER,9812.76,kWh
b9369849-86c9-4e7d-85c2-3f2c5c36b536,2025-03-24T13:00:00,ENERGYMETER,9812.78,kWh
b9369849-86c9-4e7d-85c2-3f2c5c36b536,2025-03-24T14:00:00,ENERGYMETER,9812.81,kWh
b9369849-86c9-4e7d-85c2-3f2c5c36b536,2025-03-24T15:00:00,ENERGYMETER,9812.83,kWh
b9369849-86c9-4e7d-85c2-3f2c5c36b536,2025-03-24T16:00:00,ENERGYMETER,9812.85,kWh
b9369849-86c9-4e7d-85c2-3f2c5c36b536,2025-03-24T17:00:00,ENERGYMETER,9812.87,kWh
b9369849-86c9-4e7d-85c2-3f2c5c36b536,2025-03-24T18:00:00,ENERGYMETER,9812.89,kWh
b9369849-86c9-4e7d-85c2-3f2c5c36b536,2025-03-24T19:00:00,ENERGYMETER,9813.78,kWh
b9369849-86c9-4e7d-85c2-3f2c5c36b536,2025-03-24T20:00:00,ENERGYMETER,9815.9,kWh
b9369849-86c9-4e7d-85c2-3f2c5c36b536,2025-03-24T21:00:00,ENERGYMETER,9818.0,kWh
b9369849-86c9-4e7d-85c2-3f2c5c36b536,2025-03-24T22:00:00,ENERGYMETER,9820.1,kWh
b9369849-86c9-4e7d-85c2-3f2c5c36b536,2025-03-24T23:00:00,ENERGYMETER,9822.19,kWh
b9369849-86c9-4e7d-85c2-3f2c5c36b536,2025-03-25T00:00:00,ENERGYMETER,9824.28,kWh
b9369849-86c9-4e7d-85c2-3f2c5c36b536,2025-03-25T01:00:00,ENERGYMETER,9826.28,kWh
b9369849-86c9-4e7d-85c2-3f2c5c36b536,2025-03-25T02:00:00,ENERGYMETER,9828.23,kWh
b9369849-86c9-4e7d-85c2-3f2c5c36b536,2025-03-25T03:00:00,ENERGYMETER,9830.17,kWh
b9369849-86c9-4e7d-85c2-3f2c5c36b536,2025-03-25T04:00:00,ENERGYMETER,9832.1,kWh
b9369849-86c9-4e7d-85c2-3f2c5c36b536,2025-03-25T05:00:00,ENERGYMETER,9834.04,kWh
b9369849-86c9-4e7d-85c2-3f2c5c36b536,2025-03-25T06:00:00,ENERGYMETER,9835.73,kWh
b9369849-86c9-4e7d-85c2-3f2c5c36b536,2025-03-25T07:00:00,ENERGYMETER,9835.75,kWh
b9369849-86c9-4e7d-85c2-3f2c5c36b536,2025-03-25T08:00:00,ENERGYMETER,9835.77,kWh
b9369849-86c9-4e7d-85c2-3f2c5c36b536,2025-03-25T09:00:00,ENERGYMETER,9835.79,kWh
b9369849-86c9-4e7d-85c2-3f2c5c36b536,2025-03-25T10:00:00,ENERGYMETER,9835.81,kWh
b9369849-86c9-4e7d-85c2-3f2c5c36b536,2025-03-25T11:00:00,ENERGYMETER,9835.83,kWh
b9369849-86c9-4e7d-85c2-3f2c5c36b536,2025-03-25T12:00:00,ENERGYMETER,9835.84,kWh
b9369849-86c9-4e7d-85c2-3f2c5c36b536,2025-03-25T13:00:00,ENERGYMETER,9835.86,kWh
b9369849-86c9-4e7d-85c2-3f2c5c36b536,2025-03-25T14:00:00,ENERGYMETER,9835.87,kWh
b9369849-86c9-4e7d-85c2-3f2c5c36b536,2025-03-25T15:00:00,ENERGYMETER,9835.88,kWh
b9369849-86c9-4e7d-85c2-3f2c5c36b536,2025-03-25T16:00:00,ENERGYMETER,9835.91,kWh
b9369849-86c9-4e7d-85c2-3f2c5c36b536,2025-03-25T17:00:00,ENERGYMETER,9835.92,kWh
b9369849-86c9-4e7d-85c2-3f2c5c36b536,2025-03-25T18:00:00,ENERGYMETER,9835.93,kWh
b9369849-86c9-4e7d-85c2-3f2c5c36b536,2025-03-25T19:00:00,ENERGYMETER,9836.8,kWh
b9369849-86c9-4e7d-85c2-3f2c5c36b536,2025-03-25T20:00:00,ENERGYMETER,9838.9,kWh
b9369849-86c9-4e7d-85c2-3f2c5c36b536,2025-03-25T21:00:00,ENERGYMETER,9840.99,kWh
b9369849-86c9-4e7d-85c2-3f2c5c36b536,2025-03-25T22:00:00,ENERGYMETER,9843.09,kWh
b9369849-86c9-4e7d-85c2-3f2c5c36b536,2025-03-25T23:00:00,ENERGYMETER,9845.18,kWh
b9369849-86c9-4e7d-85c2-3f2c5c36b536,2025-03-26T00:00:00,ENERGYMETER,9847.27,kWh
b9369849-86c9-4e7d-85c2-3f2c5c36b536,2025-03-26T01:00:00,ENERGYMETER,9849.28,kWh
b9369849-86c9-4e7d-85c2-3f2c5c36b536,2025-03-26T02:00:00,ENERGYMETER,9851.23,kWh
b9369849-86c9-4e7d-85c2-3f2c5c36b536,2025-03-26T03:00:00,ENERGYMETER,9853.17,kWh
b9369849-86c9-4e7d-85c2-3f2c5c36b536,2025-03-26T04:00:00,ENERGYMETER,9855.11,kWh
b9369849-86c9-4e7d-85c2-3f2c5c36b536,2025-03-26T05:00:00,ENERGYMETER,9857.06,kWh
b9369849-86c9-4e7d-85c2-3f2c5c36b536,2025-03-26T06:00:00,ENERGYMETER,9858.72,kWh
b9369849-86c9-4e7d-85c2-3f2c5c36b536,2025-03-26T07:00:00,ENERGYMETER,9858.74,kWh
b9369849-86c9-4e7d-85c2-3f2c5c36b536,2025-03-26T08:00:00,ENERGYMETER,9858.77,kWh
b9369849-86c9-4e7d-85c2-3f2c5c36b536,2025-03-26T09:00:00,ENERGYMETER,9858.8,kWh
b9369849-86c9-4e7d-85c2-3f2c5c36b536,2025-03-26T10:00:00,ENERGYMETER,9858.82,kWh
b9369849-86c9-4e7d-85c2-3f2c5c36b536,2025-03-26T11:00:00,ENERGYMETER,9858.85,kWh
b9369849-86c9-4e7d-85c2-3f2c5c36b536,2025-03-26T12:00:00,ENERGYMETER,9858.87,kWh
b9369849-86c9-4e7d-85c2-3f2c5c36b536,2025-03-26T13:00:00,ENERGYMETER,9858.88,kWh
b9369849-86c9-4e7d-85c2-3f2c5c36b536,2025-03-26T14:00:00,ENERGYMETER,9858.91,kWh
b9369849-86c9-4e7d-85c2-3f2c5c36b536,2025-03-26T15:00:00,ENERGYMETER,9858.92,kWh
b9369849-86c9-4e7d-85c2-3f2c5c36b536,2025-03-26T16:00:00,ENERGYMETER,9858.95,kWh
b9369849-86c9-4e7d-85c2-3f2c5c36b536,2025-03-26T17:00:00,ENERGYMETER,9858.97,kWh
b9369849-86c9-4e7d-85c2-3f2c5c36b536,2025-03-26T18:00:00,ENERGYMETER,9858.98,kWh
b9369849-86c9-4e7d-85c2-3f2c5c36b536,2025-03-26T19:00:00,ENERGYMETER,9859.81,kWh
b9369849-86c9-4e7d-85c2-3f2c5c36b536,2025-03-26T20:00:00,ENERGYMETER,9861.92,kWh
b9369849-86c9-4e7d-85c2-3f2c5c36b536,2025-03-26T21:00:00,ENERGYMETER,9864.01,kWh
b9369849-86c9-4e7d-85c2-3f2c5c36b536,2025-03-26T22:00:00,ENERGYMETER,9866.11,kWh
b9369849-86c9-4e7d-85c2-3f2c5c36b536,2025-03-26T23:00:00,ENERGYMETER,9868.19,kWh
b9369849-86c9-4e7d-85c2-3f2c5c36b536,2025-03-27T00:00:00,ENERGYMETER,9870.28,kWh
b9369849-86c9-4e7d-85c2-3f2c5c36b536,2025-03-27T01:00:00,ENERGYMETER,9872.28,kWh
b9369849-86c9-4e7d-85c2-3f2c5c36b536,2025-03-27T02:00:00,ENERGYMETER,9874.22,kWh
b9369849-86c9-4e7d-85c2-3f2c5c36b536,2025-03-27T03:00:00,ENERGYMETER,9876.16,kWh
b9369849-86c9-4e7d-85c2-3f2c5c36b536,2025-03-27T04:00:00,ENERGYMETER,9878.09,kWh
b9369849-86c9-4e7d-85c2-3f2c5c36b536,2025-03-27T05:00:00,ENERGYMETER,9880.03,kWh
b9369849-86c9-4e7d-85c2-3f2c5c36b536,2025-03-27T06:00:00,ENERGYMETER,9881.65,kWh
b9369849-86c9-4e7d-85c2-3f2c5c36b536,2025-03-27T07:00:00,ENERGYMETER,9881.67,kWh
b9369849-86c9-4e7d-85c2-3f2c5c36b536,2025-03-27T08:00:00,ENERGYMETER,9881.69,kWh
b9369849-86c9-4e7d-85c2-3f2c5c36b536,2025-03-27T09:00:00,ENERGYMETER,9881.72,kWh
b9369849-86c9-4e7d-85c2-3f2c5c36b536,2025-03-27T10:00:00,ENERGYMETER,9881.74,kWh
b9369849-86c9-4e7d-85c2-3f2c5c36b536,2025-03-27T11:00:00,ENERGYMETER,9881.76,kWh
b9369849-86c9-4e7d-85c2-3f2c5c36b536,2025-03-27T12:00:00,ENERGYMETER,9881.78,kWh
b9369849-86c9-4e7d-85c2-3f2c5c36b536,2025-03-27T13:00:00,ENERGYMETER,9881.8,kWh
b9369849-86c9-4e7d-85c2-3f2c5c36b536,2025-03-27T14:00:00,ENERGYMETER,9881.82,kWh
b9369849-86c9-4e7d-85c2-3f2c5c36b536,2025-03-27T15:00:00,ENERGYMETER,9881.83,kWh
b9369849-86c9-4e7d-85c2-3f2c5c36b536,2025-03-27T16:00:00,ENERGYMETER,9881.86,kWh
b9369849-86c9-4e7d-85c2-3f2c5c36b536,2025-03-27T17:00:00,ENERGYMETER,9881.88,kWh
b9369849-86c9-4e7d-85c2-3f2c5c36b536,2025-03-27T18:00:00,ENERGYMETER,9881.9,kWh
b9369849-86c9-4e7d-85c2-3f2c5c36b536,2025-03-27T19:00:00,ENERGYMETER,9882.69,kWh
b9369849-86c9-4e7d-85c2-3f2c5c36b536,2025-03-27T20:00:00,ENERGYMETER,9884.79,kWh
b9369849-86c9-4e7d-85c2-3f2c5c36b536,2025-03-27T21:00:00,ENERGYMETER,9886.88,kWh
b9369849-86c9-4e7d-85c2-3f2c5c36b536,2025-03-27T22:00:00,ENERGYMETER,9888.97,kWh
b9369849-86c9-4e7d-85c2-3f2c5c36b536,2025-03-27T23:00:00,ENERGYMETER,9891.05,kWh
b9369849-86c9-4e7d-85c2-3f2c5c36b536,2025-03-28T00:00:00,ENERGYMETER,9893.13,kWh
b9369849-86c9-4e7d-85c2-3f2c5c36b536,2025-03-28T01:00:00,ENERGYMETER,9895.12,kWh
b9369849-86c9-4e7d-85c2-3f2c5c36b536,2025-03-28T02:00:00,ENERGYMETER,9897.06,kWh
b9369849-86c9-4e7d-85c2-3f2c5c36b536,2025-03-28T03:00:00,ENERGYMETER,9899.0,kWh
b9369849-86c9-4e7d-85c2-3f2c5c36b536,2025-03-28T04:00:00,ENERGYMETER,9900.93,kWh
b9369849-86c9-4e7d-85c2-3f2c5c36b536,2025-03-28T05:00:00,ENERGYMETER,9902.87,kWh
b9369849-86c9-4e7d-85c2-3f2c5c36b536,2025-03-28T06:00:00,ENERGYMETER,9904.46,kWh
b9369849-86c9-4e7d-85c2-3f2c5c36b536,2025-03-28T07:00:00,ENERGYMETER,9904.48,kWh
b9369849-86c9-4e7d-85c2-3f2c5c36b536,2025-03-28T08:00:00,ENERGYMETER,9904.51,kWh
b9369849-86c9-4e7d-85c2-3f2c5c36b536,2025-03-28T09:00:00,ENERGYMETER,9904.53,kWh
b9369849-86c9-4e7d-85c2-3f2c5c36b536,2025-03-28T10:00:00,ENERGYMETER,9904.55,kWh
b9369849-86c9-4e7d-85c2-3f2c5c36b536,2025-03-28T11:00:00,ENERGYMETER,9904.57,kWh
b9369849-86c9-4e7d-85c2-3f2c5c36b536,2025-03-28T12:00:00,ENERGYMETER,9904.58,kWh
b9369849-86c9-4e7d-85c2-3f2c5c36b536,2025-03-28T13:00:00,ENERGYMETER,9904.59,kWh
b9369849-86c9-4e7d-85c2-3f2c5c36b536,2025-03-28T14:00:00,ENERGYMETER,9904.61,kWh
b9369849-86c9-4e7d-85c2-3f2c5c36b536,2025-03-28T15:00:00,ENERGYMETER,9904.62,kWh
b9369849-86c9-4e7d-85c2-3f2c5c36b536,2025-03-28T16:00:00,ENERGYMETER,9904.64,kWh
b9369849-86c9-4e7d-85c2-3f2c5c36b536,2025-03-28T17:00:00,ENERGYMETER,9904.65,kWh
b9369849-86c9-4e7d-85c2-3f2c5c36b536,2025-03-28T18:00:00,ENERGYMETER,9904.66,kWh
b9369849-86c9-4e7d-85c2-3f2c5c36b536,2025-03-28T19:00:00,ENERGYMETER,9905.42,kWh
b9369849-86c9-4e7d-85c2-3f2c5c36b536,2025-03-28T20:00:00,ENERGYMETER,9907.51,kWh
b9369849-86c9-4e7d-85c2-3f2c5c36b536,2025-03-28T21:00:00,ENERGYMETER,9909.6,kWh
b9369849-86c9-4e7d-85c2-3f2c5c36b536,2025-03-28T22:00:00,ENERGYMETER,9911.7,kWh
b9369849-86c9-4e7d-85c2-3f2c5c36b536,2025-03-28T23:00:00,ENERGYMETER,9913.78,kWh
b9369849-86c9-4e7d-85c2-3f2c5c36b536,2025-03-29T01:00:00,ENERGYMETER,9917.87,kWh
b9369849-86c9-4e7d-85c2-3f2c5c36b536,2025-03-29T02:00:00,ENERGYMETER,9919.82,kWh
b9369849-86c9-4e7d-85c2-3f2c5c36b536,2025-03-29T03:00:00,ENERGYMETER,9921.77,kWh
b9369849-86c9-4e7d-85c2-3f2c5c36b536,2025-03-29T04:00:00,ENERGYMETER,9923.71,kWh
b9369849-86c9-4e7d-85c2-3f2c5c36b536,2025-03-29T05:00:00,ENERGYMETER,9925.66,kWh
b9369849-86c9-4e7d-85c2-3f2c5c36b536,2025-03-29T06:00:00,ENERGYMETER,9927.22,kWh
b9369849-86c9-4e7d-85c2-3f2c5c36b536,2025-03-29T07:00:00,ENERGYMETER,9927.25,kWh
b9369849-86c9-4e7d-85c2-3f2c5c36b536,2025-03-29T08:00:00,ENERGYMETER,9927.28,kWh
b9369849-86c9-4e7d-85c2-3f2c5c36b536,2025-03-29T09:00:00,ENERGYMETER,9927.3,kWh
b9369849-86c9-4e7d-85c2-3f2c5c36b536,2025-03-29T10:00:00,ENERGYMETER,9927.33,kWh
b9369849-86c9-4e7d-85c2-3f2c5c36b536,2025-03-29T11:00:00,ENERGYMETER,9927.36,kWh
b9369849-86c9-4e7d-85c2-3f2c5c36b536,2025-03-29T12:00:00,ENERGYMETER,9927.38,kWh
b9369849-86c9-4e7d-85c2-3f2c5c36b536,2025-03-29T13:00:00,ENERGYMETER,9927.4,kWh
b9369849-86c9-4e7d-85c2-3f2c5c36b536,2025-03-29T14:00:00,ENERGYMETER,9927.43,kWh
b9369849-86c9-4e7d-85c2-3f2c5c36b536,2025-03-29T15:00:00,ENERGYMETER,9927.44,kWh
b9369849-86c9-4e7d-85c2-3f2c5c36b536,2025-03-29T16:00:00,ENERGYMETER,9927.45,kWh
b9369849-86c9-4e7d-85c2-3f2c5c36b536,2025-03-29T17:00:00,ENERGYMETER,9927.48,kWh
b9369849-86c9-4e7d-85c2-3f2c5c36b536,2025-03-29T18:00:00,ENERGYMETER,9927.5,kWh
b9369849-86c9-4e7d-85c2-3f2c5c36b536,2025-03-29T19:00:00,ENERGYMETER,9928.15,kWh
b9369849-86c9-4e7d-85c2-3f2c5c36b536,2025-03-29T20:00:00,ENERGYMETER,9930.26,kWh
b9369849-86c9-4e7d-85c2-3f2c5c36b536,2025-03-29T21:00:00,ENERGYMETER,9932.36,kWh
b9369849-86c9-4e7d-85c2-3f2c5c36b536,2025-03-29T22:00:00,ENERGYMETER,9934.47,kWh
b9369849-86c9-4e7d-85c2-3f2c5c36b536,2025-03-29T23:00:00,ENERGYMETER,9936.56,kWh
b9369849-86c9-4e7d-85c2-3f2c5c36b536,2025-03-30T00:00:00,ENERGYMETER,9938.65,kWh
b9369849-86c9-4e7d-85c2-3f2c5c36b536,2025-03-30T01:00:00,ENERGYMETER,9940.65,kWh
b9369849-86c9-4e7d-85c2-3f2c5c36b536,2025-03-30T02:00:00,ENERGYMETER,9942.59,kWh
b9369849-86c9-4e7d-85c2-3f2c5c36b536,2025-03-30T03:00:00,ENERGYMETER,9944.53,kWh
b9369849-86c9-4e7d-85c2-3f2c5c36b536,2025-03-30T04:00:00,ENERGYMETER,9946.47,kWh
b9369849-86c9-4e7d-85c2-3f2c5c36b536,2025-03-30T05:00:00,ENERGYMETER,9948.42,kWh
b9369849-86c9-4e7d-85c2-3f2c5c36b536,2025-03-30T06:00:00,ENERGYMETER,9949.76,kWh
b9369849-86c9-4e7d-85c2-3f2c5c36b536,2025-03-30T07:00:00,ENERGYMETER,9949.78,kWh
b9369849-86c9-4e7d-85c2-3f2c5c36b536,2025-03-30T08:00:00,ENERGYMETER,9949.81,kWh
b9369849-86c9-4e7d-85c2-3f2c5c36b536,2025-03-30T09:00:00,ENERGYMETER,9949.84,kWh
b9369849-86c9-4e7d-85c2-3f2c5c36b536,2025-03-30T10:00:00,ENERGYMETER,9949.87,kWh
b9369849-86c9-4e7d-85c2-3f2c5c36b536,2025-03-30T11:00:00,ENERGYMETER,9949.89,kWh
b9369849-86c9-4e7d-85c2-3f2c5c36b536,2025-03-30T12:00:00,ENERGYMETER,9949.91,kWh
b9369849-86c9-4e7d-85c2-3f2c5c36b536,2025-03-30T13:00:00,ENERGYMETER,9949.92,kWh
b9369849-86c9-4e7d-85c2-3f2c5c36b536,2025-03-30T14:00:00,ENERGYMETER,9949.94,kWh
b9369849-86c9-4e7d-85c2-3f2c5c36b536,2025-03-30T15:00:00,ENERGYMETER,9949.94,kWh
b9369849-86c9-4e7d-85c2-3f2c5c36b536,2025-03-30T16:00:00,ENERGYMETER,9949.96,kWh
b9369849-86c9-4e7d-85c2-3f2c5c36b536,2025-03-30T17:00:00,ENERGYMETER,9949.97,kWh
b9369849-86c9-4e7d-85c2-3f2c5c36b536,2025-03-30T18:00:00,ENERGYMETER,9949.98,kWh
b9369849-86c9-4e7d-85c2-3f2c5c36b536,2025-03-30T19:00:00,ENERGYMETER,9950.59,kWh
b9369849-86c9-4e7d-85c2-3f2c5c36b536,2025-03-30T20:00:00,ENERGYMETER,9952.69,kWh
b9369849-86c9-4e7d-85c2-3f2c5c36b536,2025-03-30T21:00:00,ENERGYMETER,9954.78,kWh
b9369849-86c9-4e7d-85c2-3f2c5c36b536,2025-03-30T22:00:00,ENERGYMETER,9956.88,kWh
b9369849-86c9-4e7d-85c2-3f2c5c36b536,2025-03-30T23:00:00,ENERGYMETER,9958.97,kWh
b9369849-86c9-4e7d-85c2-3f2c5c36b536,2025-03-31T00:00:00,ENERGYMETER,9961.06,kWh
b9369849-86c9-4e7d-85c2-3f2c5c36b536,2025-03-31T01:00:00,ENERGYMETER,9963.06,kWh
b9369849-86c9-4e7d-85c2-3f2c5c36b536,2025-03-31T02:00:00,ENERGYMETER,9964.99,kWh
b9369849-86c9-4e7d-85c2-3f2c5c36b536,2025-03-31T03:00:00,ENERGYMETER,9966.93,kWh
b9369849-86c9-4e7d-85c2-3f2c5c36b536,2025-03-31T04:00:00,ENERGYMETER,9968.87,kWh
b9369849-86c9-4e7d-85c2-3f2c5c36b536,2025-03-31T05:00:00,ENERGYMETER,9970.81,kWh
b9369849-86c9-4e7d-85c2-3f2c5c36b536,2025-03-31T06:00:00,ENERGYMETER,9972.12,kWh
b9369849-86c9-4e7d-85c2-3f2c5c36b536,2025-03-31T07:00:00,ENERGYMETER,9972.15,kWh
b9369849-86c9-4e7d-85c2-3f2c5c36b536,2025-03-31T08:00:00,ENERGYMETER,9972.17,kWh
b9369849-86c9-4e7d-85c2-3f2c5c36b536,2025-03-31T09:00:00,ENERGYMETER,9972.2,kWh
b9369849-86c9-4e7d-85c2-3f2c5c36b536,2025-03-31T10:00:00,ENERGYMETER,9972.21,kWh
b9369849-86c9-4e7d-85c2-3f2c5c36b536,2025-03-31T11:00:00,ENERGYMETER,9972.23,kWh
b9369849-86c9-4e7d-85c2-3f2c5c36b536,2025-03-31T12:00:00,ENERGYMETER,9972.23,kWh
b9369849-86c9-4e7d-85c2-3f2c5c36b536,2025-03-31T13:00:00,ENERGYMETER,9972.23,kWh
b9369849-86c9-4e7d-85c2-3f2c5c36b536,2025-03-31T14:00:00,ENERGYMETER,9972.24,kWh
b9369849-86c9-4e7d-85c2-3f2c5c36b536,2025-03-31T15:00:00,ENERGYMETER,9972.24,kWh
b9369849-86c9-4e7d-85c2-3f2c5c36b536,2025-03-31T16:00:00,ENERGYMETER,9972.25,kWh
b9369849-86c9-4e7d-85c2-3f2c5c36b536,2025-03-31T17:00:00,ENERGYMETER,9972.25,kWh
b9369849-86c9-4e7d-85c2-3f2c5c36b536,2025-03-31T18:00:00,ENERGYMETER,9972.25,kWh
b9369849-86c9-4e7d-85c2-3f2c5c36b536,2025-03-31T19:00:00,ENERGYMETER,9972.81,kWh
b9369849-86c9-4e7d-85c2-3f2c5c36b536,2025-03-31T20:00:00,ENERGYMETER,9974.88,kWh
b9369849-86c9-4e7d-85c2-3f2c5c36b536,2025-03-31T21:00:00,ENERGYMETER,9976.97,kWh
b9369849-86c9-4e7d-85c2-3f2c5c36b536,2025-03-31T22:00:00,ENERGYMETER,9979.04,kWh
b9369849-86c9-4e7d-85c2-3f2c5c36b536,2025-03-31T23:00:00,ENERGYMETER,9981.12,kWh
b9369849-86c9-4e7d-85c2-3f2c5c36b536,2025-04-01T00:00:00,ENERGYMETER,9983.19,kWh
b9369849-86c9-4e7d-85c2-3f2c5c36b536,2025-04-01T01:00:00,ENERGYMETER,9985.18,kWh
b9369849-86c9-4e7d-85c2-3f2c5c36b536,2025-04-01T02:00:00,ENERGYMETER,9987.12,kWh
b9369849-86c9-4e7d-85c2-3f2c5c36b536,2025-04-01T03:00:00,ENERGYMETER,9989.06,kWh
b9369849-86c9-4e7d-85c2-3f2c5c36b536,2025-04-01T04:00:00,ENERGYMETER,9991.01,kWh
b9369849-86c9-4e7d-85c2-3f2c5c36b536,2025-04-01T05:00:00,ENERGYMETER,9992.95,kWh
b9369849-86c9-4e7d-85c2-3f2c5c36b536,2025-04-01T06:00:00,ENERGYMETER,9994.22,kWh
b9369849-86c9-4e7d-85c2-3f2c5c36b536,2025-04-01T07:00:00,ENERGYMETER,9994.25,kWh
b9369849-86c9-4e7d-85c2-3f2c5c36b536,2025-04-01T08:00:00,ENERGYMETER,9994.27,kWh
b9369849-86c9-4e7d-85c2-3f2c5c36b536,2025-04-01T09:00:00,ENERGYMETER,9994.27,kWh
b9369849-86c9-4e7d-85c2-3f2c5c36b536,2025-04-01T10:00:00,ENERGYMETER,9994.27,kWh
b9369849-86c9-4e7d-85c2-3f2c5c36b536,2025-04-01T11:00:00,ENERGYMETER,9994.28,kWh
b9369849-86c9-4e7d-85c2-3f2c5c36b536,2025-04-01T12:00:00,ENERGYMETER,9994.28,kWh
b9369849-86c9-4e7d-85c2-3f2c5c36b536,2025-04-01T13:00:00,ENERGYMETER,9994.28,kWh
b9369849-86c9-4e7d-85c2-3f2c5c36b536,2025-04-01T14:00:00,ENERGYMETER,9994.29,kWh
b9369849-86c9-4e7d-85c2-3f2c5c36b536,2025-04-01T15:00:00,ENERGYMETER,9994.29,kWh
b9369849-86c9-4e7d-85c2-3f2c5c36b536,2025-04-01T16:00:00,ENERGYMETER,9994.3,kWh
b9369849-86c9-4e7d-85c2-3f2c5c36b536,2025-04-01T17:00:00,ENERGYMETER,9994.3,kWh
b9369849-86c9-4e7d-85c2-3f2c5c36b536,2025-04-01T18:00:00,ENERGYMETER,9994.3,kWh
b9369849-86c9-4e7d-85c2-3f2c5c36b536,2025-04-01T19:00:00,ENERGYMETER,9994.89,kWh
b9369849-86c9-4e7d-85c2-3f2c5c36b536,2025-04-01T20:00:00,ENERGYMETER,9996.96,kWh
b9369849-86c9-4e7d-85c2-3f2c5c36b536,2025-04-01T21:00:00,ENERGYMETER,9999.04,kWh
b9369849-86c9-4e7d-85c2-3f2c5c36b536,2025-04-01T22:00:00,ENERGYMETER,10001.11,kWh
b9369849-86c9-4e7d-85c2-3f2c5c36b536,2025-06-05T01:00:00,ENERGYMETER,11238.97,kWh
b9369849-86c9-4e7d-85c2-3f2c5c36b536,2025-06-05T02:00:00,ENERGYMETER,11240.88,kWh
b9369849-86c9-4e7d-85c2-3f2c5c36b536,2025-06-05T03:00:00,ENERGYMETER,11242.8,kWh
b9369849-86c9-4e7d-85c2-3f2c5c36b536,2025-06-05T04:00:00,ENERGYMETER,11244.71,kWh
b9369849-86c9-4e7d-85c2-3f2c5c36b536,2025-06-05T05:00:00,ENERGYMETER,11245.42,kWh
b9369849-86c9-4e7d-85c2-3f2c5c36b536,2025-06-05T06:00:00,ENERGYMETER,11245.42,kWh
b9369849-86c9-4e7d-85c2-3f2c5c36b536,2025-06-05T07:00:00,ENERGYMETER,11245.43,kWh
b9369849-86c9-4e7d-85c2-3f2c5c36b536,2025-06-05T08:00:00,ENERGYMETER,11245.43,kWh
b9369849-86c9-4e7d-85c2-3f2c5c36b536,2025-06-05T09:00:00,ENERGYMETER,11245.43,kWh
b9369849-86c9-4e7d-85c2-3f2c5c36b536,2025-06-05T10:00:00,ENERGYMETER,11245.44,kWh
b9369849-86c9-4e7d-85c2-3f2c5c36b536,2025-06-05T11:00:00,ENERGYMETER,11245.44,kWh
b9369849-86c9-4e7d-85c2-3f2c5c36b536,2025-06-05T12:00:00,ENERGYMETER,11245.44,kWh
b9369849-86c9-4e7d-85c2-3f2c5c36b536,2025-06-05T13:00:00,ENERGYMETER,11245.45,kWh
b9369849-86c9-4e7d-85c2-3f2c5c36b536,2025-06-05T14:00:00,ENERGYMETER,11245.45,kWh
b9369849-86c9-4e7d-85c2-3f2c5c36b536,2025-06-05T15:00:00,ENERGYMETER,11245.46,kWh
b9369849-86c9-4e7d-85c2-3f2c5c36b536,2025-06-05T16:00:00,ENERGYMETER,11245.46,kWh
b9369849-86c9-4e7d-85c2-3f2c5c36b536,2025-06-05T17:00:00,ENERGYMETER,11245.46,kWh
b9369849-86c9-4e7d-85c2-3f2c5c36b536,2025-06-05T18:00:00,ENERGYMETER,11245.47,kWh
b9369849-86c9-4e7d-85c2-3f2c5c36b536,2025-06-05T19:00:00,ENERGYMETER,11245.47,kWh
b9369849-86c9-4e7d-85c2-3f2c5c36b536,2025-06-05T20:00:00,ENERGYMETER,11245.78,kWh
b9369849-86c9-4e7d-85c2-3f2c5c36b536,2025-06-05T21:00:00,ENERGYMETER,11247.85,kWh
b9369849-86c9-4e7d-85c2-3f2c5c36b536,2025-06-05T22:00:00,ENERGYMETER,11249.91,kWh
b9369849-86c9-4e7d-85c2-3f2c5c36b536,2025-06-11T01:00:00,ENERGYMETER,11340.63,kWh
b9369849-86c9-4e7d-85c2-3f2c5c36b536,2025-06-11T02:00:00,ENERGYMETER,11342.53,kWh
b9369849-86c9-4e7d-85c2-3f2c5c36b536,2025-06-11T03:00:00,ENERGYMETER,11344.43,kWh
b9369849-86c9-4e7d-85c2-3f2c5c36b536,2025-06-11T04:00:00,ENERGYMETER,11346.33,kWh
b9369849-86c9-4e7d-85c2-3f2c5c36b536,2025-06-11T05:00:00,ENERGYMETER,11347.04,kWh
b9369849-86c9-4e7d-85c2-3f2c5c36b536,2025-06-11T06:00:00,ENERGYMETER,11347.04,kWh
b9369849-86c9-4e7d-85c2-3f2c5c36b536,2025-06-11T07:00:00,ENERGYMETER,11347.05,kWh
b9369849-86c9-4e7d-85c2-3f2c5c36b536,2025-06-11T08:00:00,ENERGYMETER,11347.05,kWh
b9369849-86c9-4e7d-85c2-3f2c5c36b536,2025-06-11T09:00:00,ENERGYMETER,11347.05,kWh
b9369849-86c9-4e7d-85c2-3f2c5c36b536,2025-06-11T10:00:00,ENERGYMETER,11347.06,kWh
b9369849-86c9-4e7d-85c2-3f2c5c36b536,2025-06-11T11:00:00,ENERGYMETER,11347.06,kWh
b9369849-86c9-4e7d-85c2-3f2c5c36b536,2025-06-11T12:00:00,ENERGYMETER,11347.07,kWh
b9369849-86c9-4e7d-85c2-3f2c5c36b536,2025-06-11T13:00:00,ENERGYMETER,11347.07,kWh
b9369849-86c9-4e7d-85c2-3f2c5c36b536,2025-06-11T14:00:00,ENERGYMETER,11347.07,kWh
b9369849-86c9-4e7d-85c2-3f2c5c36b536,2025-06-11T15:00:00,ENERGYMETER,11347.08,kWh
b9369849-86c9-4e7d-85c2-3f2c5c36b536,2025-06-11T16:00:00,ENERGYMETER,11347.08,kWh
b9369849-86c9-4e7d-85c2-3f2c5c36b536,2025-06-11T17:00:00,ENERGYMETER,11347.08,kWh
b9369849-86c9-4e7d-85c2-3f2c5c36b536,2025-06-11T18:00:00,ENERGYMETER,11347.09,kWh
b9369849-86c9-4e7d-85c2-3f2c5c36b536,2025-06-11T19:00:00,ENERGYMETER,11347.09,kWh
b9369849-86c9-4e7d-85c2-3f2c5c36b536,2025-06-11T20:00:00,ENERGYMETER,11347.32,kWh
b9369849-86c9-4e7d-85c2-3f2c5c36b536,2025-06-11T21:00:00,ENERGYMETER,11349.4,kWh
b9369849-86c9-4e7d-85c2-3f2c5c36b536,2025-06-11T22:00:00,ENERGYMETER,11351.47,kWh
b9369849-86c9-4e7d-85c2-3f2c5c36b536,2025-06-13T01:00:00,ENERGYMETER,11374.58,kWh
b9369849-86c9-4e7d-85c2-3f2c5c36b536,2025-06-13T02:00:00,ENERGYMETER,11376.49,kWh
b9369849-86c9-4e7d-85c2-3f2c5c36b536,2025-06-13T03:00:00,ENERGYMETER,11378.39,kWh
b9369849-86c9-4e7d-85c2-3f2c5c36b536,2025-06-13T04:00:00,ENERGYMETER,11380.3,kWh
b9369849-86c9-4e7d-85c2-3f2c5c36b536,2025-06-13T05:00:00,ENERGYMETER,11381.04,kWh
b9369849-86c9-4e7d-85c2-3f2c5c36b536,2025-06-13T06:00:00,ENERGYMETER,11381.04,kWh
b9369849-86c9-4e7d-85c2-3f2c5c36b536,2025-06-13T07:00:00,ENERGYMETER,11381.05,kWh
b9369849-86c9-4e7d-85c2-3f2c5c36b536,2025-06-13T08:00:00,ENERGYMETER,11381.05,kWh
b9369849-86c9-4e7d-85c2-3f2c5c36b536,2025-06-13T09:00:00,ENERGYMETER,11381.05,kWh
b9369849-86c9-4e7d-85c2-3f2c5c36b536,2025-06-13T10:00:00,ENERGYMETER,11381.06,kWh
b9369849-86c9-4e7d-85c2-3f2c5c36b536,2025-06-13T11:00:00,ENERGYMETER,11381.06,kWh
b9369849-86c9-4e7d-85c2-3f2c5c36b536,2025-06-13T12:00:00,ENERGYMETER,11381.06,kWh
b9369849-86c9-4e7d-85c2-3f2c5c36b536,2025-06-13T13:00:00,ENERGYMETER,11381.07,kWh
b9369849-86c9-4e7d-85c2-3f2c5c36b536,2025-06-13T14:00:00,ENERGYMETER,11381.07,kWh
b9369849-86c9-4e7d-85c2-3f2c5c36b536,2025-06-13T15:00:00,ENERGYMETER,11381.08,kWh
b9369849-86c9-4e7d-85c2-3f2c5c36b536,2025-06-13T16:00:00,ENERGYMETER,11381.08,kWh
b9369849-86c9-4e7d-85c2-3f2c5c36b536,2025-06-13T17:00:00,ENERGYMETER,11381.08,kWh
b9369849-86c9-4e7d-85c2-3f2c5c36b536,2025-06-13T18:00:00,ENERGYMETER,11381.09,kWh
b9369849-86c9-4e7d-85c2-3f2c5c36b536,2025-06-13T19:00:00,ENERGYMETER,11381.09,kWh
b9369849-86c9-4e7d-85c2-3f2c5c36b536,2025-06-13T20:00:00,ENERGYMETER,11381.3,kWh
b9369849-86c9-4e7d-85c2-3f2c5c36b536,2025-06-13T21:00:00,ENERGYMETER,11383.38,kWh
b9369849-86c9-4e7d-85c2-3f2c5c36b536,2025-06-13T22:00:00,ENERGYMETER,11385.45,kWh
