device_id,timestamp,meas_type,value,unit
ec958f72-79c0-41a8-8531-ce490d10977a,2024-06-30T22:00:00,ENERGYMETER,5097.99,kWh
ec958f72-79c0-41a8-8531-ce490d10977a,2024-06-30T23:00:00,ENERGYMETER,5102.85,kWh
ec958f72-79c0-41a8-8531-ce490d10977a,2024-07-01T00:00:00,ENERGYMETER,5107.72,kWh
ec958f72-79c0-41a8-8531-ce490d10977a,2024-07-01T01:00:00,ENERGYMETER,5112.58,kWh
ec958f72-79c0-41a8-8531-ce490d10977a,2024-07-01T02:00:00,ENERGYMETER,5117.44,kWh
ec958f72-79c0-41a8-8531-ce490d10977a,2025-02-11T00:00:00,ENERGYMETER,17242.18,kWh
ec958f72-79c0-41a8-8531-ce490d10977a,2025-02-11T01:00:00,ENERGYMETER,17246.23,kWh
ec958f72-79c0-41a8-8531-ce490d10977a,2025-02-11T02:00:00,ENERGYMETER,17242.18,kWh
ec958f72-79c0-41a8-8531-ce490d10977a,2025-02-11T03:00:00,ENERGYMETER,17246.23,kWh
ec958f72-79c0-41a8-8531-ce490d10977a,2025-02-11T04:00:00,ENERGYMETER,17250.27,kWh
ec958f72-79c0-41a8-8531-ce490d10977a,2025-02-11T05:00:00,ENERGYMETER,17254.32,kWh
ec958f72-79c0-41a8-8531-ce490d10977a,2025-02-11T06:00:00,ENERGYMETER,17258.37,kWh
ec958f72-79c0-41a8-8531-ce490d10977a,2025-02-11T07:00:00,ENERGYMETER,17262.78,kWh
ec958f72-79c0-41a8-8531-ce490d10977a,2025-02-11T08:00:00,ENERGYMETER,17267.38,kWh
ec958f72-79c0-41a8-8531-ce490d10977a,2025-02-11T09:00:00,ENERGYMETER,17272.27,kWh
ec958f72-79c0-41a8-8531-ce490d10977a,2025-02-11T10:00:00,ENERGYMETER,17272.32,kWh
ec958f72-79c0-41a8-8531-ce490d10977a,2025-02-11T11:00:00,ENERGYMETER,17272.33,kWh
ec958f72-79c0-41a8-8531-ce490d10977a,2025-02-11T12:00:00,ENERGYMETER,17272.34,kWh
ec958f72-79c0-41a8-8531-ce490d10977a,2025-02-11T13:00:00,ENERGYMETER,17272.35,kWh
ec958f72-79c0-41a8-8531-ce490d10977a,2025-02-11T14:00:00,ENERGYMETER,17272.35,kWh
ec958f72-79c0-41a8-8531-ce490d10977a,2025-02-11T15:00:00,ENERGYMETER,17272.36,kWh
ec958f72-79c0-41a8-8531-ce490d10977a,2025-02-11T16:00:00,ENERGYMETER,17272.37,kWh
ec958f72-79c0-41a8-8531-ce490d10977a,2025-02-11T17:00:00,ENERGYMETER,17272.38,kWh
ec958f72-79c0-41a8-8531-ce490d10977a,2025-02-11T18:00:00,ENERGYMETER,17272.39,kWh
ec958f72-79c0-41a8-8531-ce490d10977a,2025-02-11T19:00:00,ENERGYMETER,17272.4,kWh
ec958f72-79c0-41a8-8531-ce490d10977a,2025-02-11T20:00:00,ENERGYMETER,17274.22,kWh
ec958f72-79c0-41a8-8531-ce490d10977a,2025-02-11T21:00:00,ENERGYMETER,17279.19,kWh
ec958f72-79c0-41a8-8531-ce490d10977a,2025-02-11T22:00:00,ENERGYMETER,17284.13,kWh
ec958f72-79c0-41a8-8531-ce490d10977a,2025-02-11T23:00:00,ENERGYMETER,17289.07,kWh
ec958f72-79c0-41a8-8531-ce490d10977a,2025-02-12T00:00:00,ENERGYMETER,17293.7,kWh
ec958f72-79c0-41a8-8531-ce490d10977a,2025-02-12T01:00:00,ENERGYMETER,17297.81,kWh
ec958f72-79c0-41a8-8531-ce490d10977a,2025-02-12T02:00:00,ENERGYMETER,17301.88,kWh
ec958f72-79c0-41a8-8531-ce490d10977a,2025-02-12T03:00:00,ENERGYMETER,17305.92,kWh
ec958f72-79c0-41a8-8531-ce490d10977a,2025-02-12T04:00:00,ENERGYMETER,17309.96,kWh
ec958f72-79c0-41a8-8531-ce490d10977a,2025-02-12T05:00:00,ENERGYMETER,17314.0,kWh
ec958f72-79c0-41a8-8531-ce490d10977a,2025-02-12T06:00:00,ENERGYMETER,17318.05,kWh
ec958f72-79c0-41a8-8531-ce490d10977a,2025-02-12T07:00:00,ENERGYMETER,17322.46,kWh
ec958f72-79c0-41a8-8531-ce490d10977a,2025-02-12T08:00:00,ENERGYMETER,17327.07,kWh
ec958f72-79c0-41a8-8531-ce490d10977a,2025-02-12T09:00:00,ENERGYMETER,17331.92,kWh
ec958f72-79c0-41a8-8531-ce490d10977a,2025-02-12T10:00:00,ENERGYMETER,17331.93,kWh
ec958f72-79c0-41a8-8531-ce490d10977a,2025-02-12T11:00:00,ENERGYMETER,17331.94,kWh
ec958f72-79c0-41a8-8531-ce490d10977a,2025-02-12T12:00:00,ENERGYMETER,17331.95,kWh
ec958f72-79c0-41a8-8531-ce490d10977a,2025-02-12T13:00:00,ENERGYMETER,17331.96,kWh
ec958f72-79c0-41a8-8531-ce490d10977a,2025-02-12T14:00:00,ENERGYMETER,17331.96,kWh
ec958f72-79c0-41a8-8531-ce490d10977a,2025-02-12T15:00:00,ENERGYMETER,17331.97,kWh
ec958f72-79c0-41a8-8531-ce490d10977a,2025-02-12T16:00:00,ENERGYMETER,17331.98,kWh
ec958f72-79c0-41a8-8531-ce490d10977a,2025-02-12T17:00:00,ENERGYMETER,17331.99,kWh
ec958f72-79c0-41a8-8531-ce490d10977a,2025-02-12T18:00:00,ENERGYMETER,17332.0,kWh
ec958f72-79c0-41a8-8531-ce490d10977a,2025-02-12T19:00:00,ENERGYMETER,17332.01,kWh
ec958f72-79c0-41a8-8531-ce490d10977a,2025-02-12T20:00:00,ENERGYMETER,17333.67,kWh
ec958f72-79c0-41a8-8531-ce490d10977a,2025-02-12T21:00:00,ENERGYMETER,17338.67,kWh
ec958f72-79c0-41a8-8531-ce490d10977a,2025-02-12T22:00:00,ENERGYMETER,17343.63,kWh
ec958f72-79c0-41a8-8531-ce490d10977a,2025-02-12T23:00:00,ENERGYMETER,17348.58,kWh
ec958f72-79c0-41a8-8531-ce490d10977a,2025-02-13T00:00:00,ENERGYMETER,17353.22,kWh
ec958f72-79c0-41a8-8531-ce490d10977a,2025-02-13T01:00:00,ENERGYMETER,17357.33,kWh
ec958f72-79c0-41a8-8531-ce490d10977a,2025-02-13T02:00:00,ENERGYMETER,17361.4,kWh
ec958f72-79c0-41a8-8531-ce490d10977a,2025-02-13T03:00:00,ENERGYMETER,17365.45,kWh
ec958f72-79c0-41a8-8531-ce490d10977a,2025-02-13T04:00:00,ENERGYMETER,17369.49,kWh
ec958f72-79c0-41a8-8531-ce490d10977a,2025-02-13T05:00:00,ENERGYMETER,17373.54,kWh
ec958f72-79c0-41a8-8531-ce490d10977a,2025-02-13T06:00:00,ENERGYMETER,17377.59,kWh
ec958f72-79c0-41a8-8531-ce490d10977a,2025-02-13T07:00:00,ENERGYMETER,17382.0,kWh
ec958f72-79c0-41a8-8531-ce490d10977a,2025-02-13T08:00:00,ENERGYMETER,17386.62,kWh
ec958f72-79c0-41a8-8531-ce490d10977a,2025-02-13T09:00:00,ENERGYMETER,17391.3,kWh
ec958f72-79c0-41a8-8531-ce490d10977a,2025-02-13T10:00:00,ENERGYMETER,17391.31,kWh
ec958f72-79c0-41a8-8531-ce490d10977a,2025-02-13T11:00:00,ENERGYMETER,17391.32,kWh
ec958f72-79c0-41a8-8531-ce490d10977a,2025-02-13T12:00:00,ENERGYMETER,17391.33,kWh
ec958f72-79c0-41a8-8531-ce490d10977a,2025-02-13T13:00:00,ENERGYMETER,17391.34,kWh
ec958f72-79c0-41a8-8531-ce490d10977a,2025-02-13T14:00:00,ENERGYMETER,17391.35,kWh
ec958f72-79c0-41a8-8531-ce490d10977a,2025-02-13T15:00:00,ENERGYMETER,17391.36,kWh
ec958f72-79c0-41a8-8531-ce490d10977a,2025-02-13T16:00:00,ENERGYMETER,17391.37,kWh
ec958f72-79c0-41a8-8531-ce490d10977a,2025-02-13T17:00:00,ENERGYMETER,17391.38,kWh
ec958f72-79c0-41a8-8531-ce490d10977a,2025-02-13T18:00:00,ENERGYMETER,17391.39,kWh
ec958f72-79c0-41a8-8531-ce490d10977a,2025-02-13T19:00:00,ENERGYMETER,17391.4,kWh
ec958f72-79c0-41a8-8531-ce490d10977a,2025-02-13T20:00:00,ENERGYMETER,17392.97,kWh
ec958f72-79c0-41a8-8531-ce490d10977a,2025-02-13T21:00:00,ENERGYMETER,17397.95,kWh
ec958f72-79c0-41a8-8531-ce490d10977a,2025-02-13T22:00:00,ENERGYMETER,17402.89,kWh
ec958f72-79c0-41a8-8531-ce490d10977a,2025-02-13T23:00:00,ENERGYMETER,17407.82,kWh
ec958f72-79c0-41a8-8531-ce490d10977a,2025-02-14T00:00:00,ENERGYMETER,17412.44,kWh
ec958f72-79c0-41a8-8531-ce490d10977a,2025-02-14T01:00:00,ENERGYMETER,17416.54,kWh
ec958f72-79c0-41a8-8531-ce490d10977a,2025-02-14T02:00:00,ENERGYMETER,17420.6,kWh
ec958f72-79c0-41a8-8531-ce490d10977a,2025-02-14T03:00:00,ENERGYMETER,17424.64,kWh
ec958f72-79c0-41a8-8531-ce490d10977a,2025-02-14T04:00:00,ENERGYMETER,17428.68,kWh
ec958f72-79c0-41a8-8531-ce490d10977a,2025-02-14T05:00:00,ENERGYMETER,17432.71,kWh
ec958f72-79c0-41a8-8531-ce490d10977a,2025-02-14T06:00:00,ENERGYMETER,17436.75,kWh
ec958f72-79c0-41a8-8531-ce490d10977a,2025-02-14T07:00:00,ENERGYMETER,17441.14,kWh
ec958f72-79c0-41a8-8531-ce490d10977a,2025-02-14T08:00:00,ENERGYMETER,17445.74,kWh
ec958f72-79c0-41a8-8531-ce490d10977a,2025-02-14T09:00:00,ENERGYMETER,17450.32,kWh
ec958f72-79c0-41a8-8531-ce490d10977a,2025-02-14T10:00:00,ENERGYMETER,17450.33,kWh
ec958f72-79c0-41a8-8531-ce490d10977a,2025-02-14T11:00:00,ENERGYMETER,17450.34,kWh
ec958f72-79c0-41a8-8531-ce490d10977a,2025-02-14T12:00:00,ENERGYMETER,17450.35,kWh
ec958f72-79c0-41a8-8531-ce490d10977a,2025-02-14T13:00:00,ENERGYMETER,17450.36,kWh
ec958f72-79c0-41a8-8531-ce490d10977a,2025-02-14T14:00:00,ENERGYMETER,17450.37,kWh
ec958f72-79c0-41a8-8531-ce490d10977a,2025-02-14T15:00:00,ENERGYMETER,17450.38,kWh
ec958f72-79c0-41a8-8531-ce490d10977a,2025-02-14T16:00:00,ENERGYMETER,17450.39,kWh
ec958f72-79c0-41a8-8531-ce490d10977a,2025-02-14T17:00:00,ENERGYMETER,17450.4,kWh
ec958f72-79c0-41a8-8531-ce490d10977a,2025-02-14T18:00:00,ENERGYMETER,17450.41,kWh
ec958f72-79c0-41a8-8531-ce490d10977a,2025-02-14T19:00:00,ENERGYMETER,17450.42,kWh
ec958f72-79c0-41a8-8531-ce490d10977a,2025-02-14T20:00:00,ENERGYMETER,17451.9,kWh
ec958f72-79c0-41a8-8531-ce490d10977a,2025-02-14T21:00:00,ENERGYMETER,17456.88,kWh
ec958f72-79c0-41a8-8531-ce490d10977a,2025-02-14T22:00:00,ENERGYMETER,17461.82,kWh
ec958f72-79c0-41a8-8531-ce490d10977a,2025-02-14T23:00:00,ENERGYMETER,17466.76,kWh
ec958f72-79c0-41a8-8531-ce490d10977a,2025-02-15T00:00:00,ENERGYMETER,17471.38,kWh
ec958f72-79c0-41a8-8531-ce490d10977a,2025-02-15T01:00:00,ENERGYMETER,17475.49,kWh
ec958f72-79c0-41a8-8531-ce490d10977a,2025-02-15T02:00:00,ENERGYMETER,17479.56,kWh
ec958f72-79c0-41a8-8531-ce490d10977a,2025-02-15T03:00:00,ENERGYMETER,17483.61,kWh
ec958f72-79c0-41a8-8531-ce490d10977a,2025-02-15T04:00:00,ENERGYMETER,17487.66,kWh
ec958f72-79c0-41a8-8531-ce490d10977a,2025-02-15T05:00:00,ENERGYMETER,17491.71,kWh
ec958f72-79c0-41a8-8531-ce490d10977a,2025-02-15T06:00:00,ENERGYMETER,17495.76,kWh
ec958f72-79c0-41a8-8531-ce490d10977a,2025-02-15T07:00:00,ENERGYMETER,17500.18,kWh
ec958f72-79c0-41a8-8531-ce490d10977a,2025-02-15T08:00:00,ENERGYMETER,17504.8,kWh
ec958f72-79c0-41a8-8531-ce490d10977a,2025-02-15T09:00:00,ENERGYMETER,17509.25,kWh
ec958f72-79c0-41a8-8531-ce490d10977a,2025-02-15T10:00:00,ENERGYMETER,17509.26,kWh
ec958f72-79c0-41a8-8531-ce490d10977a,2025-02-15T11:00:00,ENERGYMETER,17509.26,kWh
ec958f72-79c0-41a8-8531-ce490d10977a,2025-02-15T12:00:00,ENERGYMETER,17509.27,kWh
ec958f72-79c0-41a8-8531-ce490d10977a,2025-02-15T13:00:00,ENERGYMETER,17509.28,kWh
ec958f72-79c0-41a8-8531-ce490d10977a,2025-02-15T14:00:00,ENERGYMETER,17509.29,kWh
ec958f72-79c0-41a8-8531-ce490d10977a,2025-02-15T15:00:00,ENERGYMETER,17509.3,kWh
ec958f72-79c0-41a8-8531-ce490d10977a,2025-02-15T16:00:00,ENERGYMETER,17509.31,kWh
ec958f72-79c0-41a8-8531-ce490d10977a,2025-02-15T17:00:00,ENERGYMETER,17509.32,kWh
ec958f72-79c0-41a8-8531-ce490d10977a,2025-02-15T18:00:00,ENERGYMETER,17509.33,kWh
ec958f72-79c0-41a8-8531-ce490d10977a,2025-02-15T19:00:00,ENERGYMETER,17509.34,kWh
ec958f72-79c0-41a8-8531-ce490d10977a,2025-02-15T20:00:00,ENERGYMETER,17510.65,kWh
ec958f72-79c0-41a8-8531-ce490d10977a,2025-02-15T21:00:00,ENERGYMETER,17515.62,kWh
ec958f72-79c0-41a8-8531-ce490d10977a,2025-02-15T22:00:00,ENERGYMETER,17520.56,kWh
ec958f72-79c0-41a8-8531-ce490d10977a,2025-02-15T23:00:00,ENERGYMETER,17525.49,kWh
ec958f72-79c0-41a8-8531-ce490d10977a,2025-02-16T00:00:00,ENERGYMETER,17530.1,kWh
ec958f72-79c0-41a8-8531-ce490d10977a,2025-02-16T01:00:00,ENERGYMETER,17534.2,kWh
ec958f72-79c0-41a8-8531-ce490d10977a,2025-02-16T02:00:00,ENERGYMETER,17538.26,kWh
ec958f72-79c0-41a8-8531-ce490d10977a,2025-02-16T03:00:00,ENERGYMETER,17542.3,kWh
ec958f72-79c0-41a8-8531-ce490d10977a,2025-02-16T04:00:00,ENERGYMETER,17546.33,kWh
ec958f72-79c0-41a8-8531-ce490d10977a,2025-02-16T05:00:00,ENERGYMETER,17550.37,kWh
ec958f72-79c0-41a8-8531-ce490d10977a,2025-02-16T06:00:00,ENERGYMETER,17554.41,kWh
ec958f72-79c0-41a8-8531-ce490d10977a,2025-02-16T07:00:00,ENERGYMETER,17558.8,kWh
ec958f72-79c0-41a8-8531-ce490d10977a,2025-02-16T08:00:00,ENERGYMETER,17563.39,kWh
ec958f72-79c0-41a8-8531-ce490d10977a,2025-02-16T09:00:00,ENERGYMETER,17567.64,kWh
ec958f72-79c0-41a8-8531-ce490d10977a,2025-02-16T10:00:00,ENERGYMETER,17567.65,kWh
ec958f72-79c0-41a8-8531-ce490d10977a,2025-02-16T11:00:00,ENERGYMETER,17567.66,kWh
ec958f72-79c0-41a8-8531-ce490d10977a,2025-02-16T12:00:00,ENERGYMETER,17567.67,kWh
ec958f72-79c0-41a8-8531-ce490d10977a,2025-02-16T13:00:00,ENERGYMETER,17567.68,kWh
ec958f72-79c0-41a8-8531-ce490d10977a,2025-02-16T14:00:00,ENERGYMETER,17567.69,kWh
ec958f72-79c0-41a8-8531-ce490d10977a,2025-02-16T15:00:00,ENERGYMETER,17567.7,kWh
ec958f72-79c0-41a8-8531-ce490d10977a,2025-02-16T16:00:00,ENERGYMETER,17567.71,kWh
ec958f72-79c0-41a8-8531-ce490d10977a,2025-02-16T17:00:00,ENERGYMETER,17567.72,kWh
ec958f72-79c0-41a8-8531-ce490d10977a,2025-02-16T18:00:00,ENERGYMETER,17567.73,kWh
ec958f72-79c0-41a8-8531-ce490d10977a,2025-02-16T19:00:00,ENERGYMETER,17567.74,kWh
ec958f72-79c0-41a8-8531-ce490d10977a,2025-02-16T20:00:00,ENERGYMETER,17568.97,kWh
ec958f72-79c0-41a8-8531-ce490d10977a,2025-02-16T21:00:00,ENERGYMETER,17573.93,kWh
ec958f72-79c0-41a8-8531-ce490d10977a,2025-02-16T22:00:00,ENERGYMETER,17578.87,kWh
ec958f72-79c0-41a8-8531-ce490d10977a,2025-02-16T23:00:00,ENERGYMETER,17583.8,kWh
ec958f72-79c0-41a8-8531-ce490d10977a,2025-02-17T00:00:00,ENERGYMETER,17588.41,kWh
ec958f72-79c0-41a8-8531-ce490d10977a,2025-02-17T01:00:00,ENERGYMETER,17592.5,kWh
ec958f72-79c0-41a8-8531-ce490d10977a,2025-02-17T02:00:00,ENERGYMETER,17604.61,kWh
ec958f72-79c0-41a8-8531-ce490d10977a,2025-02-17T03:00:00,ENERGYMETER,17600.59,kWh
ec958f72-79c0-41a8-8531-ce490d10977a,2025-02-17T04:00:00,ENERGYMETER,17604.61,kWh
ec958f72-79c0-41a8-8531-ce490d10977a,2025-02-17T05:00:00,ENERGYMETER,17608.64,kWh
ec958f72-79c0-41a8-8531-ce490d10977a,2025-02-17T06:00:00,ENERGYMETER,17612.67,kWh
ec958f72-79c0-41a8-8531-ce490d10977a,2025-02-17T07:00:00,ENERGYMETER,17617.06,kWh
ec958f72-79c0-41a8-8531-ce490d10977a,2025-02-17T08:00:00,ENERGYMETER,17621.65,kWh
ec958f72-79c0-41a8-8531-ce490d10977a,2025-02-17T09:00:00,ENERGYMETER,17625.82,kWh
ec958f72-79c0-41a8-8531-ce490d10977a,2025-02-17T10:00:00,ENERGYMETER,17625.83,kWh
ec958f72-79c0-41a8-8531-ce490d10977a,2025-02-17T11:00:00,ENERGYMETER,17625.84,kWh
ec958f72-79c0-41a8-8531-ce490d10977a,2025-02-17T12:00:00,ENERGYMETER,17625.85,kWh
ec958f72-79c0-41a8-8531-ce490d10977a,2025-02-17T13:00:00,ENERGYMETER,17625.85,kWh
ec958f72-79c0-41a8-8531-ce490d10977a,2025-02-17T14:00:00,ENERGYMETER,17625.86,kWh
ec958f72-79c0-41a8-8531-ce490d10977a,2025-02-17T15:00:00,ENERGYMETER,17625.87,kWh
ec958f72-79c0-41a8-8531-ce490d10977a,2025-02-17T16:00:00,ENERGYMETER,17625.88,kWh
ec958f72-79c0-41a8-8531-ce490d10977a,2025-02-17T17:00:00,ENERGYMETER,17625.89,kWh
ec958f72-79c0-41a8-8531-ce490d10977a,2025-02-17T18:00:00,ENERGYMETER,17625.9,kWh
ec958f72-79c0-41a8-8531-ce490d10977a,2025-02-17T19:00:00,ENERGYMETER,17625.91,kWh
ec958f72-79c0-41a8-8531-ce490d10977a,2025-02-17T20:00:00,ENERGYMETER,17626.97,kWh
ec958f72-79c0-41a8-8531-ce490d10977a,2025-02-17T21:00:00,ENERGYMETER,17631.95,kWh
ec958f72-79c0-41a8-8531-ce490d10977a,2025-02-17T22:00:00,ENERGYMETER,17636.89,kWh
ec958f72-79c0-41a8-8531-ce490d10977a,2025-02-17T23:00:00,ENERGYMETER,17641.83,kWh
ec958f72-79c0-41a8-8531-ce490d10977a,2025-02-18T00:00:00,ENERGYMETER,17646.45,kWh
ec958f72-79c0-41a8-8531-ce490d10977a,2025-02-18T01:00:00,ENERGYMETER,17650.57,kWh
ec958f72-79c0-41a8-8531-ce490d10977a,2025-02-18T02:00:00,ENERGYMETER,17654.64,kWh
ec958f72-79c0-41a8-8531-ce490d10977a,2025-02-18T03:00:00,ENERGYMETER,17658.68,kWh
ec958f72-79c0-41a8-8531-ce490d10977a,2025-02-18T04:00:00,ENERGYMETER,17662.72,kWh
ec958f72-79c0-41a8-8531-ce490d10977a,2025-02-18T05:00:00,ENERGYMETER,17666.76,kWh
ec958f72-79c0-41a8-8531-ce490d10977a,2025-02-18T06:00:00,ENERGYMETER,17670.8,kWh
ec958f72-79c0-41a8-8531-ce490d10977a,2025-02-18T07:00:00,ENERGYMETER,17675.2,kWh
ec958f72-79c0-41a8-8531-ce490d10977a,2025-02-18T08:00:00,ENERGYMETER,17679.81,kWh
ec958f72-79c0-41a8-8531-ce490d10977a,2025-02-18T09:00:00,ENERGYMETER,17683.83,kWh
ec958f72-79c0-41a8-8531-ce490d10977a,2025-02-18T10:00:00,ENERGYMETER,17683.84,kWh
ec958f72-79c0-41a8-8531-ce490d10977a,2025-02-18T11:00:00,ENERGYMETER,17683.85,kWh
ec958f72-79c0-41a8-8531-ce490d10977a,2025-02-18T12:00:00,ENERGYMETER,17683.86,kWh
ec958f72-79c0-41a8-8531-ce490d10977a,2025-02-18T13:00:00,ENERGYMETER,17683.87,kWh
ec958f72-79c0-41a8-8531-ce490d10977a,2025-02-18T14:00:00,ENERGYMETER,17683.88,kWh
ec958f72-79c0-41a8-8531-ce490d10977a,2025-02-18T15:00:00,ENERGYMETER,17683.88,kWh
ec958f72-79c0-41a8-8531-ce490d10977a,2025-02-18T16:00:00,ENERGYMETER,17683.89,kWh
ec958f72-79c0-41a8-8531-ce490d10977a,2025-02-18T17:00:00,ENERGYMETER,17683.9,kWh
ec958f72-79c0-41a8-8531-ce490d10977a,2025-02-18T18:00:00,ENERGYMETER,17683.91,kWh
ec958f72-79c0-41a8-8531-ce490d10977a,2025-02-18T19:00:00,ENERGYMETER,17683.92,kWh
ec958f72-79c0-41a8-8531-ce490d10977a,2025-02-18T20:00:00,ENERGYMETER,17684.9,kWh
ec958f72-79c0-41a8-8531-ce490d10977a,2025-02-18T21:00:00,ENERGYMETER,17689.88,kWh
ec958f72-79c0-41a8-8531-ce490d10977a,2025-02-18T22:00:00,ENERGYMETER,17694.81,kWh
ec958f72-79c0-41a8-8531-ce490d10977a,2025-02-18T23:00:00,ENERGYMETER,17699.75,kWh
ec958f72-79c0-41a8-8531-ce490d10977a,2025-02-19T00:00:00,ENERGYMETER,17704.36,kWh
ec958f72-79c0-41a8-8531-ce490d10977a,2025-02-19T01:00:00,ENERGYMETER,17708.46,kWh
ec958f72-79c0-41a8-8531-ce490d10977a,2025-02-19T02:00:00,ENERGYMETER,17712.52,kWh
ec958f72-79c0-41a8-8531-ce490d10977a,2025-02-19T03:00:00,ENERGYMETER,17716.56,kWh
ec958f72-79c0-41a8-8531-ce490d10977a,2025-02-19T04:00:00,ENERGYMETER,17720.59,kWh
ec958f72-79c0-41a8-8531-ce490d10977a,2025-02-19T05:00:00,ENERGYMETER,17724.63,kWh
ec958f72-79c0-41a8-8531-ce490d10977a,2025-02-19T06:00:00,ENERGYMETER,17728.66,kWh
ec958f72-79c0-41a8-8531-ce490d10977a,2025-02-19T07:00:00,ENERGYMETER,17733.07,kWh
ec958f72-79c0-41a8-8531-ce490d10977a,2025-02-19T08:00:00,ENERGYMETER,17737.66,kWh
ec958f72-79c0-41a8-8531-ce490d10977a,2025-02-19T09:00:00,ENERGYMETER,17741.6,kWh
ec958f72-79c0-41a8-8531-ce490d10977a,2025-02-19T10:00:00,ENERGYMETER,17741.61,kWh
ec958f72-79c0-41a8-8531-ce490d10977a,2025-02-19T11:00:00,ENERGYMETER,17741.62,kWh
ec958f72-79c0-41a8-8531-ce490d10977a,2025-02-19T12:00:00,ENERGYMETER,17741.63,kWh
ec958f72-79c0-41a8-8531-ce490d10977a,2025-02-19T13:00:00,ENERGYMETER,17741.64,kWh
ec958f72-79c0-41a8-8531-ce490d10977a,2025-02-19T14:00:00,ENERGYMETER,17741.65,kWh
ec958f72-79c0-41a8-8531-ce490d10977a,2025-02-19T15:00:00,ENERGYMETER,17741.66,kWh
ec958f72-79c0-41a8-8531-ce490d10977a,2025-02-19T16:00:00,ENERGYMETER,17741.67,kWh
ec958f72-79c0-41a8-8531-ce490d10977a,2025-02-19T17:00:00,ENERGYMETER,17741.67,kWh
ec958f72-79c0-41a8-8531-ce490d10977a,2025-02-19T18:00:00,ENERGYMETER,17741.68,kWh
ec958f72-79c0-41a8-8531-ce490d10977a,2025-02-19T19:00:00,ENERGYMETER,17741.69,kWh
ec958f72-79c0-41a8-8531-ce490d10977a,2025-02-19T20:00:00,ENERGYMETER,17742.59,kWh
ec958f72-79c0-41a8-8531-ce490d10977a,2025-02-19T21:00:00,ENERGYMETER,17747.56,kWh
ec958f72-79c0-41a8-8531-ce490d10977a,2025-02-19T22:00:00,ENERGYMETER,17752.48,kWh
ec958f72-79c0-41a8-8531-ce490d10977a,2025-02-19T23:00:00,ENERGYMETER,17757.41,kWh
ec958f72-79c0-41a8-8531-ce490d10977a,2025-02-20T00:00:00,ENERGYMETER,17762.02,kWh
ec958f72-79c0-41a8-8531-ce490d10977a,2025-02-20T01:00:00,ENERGYMETER,17766.12,kWh
ec958f72-79c0-41a8-8531-ce490d10977a,2025-02-20T02:00:00,ENERGYMETER,17770.18,kWh
ec958f72-79c0-41a8-8531-ce490d10977a,2025-02-20T03:00:00,ENERGYMETER,17774.23,kWh
ec958f72-79c0-41a8-8531-ce490d10977a,2025-02-20T04:00:00,ENERGYMETER,17778.27,kWh
ec958f72-79c0-41a8-8531-ce490d10977a,2025-02-20T05:00:00,ENERGYMETER,17782.31,kWh
ec958f72-79c0-41a8-8531-ce490d10977a,2025-02-20T06:00:00,ENERGYMETER,17786.35,kWh
ec958f72-79c0-41a8-8531-ce490d10977a,2025-02-20T07:00:00,ENERGYMETER,17790.77,kWh
ec958f72-79c0-41a8-8531-ce490d10977a,2025-02-20T08:00:00,ENERGYMETER,17795.37,kWh
ec958f72-79c0-41a8-8531-ce490d10977a,2025-02-20T09:00:00,ENERGYMETER,17799.14,kWh
ec958f72-79c0-41a8-8531-ce490d10977a,2025-02-20T10:00:00,ENERGYMETER,17799.15,kWh
ec958f72-79c0-41a8-8531-ce490d10977a,2025-02-20T11:00:00,ENERGYMETER,17799.16,kWh
ec958f72-79c0-41a8-8531-ce490d10977a,2025-02-20T12:00:00,ENERGYMETER,17799.17,kWh
ec958f72-79c0-41a8-8531-ce490d10977a,2025-02-20T13:00:00,ENERGYMETER,17799.18,kWh
ec958f72-79c0-41a8-8531-ce490d10977a,2025-02-20T14:00:00,ENERGYMETER,17799.19,kWh
ec958f72-79c0-41a8-8531-ce490d10977a,2025-02-20T15:00:00,ENERGYMETER,17799.2,kWh
ec958f72-79c0-41a8-8531-ce490d10977a,2025-02-20T16:00:00,ENERGYMETER,17799.21,kWh
ec958f72-79c0-41a8-8531-ce490d10977a,2025-02-20T17:00:00,ENERGYMETER,17799.22,kWh
ec958f72-79c0-41a8-8531-ce490d10977a,2025-02-20T18:00:00,ENERGYMETER,17799.23,kWh
ec958f72-79c0-41a8-8531-ce490d10977a,2025-02-20T19:00:00,ENERGYMETER,17799.24,kWh
ec958f72-79c0-41a8-8531-ce490d10977a,2025-02-20T20:00:00,ENERGYMETER,17799.96,kWh
ec958f72-79c0-41a8-8531-ce490d10977a,2025-02-20T21:00:00,ENERGYMETER,17804.94,kWh
ec958f72-79c0-41a8-8531-ce490d10977a,2025-02-20T22:00:00,ENERGYMETER,17809.88,kWh
ec958f72-79c0-41a8-8531-ce490d10977a,2025-02-20T23:00:00,ENERGYMETER,17814.8,kWh
ec958f72-79c0-41a8-8531-ce490d10977a,2025-02-21T00:00:00,ENERGYMETER,17819.41,kWh
ec958f72-79c0-41a8-8531-ce490d10977a,2025-02-21T01:00:00,ENERGYMETER,17823.51,kWh
ec958f72-79c0-41a8-8531-ce490d10977a,2025-02-21T02:00:00,ENERGYMETER,17827.57,kWh
ec958f72-79c0-41a8-8531-ce490d10977a,2025-02-21T03:00:00,ENERGYMETER,17831.61,kWh
ec958f72-79c0-41a8-8531-ce490d10977a,2025-02-21T04:00:00,ENERGYMETER,17835.64,kWh
ec958f72-79c0-41a8-8531-ce490d10977a,2025-02-21T05:00:00,ENERGYMETER,17839.68,kWh
ec958f72-79c0-41a8-8531-ce490d10977a,2025-02-21T06:00:00,ENERGYMETER,17843.72,kWh
ec958f72-79c0-41a8-8531-ce490d10977a,2025-02-21T07:00:00,ENERGYMETER,17848.13,kWh
ec958f72-79c0-41a8-8531-ce490d10977a,2025-02-21T08:00:00,ENERGYMETER,17852.73,kWh
ec958f72-79c0-41a8-8531-ce490d10977a,2025-02-21T09:00:00,ENERGYMETER,17856.42,kWh
ec958f72-79c0-41a8-8531-ce490d10977a,2025-02-21T10:00:00,ENERGYMETER,17856.43,kWh
ec958f72-79c0-41a8-8531-ce490d10977a,2025-02-21T11:00:00,ENERGYMETER,17856.44,kWh
ec958f72-79c0-41a8-8531-ce490d10977a,2025-02-21T12:00:00,ENERGYMETER,17856.45,kWh
ec958f72-79c0-41a8-8531-ce490d10977a,2025-02-21T13:00:00,ENERGYMETER,17856.46,kWh
ec958f72-79c0-41a8-8531-ce490d10977a,2025-02-21T14:00:00,ENERGYMETER,17856.47,kWh
ec958f72-79c0-41a8-8531-ce490d10977a,2025-02-21T15:00:00,ENERGYMETER,17856.48,kWh
ec958f72-79c0-41a8-8531-ce490d10977a,2025-02-21T16:00:00,ENERGYMETER,17856.49,kWh
ec958f72-79c0-41a8-8531-ce490d10977a,2025-02-21T17:00:00,ENERGYMETER,17856.5,kWh
ec958f72-79c0-41a8-8531-ce490d10977a,2025-02-21T18:00:00,ENERGYMETER,17856.51,kWh
ec958f72-79c0-41a8-8531-ce490d10977a,2025-02-21T19:00:00,ENERGYMETER,17856.51,kWh
ec958f72-79c0-41a8-8531-ce490d10977a,2025-02-21T20:00:00,ENERGYMETER,17857.16,kWh
ec958f72-79c0-41a8-8531-ce490d10977a,2025-02-21T21:00:00,ENERGYMETER,17862.14,kWh
ec958f72-79c0-41a8-8531-ce490d10977a,2025-02-21T22:00:00,ENERGYMETER,17867.08,kWh
ec958f72-79c0-41a8-8531-ce490d10977a,2025-02-21T23:00:00,ENERGYMETER,17872.02,kWh
ec958f72-79c0-41a8-8531-ce490d10977a,2025-02-22T00:00:00,ENERGYMETER,17876.63,kWh
ec958f72-79c0-41a8-8531-ce490d10977a,2025-02-22T01:00:00,ENERGYMETER,17880.73,kWh
ec958f72-79c0-41a8-8531-ce490d10977a,2025-02-22T02:00:00,ENERGYMETER,17884.79,kWh
ec958f72-79c0-41a8-8531-ce490d10977a,2025-02-22T03:00:00,ENERGYMETER,17888.85,kWh
ec958f72-79c0-41a8-8531-ce490d10977a,2025-02-22T04:00:00,ENERGYMETER,17892.89,kWh
ec958f72-79c0-41a8-8531-ce490d10977a,2025-02-22T05:00:00,ENERGYMETER,17896.93,kWh
ec958f72-79c0-41a8-8531-ce490d10977a,2025-02-22T06:00:00,ENERGYMETER,17900.98,kWh
ec958f72-79c0-41a8-8531-ce490d10977a,2025-02-22T07:00:00,ENERGYMETER,17905.38,kWh
ec958f72-79c0-41a8-8531-ce490d10977a,2025-02-22T08:00:00,ENERGYMETER,17909.99,kWh
ec958f72-79c0-41a8-8531-ce490d10977a,2025-02-22T09:00:00,ENERGYMETER,17913.51,kWh
ec958f72-79c0-41a8-8531-ce490d10977a,2025-02-22T10:00:00,ENERGYMETER,17913.52,kWh
ec958f72-79c0-41a8-8531-ce490d10977a,2025-02-22T11:00:00,ENERGYMETER,17913.53,kWh
ec958f72-79c0-41a8-8531-ce490d10977a,2025-02-22T12:00:00,ENERGYMETER,17913.54,kWh
ec958f72-79c0-41a8-8531-ce490d10977a,2025-02-22T13:00:00,ENERGYMETER,17913.55,kWh
ec958f72-79c0-41a8-8531-ce490d10977a,2025-02-22T14:00:00,ENERGYMETER,17913.56,kWh
ec958f72-79c0-41a8-8531-ce490d10977a,2025-02-22T15:00:00,ENERGYMETER,17913.57,kWh
ec958f72-79c0-41a8-8531-ce490d10977a,2025-02-22T16:00:00,ENERGYMETER,17913.58,kWh
ec958f72-79c0-41a8-8531-ce490d10977a,2025-02-22T17:00:00,ENERGYMETER,17913.59,kWh
ec958f72-79c0-41a8-8531-ce490d10977a,2025-02-22T18:00:00,ENERGYMETER,17913.6,kWh
ec958f72-79c0-41a8-8531-ce490d10977a,2025-02-22T19:00:00,ENERGYMETER,17913.6,kWh
ec958f72-79c0-41a8-8531-ce490d10977a,2025-02-22T20:00:00,ENERGYMETER,17914.17,kWh
ec958f72-79c0-41a8-8531-ce490d10977a,2025-02-22T21:00:00,ENERGYMETER,17919.17,kWh
ec958f72-79c0-41a8-8531-ce490d10977a,2025-02-22T22:00:00,ENERGYMETER,17924.12,kWh
ec958f72-79c0-41a8-8531-ce490d10977a,2025-02-22T23:00:00,ENERGYMETER,17929.07,kWh
ec958f72-79c0-41a8-8531-ce490d10977a,2025-02-23T00:00:00,ENERGYMETER,17933.69,kWh
ec958f72-79c0-41a8-8531-ce490d10977a,2025-02-23T01:00:00,ENERGYMETER,17937.81,kWh
ec958f72-79c0-41a8-8531-ce490d10977a,2025-02-23T02:00:00,ENERGYMETER,17941.88,kWh
ec958f72-79c0-41a8-8531-ce490d10977a,2025-02-23T03:00:00,ENERGYMETER,17945.94,kWh
ec958f72-79c0-41a8-8531-ce490d10977a,2025-02-23T04:00:00,ENERGYMETER,17949.99,kWh
ec958f72-79c0-41a8-8531-ce490d10977a,2025-02-23T05:00:00,ENERGYMETER,17954.04,kWh
ec958f72-79c0-41a8-8531-ce490d10977a,2025-02-23T06:00:00,ENERGYMETER,17958.11,kWh
ec958f72-79c0-41a8-8531-ce490d10977a,2025-02-23T07:00:00,ENERGYMETER,17962.54,kWh
ec958f72-79c0-41a8-8531-ce490d10977a,2025-02-23T08:00:00,ENERGYMETER,17967.16,kWh
ec958f72-79c0-41a8-8531-ce490d10977a,2025-02-23T09:00:00,ENERGYMETER,17970.62,kWh
ec958f72-79c0-41a8-8531-ce490d10977a,2025-02-23T10:00:00,ENERGYMETER,17970.63,kWh
ec958f72-79c0-41a8-8531-ce490d10977a,2025-02-23T11:00:00,ENERGYMETER,17970.64,kWh
ec958f72-79c0-41a8-8531-ce490d10977a,2025-02-23T12:00:00,ENERGYMETER,17970.65,kWh
ec958f72-79c0-41a8-8531-ce490d10977a,2025-02-23T13:00:00,ENERGYMETER,17970.66,kWh
ec958f72-79c0-41a8-8531-ce490d10977a,2025-02-23T14:00:00,ENERGYMETER,17970.67,kWh
ec958f72-79c0-41a8-8531-ce490d10977a,2025-02-23T15:00:00,ENERGYMETER,17970.68,kWh
ec958f72-79c0-41a8-8531-ce490d10977a,2025-02-23T16:00:00,ENERGYMETER,17970.69,kWh
ec958f72-79c0-41a8-8531-ce490d10977a,2025-02-23T17:00:00,ENERGYMETER,17970.7,kWh
ec958f72-79c0-41a8-8531-ce490d10977a,2025-02-23T18:00:00,ENERGYMETER,17970.71,kWh
ec958f72-79c0-41a8-8531-ce490d10977a,2025-02-23T19:00:00,ENERGYMETER,17970.72,kWh
ec958f72-79c0-41a8-8531-ce490d10977a,2025-02-23T20:00:00,ENERGYMETER,17971.11,kWh
ec958f72-79c0-41a8-8531-ce490d10977a,2025-02-23T21:00:00,ENERGYMETER,17976.1,kWh
ec958f72-79c0-41a8-8531-ce490d10977a,2025-02-23T22:00:00,ENERGYMETER,17981.05,kWh
ec958f72-79c0-41a8-8531-ce490d10977a,2025-02-23T23:00:00,ENERGYMETER,17986.0,kWh
ec958f72-79c0-41a8-8531-ce490d10977a,2025-02-24T00:00:00,ENERGYMETER,17990.62,kWh
ec958f72-79c0-41a8-8531-ce490d10977a,2025-02-24T01:00:00,ENERGYMETER,17994.73,kWh
ec958f72-79c0-41a8-8531-ce490d10977a,2025-02-24T02:00:00,ENERGYMETER,18006.87,kWh
ec958f72-79c0-41a8-8531-ce490d10977a,2025-02-24T03:00:00,ENERGYMETER,18010.91,kWh
ec958f72-79c0-41a8-8531-ce490d10977a,2025-02-24T04:00:00,ENERGYMETER,18014.95,kWh
ec958f72-79c0-41a8-8531-ce490d10977a,2025-02-24T05:00:00,ENERGYMETER,18019.36,kWh
ec958f72-79c0-41a8-8531-ce490d10977a,2025-02-24T06:00:00,ENERGYMETER,18023.97,kWh
ec958f72-79c0-41a8-8531-ce490d10977a,2025-02-24T07:00:00,ENERGYMETER,18027.24,kWh
ec958f72-79c0-41a8-8531-ce490d10977a,2025-02-24T08:00:00,ENERGYMETER,18027.25,kWh
ec958f72-79c0-41a8-8531-ce490d10977a,2025-02-24T09:00:00,ENERGYMETER,18027.26,kWh
ec958f72-79c0-41a8-8531-ce490d10977a,2025-02-24T10:00:00,ENERGYMETER,18027.27,kWh
ec958f72-79c0-41a8-8531-ce490d10977a,2025-02-24T11:00:00,ENERGYMETER,18027.28,kWh
ec958f72-79c0-41a8-8531-ce490d10977a,2025-02-24T12:00:00,ENERGYMETER,18027.29,kWh
ec958f72-79c0-41a8-8531-ce490d10977a,2025-02-24T13:00:00,ENERGYMETER,18027.3,kWh
ec958f72-79c0-41a8-8531-ce490d10977a,2025-02-24T14:00:00,ENERGYMETER,18027.31,kWh
ec958f72-79c0-41a8-8531-ce490d10977a,2025-02-24T15:00:00,ENERGYMETER,18027.32,kWh
ec958f72-79c0-41a8-8531-ce490d10977a,2025-02-24T16:00:00,ENERGYMETER,18027.33,kWh
ec958f72-79c0-41a8-8531-ce490d10977a,2025-02-24T17:00:00,ENERGYMETER,18027.34,kWh
ec958f72-79c0-41a8-8531-ce490d10977a,2025-02-24T18:00:00,ENERGYMETER,18027.65,kWh
ec958f72-79c0-41a8-8531-ce490d10977a,2025-02-24T19:00:00,ENERGYMETER,18032.63,kWh
ec958f72-79c0-41a8-8531-ce490d10977a,2025-02-24T20:00:00,ENERGYMETER,18037.57,kWh
ec958f72-79c0-41a8-8531-ce490d10977a,2025-02-24T21:00:00,ENERGYMETER,18042.5,kWh
ec958f72-79c0-41a8-8531-ce490d10977a,2025-02-24T22:00:00,ENERGYMETER,18047.11,kWh
ec958f72-79c0-41a8-8531-ce490d10977a,2025-02-24T23:00:00,ENERGYMETER,18051.2,kWh
ec958f72-79c0-41a8-8531-ce490d10977a,2025-02-25T00:00:00,ENERGYMETER,18055.25,kWh
ec958f72-79c0-41a8-8531-ce490d10977a,2025-02-25T01:00:00,ENERGYMETER,18059.29,kWh
ec958f72-79c0-41a8-8531-ce490d10977a,2025-02-25T02:00:00,ENERGYMETER,18063.31,kWh
ec958f72-79c0-41a8-8531-ce490d10977a,2025-02-25T03:00:00,ENERGYMETER,18067.34,kWh
ec958f72-79c0-41a8-8531-ce490d10977a,2025-02-25T04:00:00,ENERGYMETER,18071.39,kWh
ec958f72-79c0-41a8-8531-ce490d10977a,2025-02-25T05:00:00,ENERGYMETER,18075.81,kWh
ec958f72-79c0-41a8-8531-ce490d10977a,2025-02-25T06:00:00,ENERGYMETER,18080.42,kWh
ec958f72-79c0-41a8-8531-ce490d10977a,2025-02-25T07:00:00,ENERGYMETER,18083.55,kWh
ec958f72-79c0-41a8-8531-ce490d10977a,2025-02-25T08:00:00,ENERGYMETER,18083.56,kWh
ec958f72-79c0-41a8-8531-ce490d10977a,2025-02-25T09:00:00,ENERGYMETER,18083.57,kWh
ec958f72-79c0-41a8-8531-ce490d10977a,2025-02-25T10:00:00,ENERGYMETER,18083.58,kWh
ec958f72-79c0-41a8-8531-ce490d10977a,2025-02-25T11:00:00,ENERGYMETER,18083.59,kWh
ec958f72-79c0-41a8-8531-ce490d10977a,2025-02-25T12:00:00,ENERGYMETER,18083.6,kWh
ec958f72-79c0-41a8-8531-ce490d10977a,2025-02-25T13:00:00,ENERGYMETER,18083.61,kWh
ec958f72-79c0-41a8-8531-ce490d10977a,2025-02-25T14:00:00,ENERGYMETER,18083.61,kWh
ec958f72-79c0-41a8-8531-ce490d10977a,2025-02-25T15:00:00,ENERGYMETER,18083.62,kWh
ec958f72-79c0-41a8-8531-ce490d10977a,2025-02-25T16:00:00,ENERGYMETER,18083.63,kWh
ec958f72-79c0-41a8-8531-ce490d10977a,2025-02-25T17:00:00,ENERGYMETER,18083.64,kWh
ec958f72-79c0-41a8-8531-ce490d10977a,2025-02-25T18:00:00,ENERGYMETER,18083.87,kWh
ec958f72-79c0-41a8-8531-ce490d10977a,2025-02-25T19:00:00,ENERGYMETER,18088.91,kWh
ec958f72-79c0-41a8-8531-ce490d10977a,2025-02-25T20:00:00,ENERGYMETER,18093.89,kWh
ec958f72-79c0-41a8-8531-ce490d10977a,2025-02-25T21:00:00,ENERGYMETER,18098.87,kWh
ec958f72-79c0-41a8-8531-ce490d10977a,2025-02-25T22:00:00,ENERGYMETER,18103.51,kWh
ec958f72-79c0-41a8-8531-ce490d10977a,2025-02-25T23:00:00,ENERGYMETER,18107.63,kWh
ec958f72-79c0-41a8-8531-ce490d10977a,2025-02-26T00:00:00,ENERGYMETER,18111.71,kWh
ec958f72-79c0-41a8-8531-ce490d10977a,2025-02-26T01:00:00,ENERGYMETER,18115.77,kWh
ec958f72-79c0-41a8-8531-ce490d10977a,2025-02-26T02:00:00,ENERGYMETER,18119.83,kWh
ec958f72-79c0-41a8-8531-ce490d10977a,2025-02-26T03:00:00,ENERGYMETER,18123.88,kWh
ec958f72-79c0-41a8-8531-ce490d10977a,2025-02-26T04:00:00,ENERGYMETER,18127.94,kWh
ec958f72-79c0-41a8-8531-ce490d10977a,2025-02-26T05:00:00,ENERGYMETER,18132.36,kWh
ec958f72-79c0-41a8-8531-ce490d10977a,2025-02-26T06:00:00,ENERGYMETER,18136.96,kWh
ec958f72-79c0-41a8-8531-ce490d10977a,2025-02-26T07:00:00,ENERGYMETER,18140.0,kWh
ec958f72-79c0-41a8-8531-ce490d10977a,2025-02-26T08:00:00,ENERGYMETER,18140.01,kWh
ec958f72-79c0-41a8-8531-ce490d10977a,2025-02-26T09:00:00,ENERGYMETER,18140.02,kWh
ec958f72-79c0-41a8-8531-ce490d10977a,2025-02-26T10:00:00,ENERGYMETER,18140.03,kWh
ec958f72-79c0-41a8-8531-ce490d10977a,2025-02-26T11:00:00,ENERGYMETER,18140.04,kWh
ec958f72-79c0-41a8-8531-ce490d10977a,2025-02-26T12:00:00,ENERGYMETER,18140.05,kWh
ec958f72-79c0-41a8-8531-ce490d10977a,2025-02-26T13:00:00,ENERGYMETER,18140.06,kWh
ec958f72-79c0-41a8-8531-ce490d10977a,2025-02-26T14:00:00,ENERGYMETER,18140.07,kWh
ec958f72-79c0-41a8-8531-ce490d10977a,2025-02-26T15:00:00,ENERGYMETER,18140.08,kWh
ec958f72-79c0-41a8-8531-ce490d10977a,2025-02-26T16:00:00,ENERGYMETER,18140.09,kWh
ec958f72-79c0-41a8-8531-ce490d10977a,2025-02-26T17:00:00,ENERGYMETER,18140.1,kWh
ec958f72-79c0-41a8-8531-ce490d10977a,2025-02-26T18:00:00,ENERGYMETER,18140.15,kWh
ec958f72-79c0-41a8-8531-ce490d10977a,2025-02-26T19:00:00,ENERGYMETER,18145.17,kWh
ec958f72-79c0-41a8-8531-ce490d10977a,2025-02-26T20:00:00,ENERGYMETER,18150.12,kWh
ec958f72-79c0-41a8-8531-ce490d10977a,2025-02-26T21:00:00,ENERGYMETER,18155.08,kWh
ec958f72-79c0-41a8-8531-ce490d10977a,2025-02-26T22:00:00,ENERGYMETER,18159.7,kWh
ec958f72-79c0-41a8-8531-ce490d10977a,2025-02-26T23:00:00,ENERGYMETER,18163.83,kWh
ec958f72-79c0-41a8-8531-ce490d10977a,2025-02-27T01:00:00,ENERGYMETER,18171.97,kWh
ec958f72-79c0-41a8-8531-ce490d10977a,2025-02-27T02:00:00,ENERGYMETER,18176.02,kWh
ec958f72-79c0-41a8-8531-ce490d10977a,2025-02-27T03:00:00,ENERGYMETER,18180.07,kWh
ec958f72-79c0-41a8-8531-ce490d10977a,2025-02-27T04:00:00,ENERGYMETER,18184.14,kWh
ec958f72-79c0-41a8-8531-ce490d10977a,2025-02-27T05:00:00,ENERGYMETER,18188.56,kWh
ec958f72-79c0-41a8-8531-ce490d10977a,2025-02-27T06:00:00,ENERGYMETER,18193.18,kWh
ec958f72-79c0-41a8-8531-ce490d10977a,2025-02-27T07:00:00,ENERGYMETER,18196.06,kWh
ec958f72-79c0-41a8-8531-ce490d10977a,2025-02-27T08:00:00,ENERGYMETER,18196.07,kWh
ec958f72-79c0-41a8-8531-ce490d10977a,2025-02-27T09:00:00,ENERGYMETER,18196.08,kWh
ec958f72-79c0-41a8-8531-ce490d10977a,2025-02-27T10:00:00,ENERGYMETER,18196.09,kWh
ec958f72-79c0-41a8-8531-ce490d10977a,2025-02-27T11:00:00,ENERGYMETER,18196.09,kWh
ec958f72-79c0-41a8-8531-ce490d10977a,2025-02-27T12:00:00,ENERGYMETER,18196.1,kWh
ec958f72-79c0-41a8-8531-ce490d10977a,2025-02-27T13:00:00,ENERGYMETER,18196.11,kWh
ec958f72-79c0-41a8-8531-ce490d10977a,2025-02-27T14:00:00,ENERGYMETER,18196.12,kWh
ec958f72-79c0-41a8-8531-ce490d10977a,2025-02-27T15:00:00,ENERGYMETER,18196.13,kWh
ec958f72-79c0-41a8-8531-ce490d10977a,2025-02-27T16:00:00,ENERGYMETER,18196.14,kWh
ec958f72-79c0-41a8-8531-ce490d10977a,2025-02-27T17:00:00,ENERGYMETER,18196.15,kWh
ec958f72-79c0-41a8-8531-ce490d10977a,2025-02-27T18:00:00,ENERGYMETER,18196.16,kWh
ec958f72-79c0-41a8-8531-ce490d10977a,2025-02-27T19:00:00,ENERGYMETER,18201.13,kWh
ec958f72-79c0-41a8-8531-ce490d10977a,2025-02-27T20:00:00,ENERGYMETER,18206.08,kWh
ec958f72-79c0-41a8-8531-ce490d10977a,2025-02-27T21:00:00,ENERGYMETER,18211.02,kWh
ec958f72-79c0-41a8-8531-ce490d10977a,2025-02-27T22:00:00,ENERGYMETER,18215.64,kWh
ec958f72-79c0-41a8-8531-ce490d10977a,2025-02-27T23:00:00,ENERGYMETER,18219.74,kWh
ec958f72-79c0-41a8-8531-ce490d10977a,2025-02-28T00:00:00,ENERGYMETER,18223.82,kWh
ec958f72-79c0-41a8-8531-ce490d10977a,2025-02-28T01:00:00,ENERGYMETER,18227.88,kWh
ec958f72-79c0-41a8-8531-ce490d10977a,2025-02-28T02:00:00,ENERGYMETER,18231.93,kWh
ec958f72-79c0-41a8-8531-ce490d10977a,2025-02-28T03:00:00,ENERGYMETER,18235.99,kWh
ec958f72-79c0-41a8-8531-ce490d10977a,2025-02-28T04:00:00,ENERGYMETER,18240.06,kWh
ec958f72-79c0-41a8-8531-ce490d10977a,2025-02-28T05:00:00,ENERGYMETER,18244.49,kWh
ec958f72-79c0-41a8-8531-ce490d10977a,2025-02-28T06:00:00,ENERGYMETER,18249.12,kWh
ec958f72-79c0-41a8-8531-ce490d10977a,2025-02-28T07:00:00,ENERGYMETER,18251.84,kWh
ec958f72-79c0-41a8-8531-ce490d10977a,2025-02-28T08:00:00,ENERGYMETER,18251.85,kWh
ec958f72-79c0-41a8-8531-ce490d10977a,2025-02-28T09:00:00,ENERGYMETER,18251.86,kWh
ec958f72-79c0-41a8-8531-ce490d10977a,2025-02-28T10:00:00,ENERGYMETER,18251.87,kWh
ec958f72-79c0-41a8-8531-ce490d10977a,2025-02-28T11:00:00,ENERGYMETER,18251.88,kWh
ec958f72-79c0-41a8-8531-ce490d10977a,2025-02-28T12:00:00,ENERGYMETER,18251.89,kWh
ec958f72-79c0-41a8-8531-ce490d10977a,2025-02-28T13:00:00,ENERGYMETER,18251.89,kWh
ec958f72-79c0-41a8-8531-ce490d10977a,2025-02-28T14:00:00,ENERGYMETER,18251.9,kWh
ec958f72-79c0-41a8-8531-ce490d10977a,2025-02-28T15:00:00,ENERGYMETER,18251.91,kWh
ec958f72-79c0-41a8-8531-ce490d10977a,2025-02-28T16:00:00,ENERGYMETER,18251.92,kWh
ec958f72-79c0-41a8-8531-ce490d10977a,2025-02-28T17:00:00,ENERGYMETER,18251.93,kWh
ec958f72-79c0-41a8-8531-ce490d10977a,2025-02-28T18:00:00,ENERGYMETER,18251.94,kWh
ec958f72-79c0-41a8-8531-ce490d10977a,2025-02-28T19:00:00,ENERGYMETER,18256.76,kWh
ec958f72-79c0-41a8-8531-ce490d10977a,2025-02-28T20:00:00,ENERGYMETER,18261.72,kWh
ec958f72-79c0-41a8-8531-ce490d10977a,2025-02-28T21:00:00,ENERGYMETER,18266.67,kWh
ec958f72-79c0-41a8-8531-ce490d10977a,2025-02-28T22:00:00,ENERGYMETER,18271.29,kWh
ec958f72-79c0-41a8-8531-ce490d10977a,2025-02-28T23:00:00,ENERGYMETER,18275.4,kWh
ec958f72-79c0-41a8-8531-ce490d10977a,2025-03-01T00:00:00,ENERGYMETER,18279.48,kWh
ec958f72-79c0-41a8-8531-ce490d10977a,2025-03-01T01:00:00,ENERGYMETER,18283.54,kWh
ec958f72-79c0-41a8-8531-ce490d10977a,2025-03-01T02:00:00,ENERGYMETER,18287.6,kWh
ec958f72-79c0-41a8-8531-ce490d10977a,2025-03-01T03:00:00,ENERGYMETER,18291.65,kWh
ec958f72-79c0-41a8-8531-ce490d10977a,2025-03-01T04:00:00,ENERGYMETER,18295.72,kWh
ec958f72-79c0-41a8-8531-ce490d10977a,2025-03-01T05:00:00,ENERGYMETER,18300.14,kWh
ec958f72-79c0-41a8-8531-ce490d10977a,2025-03-01T06:00:00,ENERGYMETER,18304.77,kWh
ec958f72-79c0-41a8-8531-ce490d10977a,2025-03-01T07:00:00,ENERGYMETER,18307.32,kWh
ec958f72-79c0-41a8-8531-ce490d10977a,2025-03-01T08:00:00,ENERGYMETER,18307.33,kWh
ec958f72-79c0-41a8-8531-ce490d10977a,2025-03-01T09:00:00,ENERGYMETER,18307.34,kWh
ec958f72-79c0-41a8-8531-ce490d10977a,2025-03-01T10:00:00,ENERGYMETER,18307.35,kWh
ec958f72-79c0-41a8-8531-ce490d10977a,2025-03-01T11:00:00,ENERGYMETER,18307.36,kWh
ec958f72-79c0-41a8-8531-ce490d10977a,2025-03-01T12:00:00,ENERGYMETER,18307.37,kWh
ec958f72-79c0-41a8-8531-ce490d10977a,2025-03-01T13:00:00,ENERGYMETER,18307.38,kWh
ec958f72-79c0-41a8-8531-ce490d10977a,2025-03-01T14:00:00,ENERGYMETER,18307.39,kWh
ec958f72-79c0-41a8-8531-ce490d10977a,2025-03-01T15:00:00,ENERGYMETER,18307.4,kWh
ec958f72-79c0-41a8-8531-ce490d10977a,2025-03-01T16:00:00,ENERGYMETER,18307.4,kWh
ec958f72-79c0-41a8-8531-ce490d10977a,2025-03-01T17:00:00,ENERGYMETER,18307.41,kWh
ec958f72-79c0-41a8-8531-ce490d10977a,2025-03-01T18:00:00,ENERGYMETER,18307.42,kWh
ec958f72-79c0-41a8-8531-ce490d10977a,2025-03-01T19:00:00,ENERGYMETER,18312.17,kWh
ec958f72-79c0-41a8-8531-ce490d10977a,2025-03-01T20:00:00,ENERGYMETER,18317.13,kWh
ec958f72-79c0-41a8-8531-ce490d10977a,2025-03-01T21:00:00,ENERGYMETER,18322.08,kWh
ec958f72-79c0-41a8-8531-ce490d10977a,2025-03-01T22:00:00,ENERGYMETER,18326.7,kWh
ec958f72-79c0-41a8-8531-ce490d10977a,2025-03-01T23:00:00,ENERGYMETER,18330.81,kWh
ec958f72-79c0-41a8-8531-ce490d10977a,2025-03-02T00:00:00,ENERGYMETER,18334.9,kWh
ec958f72-79c0-41a8-8531-ce490d10977a,2025-03-02T01:00:00,ENERGYMETER,18338.96,kWh
ec958f72-79c0-41a8-8531-ce490d10977a,2025-03-02T02:00:00,ENERGYMETER,18343.03,kWh
ec958f72-79c0-41a8-8531-ce490d10977a,2025-03-02T03:00:00,ENERGYMETER,18347.09,kWh
ec958f72-79c0-41a8-8531-ce490d10977a,2025-03-02T04:00:00,ENERGYMETER,18351.17,kWh
ec958f72-79c0-41a8-8531-ce490d10977a,2025-03-02T05:00:00,ENERGYMETER,18355.62,kWh
ec958f72-79c0-41a8-8531-ce490d10977a,2025-03-02T06:00:00,ENERGYMETER,18360.25,kWh
ec958f72-79c0-41a8-8531-ce490d10977a,2025-03-02T07:00:00,ENERGYMETER,18362.65,kWh
ec958f72-79c0-41a8-8531-ce490d10977a,2025-03-02T08:00:00,ENERGYMETER,18362.66,kWh
ec958f72-79c0-41a8-8531-ce490d10977a,2025-03-02T09:00:00,ENERGYMETER,18362.67,kWh
ec958f72-79c0-41a8-8531-ce490d10977a,2025-03-02T10:00:00,ENERGYMETER,18362.68,kWh
ec958f72-79c0-41a8-8531-ce490d10977a,2025-03-02T11:00:00,ENERGYMETER,18362.69,kWh
ec958f72-79c0-41a8-8531-ce490d10977a,2025-03-02T12:00:00,ENERGYMETER,18362.7,kWh
ec958f72-79c0-41a8-8531-ce490d10977a,2025-03-02T13:00:00,ENERGYMETER,18362.71,kWh
ec958f72-79c0-41a8-8531-ce490d10977a,2025-03-02T14:00:00,ENERGYMETER,18362.72,kWh
ec958f72-79c0-41a8-8531-ce490d10977a,2025-03-02T15:00:00,ENERGYMETER,18362.72,kWh
ec958f72-79c0-41a8-8531-ce490d10977a,2025-03-02T16:00:00,ENERGYMETER,18362.73,kWh
ec958f72-79c0-41a8-8531-ce490d10977a,2025-03-02T17:00:00,ENERGYMETER,18362.74,kWh
ec958f72-79c0-41a8-8531-ce490d10977a,2025-03-02T18:00:00,ENERGYMETER,18362.75,kWh
ec958f72-79c0-41a8-8531-ce490d10977a,2025-03-02T19:00:00,ENERGYMETER,18367.39,kWh
ec958f72-79c0-41a8-8531-ce490d10977a,2025-03-02T20:00:00,ENERGYMETER,18372.35,kWh
ec958f72-79c0-41a8-8531-ce490d10977a,2025-03-02T21:00:00,ENERGYMETER,18377.29,kWh
ec958f72-79c0-41a8-8531-ce490d10977a,2025-03-02T22:00:00,ENERGYMETER,18381.9,kWh
ec958f72-79c0-41a8-8531-ce490d10977a,2025-03-02T23:00:00,ENERGYMETER,18386.0,kWh
ec958f72-79c0-41a8-8531-ce490d10977a,2025-03-03T00:00:00,ENERGYMETER,18390.07,kWh
ec958f72-79c0-41a8-8531-ce490d10977a,2025-03-03T01:00:00,ENERGYMETER,18394.12,kWh
ec958f72-79c0-41a8-8531-ce490d10977a,2025-03-03T02:00:00,ENERGYMETER,18398.16,kWh
ec958f72-79c0-41a8-8531-ce490d10977a,2025-03-03T03:00:00,ENERGYMETER,18402.2,kWh
ec958f72-79c0-41a8-8531-ce490d10977a,2025-03-03T04:00:00,ENERGYMETER,18406.25,kWh
ec958f72-79c0-41a8-8531-ce490d10977a,2025-03-03T05:00:00,ENERGYMETER,18410.67,kWh
ec958f72-79c0-41a8-8531-ce490d10977a,2025-03-03T06:00:00,ENERGYMETER,18415.28,kWh
ec958f72-79c0-41a8-8531-ce490d10977a,2025-03-03T07:00:00,ENERGYMETER,18417.58,kWh
ec958f72-79c0-41a8-8531-ce490d10977a,2025-03-03T08:00:00,ENERGYMETER,18417.59,kWh
ec958f72-79c0-41a8-8531-ce490d10977a,2025-03-03T09:00:00,ENERGYMETER,18417.6,kWh
ec958f72-79c0-41a8-8531-ce490d10977a,2025-03-03T10:00:00,ENERGYMETER,18417.61,kWh
ec958f72-79c0-41a8-8531-ce490d10977a,2025-03-03T11:00:00,ENERGYMETER,18417.62,kWh
ec958f72-79c0-41a8-8531-ce490d10977a,2025-03-03T12:00:00,ENERGYMETER,18417.63,kWh
ec958f72-79c0-41a8-8531-ce490d10977a,2025-03-03T13:00:00,ENERGYMETER,18417.64,kWh
ec958f72-79c0-41a8-8531-ce490d10977a,2025-03-03T14:00:00,ENERGYMETER,18417.65,kWh
ec958f72-79c0-41a8-8531-ce490d10977a,2025-03-03T15:00:00,ENERGYMETER,18417.66,kWh
ec958f72-79c0-41a8-8531-ce490d10977a,2025-03-03T16:00:00,ENERGYMETER,18417.67,kWh
ec958f72-79c0-41a8-8531-ce490d10977a,2025-03-03T17:00:00,ENERGYMETER,18417.68,kWh
ec958f72-79c0-41a8-8531-ce490d10977a,2025-03-03T18:00:00,ENERGYMETER,18417.69,kWh
ec958f72-79c0-41a8-8531-ce490d10977a,2025-03-03T19:00:00,ENERGYMETER,18422.15,kWh
ec958f72-79c0-41a8-8531-ce490d10977a,2025-03-03T20:00:00,ENERGYMETER,18427.09,kWh
ec958f72-79c0-41a8-8531-ce490d10977a,2025-03-03T21:00:00,ENERGYMETER,18432.02,kWh
ec958f72-79c0-41a8-8531-ce490d10977a,2025-03-03T22:00:00,ENERGYMETER,18436.62,kWh
ec958f72-79c0-41a8-8531-ce490d10977a,2025-03-03T23:00:00,ENERGYMETER,18440.72,kWh
ec958f72-79c0-41a8-8531-ce490d10977a,2025-03-04T00:00:00,ENERGYMETER,18444.78,kWh
ec958f72-79c0-41a8-8531-ce490d10977a,2025-03-04T01:00:00,ENERGYMETER,18448.83,kWh
ec958f72-79c0-41a8-8531-ce490d10977a,2025-03-04T02:00:00,ENERGYMETER,18452.87,kWh
ec958f72-79c0-41a8-8531-ce490d10977a,2025-03-04T03:00:00,ENERGYMETER,18456.91,kWh
ec958f72-79c0-41a8-8531-ce490d10977a,2025-03-04T04:00:00,ENERGYMETER,18460.95,kWh
ec958f72-79c0-41a8-8531-ce490d10977a,2025-03-04T05:00:00,ENERGYMETER,18465.36,kWh
ec958f72-79c0-41a8-8531-ce490d10977a,2025-03-04T06:00:00,ENERGYMETER,18469.96,kWh
ec958f72-79c0-41a8-8531-ce490d10977a,2025-03-04T07:00:00,ENERGYMETER,18472.08,kWh
ec958f72-79c0-41a8-8531-ce490d10977a,2025-03-04T08:00:00,ENERGYMETER,18472.09,kWh
ec958f72-79c0-41a8-8531-ce490d10977a,2025-03-04T09:00:00,ENERGYMETER,18472.1,kWh
ec958f72-79c0-41a8-8531-ce490d10977a,2025-03-04T10:00:00,ENERGYMETER,18472.11,kWh
ec958f72-79c0-41a8-8531-ce490d10977a,2025-03-04T11:00:00,ENERGYMETER,18472.12,kWh
ec958f72-79c0-41a8-8531-ce490d10977a,2025-03-04T12:00:00,ENERGYMETER,18472.13,kWh
ec958f72-79c0-41a8-8531-ce490d10977a,2025-03-04T13:00:00,ENERGYMETER,18472.14,kWh
ec958f72-79c0-41a8-8531-ce490d10977a,2025-03-04T14:00:00,ENERGYMETER,18472.15,kWh
ec958f72-79c0-41a8-8531-ce490d10977a,2025-03-04T15:00:00,ENERGYMETER,18472.16,kWh
ec958f72-79c0-41a8-8531-ce490d10977a,2025-03-04T16:00:00,ENERGYMETER,18472.17,kWh
ec958f72-79c0-41a8-8531-ce490d10977a,2025-03-04T17:00:00,ENERGYMETER,18472.18,kWh
ec958f72-79c0-41a8-8531-ce490d10977a,2025-03-04T18:00:00,ENERGYMETER,18472.19,kWh
ec958f72-79c0-41a8-8531-ce490d10977a,2025-03-04T19:00:00,ENERGYMETER,18476.57,kWh
ec958f72-79c0-41a8-8531-ce490d10977a,2025-03-04T20:00:00,ENERGYMETER,18481.5,kWh
ec958f72-79c0-41a8-8531-ce490d10977a,2025-03-04T21:00:00,ENERGYMETER,18486.43,kWh
ec958f72-79c0-41a8-8531-ce490d10977a,2025-03-04T22:00:00,ENERGYMETER,18491.02,kWh
ec958f72-79c0-41a8-8531-ce490d10977a,2025-03-04T23:00:00,ENERGYMETER,18495.11,kWh
ec958f72-79c0-41a8-8531-ce490d10977a,2025-03-05T00:00:00,ENERGYMETER,18499.17,kWh
ec958f72-79c0-41a8-8531-ce490d10977a,2025-03-05T01:00:00,ENERGYMETER,18503.22,kWh
ec958f72-79c0-41a8-8531-ce490d10977a,2025-03-05T02:00:00,ENERGYMETER,18507.26,kWh
ec958f72-79c0-41a8-8531-ce490d10977a,2025-03-05T03:00:00,ENERGYMETER,18511.3,kWh
ec958f72-79c0-41a8-8531-ce490d10977a,2025-03-05T04:00:00,ENERGYMETER,18515.35,kWh
ec958f72-79c0-41a8-8531-ce490d10977a,2025-03-05T05:00:00,ENERGYMETER,18519.78,kWh
ec958f72-79c0-41a8-8531-ce490d10977a,2025-03-05T06:00:00,ENERGYMETER,18524.39,kWh
ec958f72-79c0-41a8-8531-ce490d10977a,2025-03-05T07:00:00,ENERGYMETER,18526.36,kWh
ec958f72-79c0-41a8-8531-ce490d10977a,2025-03-05T08:00:00,ENERGYMETER,18526.37,kWh
ec958f72-79c0-41a8-8531-ce490d10977a,2025-03-05T09:00:00,ENERGYMETER,18526.38,kWh
ec958f72-79c0-41a8-8531-ce490d10977a,2025-03-05T10:00:00,ENERGYMETER,18526.39,kWh
ec958f72-79c0-41a8-8531-ce490d10977a,2025-03-05T11:00:00,ENERGYMETER,18526.4,kWh
ec958f72-79c0-41a8-8531-ce490d10977a,2025-03-05T12:00:00,ENERGYMETER,18526.41,kWh
ec958f72-79c0-41a8-8531-ce490d10977a,2025-03-05T13:00:00,ENERGYMETER,18526.42,kWh
ec958f72-79c0-41a8-8531-ce490d10977a,2025-03-05T14:00:00,ENERGYMETER,18526.43,kWh
ec958f72-79c0-41a8-8531-ce490d10977a,2025-03-05T15:00:00,ENERGYMETER,18526.44,kWh
ec958f72-79c0-41a8-8531-ce490d10977a,2025-03-05T16:00:00,ENERGYMETER,18526.45,kWh
ec958f72-79c0-41a8-8531-ce490d10977a,2025-03-05T17:00:00,ENERGYMETER,18526.46,kWh
ec958f72-79c0-41a8-8531-ce490d10977a,2025-03-05T18:00:00,ENERGYMETER,18526.47,kWh
ec958f72-79c0-41a8-8531-ce490d10977a,2025-03-05T19:00:00,ENERGYMETER,18530.77,kWh
ec958f72-79c0-41a8-8531-ce490d10977a,2025-03-05T20:00:00,ENERGYMETER,18535.72,kWh
ec958f72-79c0-41a8-8531-ce490d10977a,2025-03-05T21:00:00,ENERGYMETER,18540.66,kWh
ec958f72-79c0-41a8-8531-ce490d10977a,2025-03-05T22:00:00,ENERGYMETER,18545.27,kWh
ec958f72-79c0-41a8-8531-ce490d10977a,2025-03-05T23:00:00,ENERGYMETER,18549.36,kWh
ec958f72-79c0-41a8-8531-ce490d10977a,2025-03-06T00:00:00,ENERGYMETER,18553.43,kWh
ec958f72-79c0-41a8-8531-ce490d10977a,2025-03-06T01:00:00,ENERGYMETER,18557.48,kWh
ec958f72-79c0-41a8-8531-ce490d10977a,2025-03-06T02:00:00,ENERGYMETER,18561.52,kWh
ec958f72-79c0-41a8-8531-ce490d10977a,2025-03-06T03:00:00,ENERGYMETER,18565.57,kWh
ec958f72-79c0-41a8-8531-ce490d10977a,2025-03-06T04:00:00,ENERGYMETER,18569.62,kWh
ec958f72-79c0-41a8-8531-ce490d10977a,2025-03-06T05:00:00,ENERGYMETER,18574.05,kWh
ec958f72-79c0-41a8-8531-ce490d10977a,2025-03-06T06:00:00,ENERGYMETER,18578.66,kWh
ec958f72-79c0-41a8-8531-ce490d10977a,2025-03-06T07:00:00,ENERGYMETER,18580.48,kWh
ec958f72-79c0-41a8-8531-ce490d10977a,2025-03-06T08:00:00,ENERGYMETER,18580.49,kWh
ec958f72-79c0-41a8-8531-ce490d10977a,2025-03-06T09:00:00,ENERGYMETER,18580.5,kWh
ec958f72-79c0-41a8-8531-ce490d10977a,2025-03-06T10:00:00,ENERGYMETER,18580.51,kWh
ec958f72-79c0-41a8-8531-ce490d10977a,2025-03-06T11:00:00,ENERGYMETER,18580.51,kWh
ec958f72-79c0-41a8-8531-ce490d10977a,2025-03-06T12:00:00,ENERGYMETER,18580.52,kWh
ec958f72-79c0-41a8-8531-ce490d10977a,2025-03-06T13:00:00,ENERGYMETER,18580.53,kWh
ec958f72-79c0-41a8-8531-ce490d10977a,2025-03-06T14:00:00,ENERGYMETER,18580.54,kWh
ec958f72-79c0-41a8-8531-ce490d10977a,2025-03-06T15:00:00,ENERGYMETER,18580.55,kWh
ec958f72-79c0-41a8-8531-ce490d10977a,2025-03-06T16:00:00,ENERGYMETER,18580.56,kWh
ec958f72-79c0-41a8-8531-ce490d10977a,2025-03-06T17:00:00,ENERGYMETER,18580.57,kWh
ec958f72-79c0-41a8-8531-ce490d10977a,2025-03-06T18:00:00,ENERGYMETER,18580.58,kWh
ec958f72-79c0-41a8-8531-ce490d10977a,2025-03-06T19:00:00,ENERGYMETER,18584.72,kWh
ec958f72-79c0-41a8-8531-ce490d10977a,2025-03-06T20:00:00,ENERGYMETER,18589.68,kWh
ec958f72-79c0-41a8-8531-ce490d10977a,2025-03-06T21:00:00,ENERGYMETER,18594.62,kWh
ec958f72-79c0-41a8-8531-ce490d10977a,2025-03-06T22:00:00,ENERGYMETER,18599.23,kWh
ec958f72-79c0-41a8-8531-ce490d10977a,2025-03-06T23:00:00,ENERGYMETER,18603.32,kWh
ec958f72-79c0-41a8-8531-ce490d10977a,2025-03-07T00:00:00,ENERGYMETER,18607.39,kWh
ec958f72-79c0-41a8-8531-ce490d10977a,2025-03-07T01:00:00,ENERGYMETER,18611.43,kWh
ec958f72-79c0-41a8-8531-ce490d10977a,2025-03-07T02:00:00,ENERGYMETER,18615.47,kWh
ec958f72-79c0-41a8-8531-ce490d10977a,2025-03-07T03:00:00,ENERGYMETER,18619.51,kWh
ec958f72-79c0-41a8-8531-ce490d10977a,2025-03-07T04:00:00,ENERGYMETER,18623.56,kWh
ec958f72-79c0-41a8-8531-ce490d10977a,2025-03-07T05:00:00,ENERGYMETER,18627.99,kWh
ec958f72-79c0-41a8-8531-ce490d10977a,2025-03-07T06:00:00,ENERGYMETER,18632.6,kWh
ec958f72-79c0-41a8-8531-ce490d10977a,2025-03-07T07:00:00,ENERGYMETER,18634.24,kWh
ec958f72-79c0-41a8-8531-ce490d10977a,2025-03-07T08:00:00,ENERGYMETER,18634.25,kWh
ec958f72-79c0-41a8-8531-ce490d10977a,2025-03-07T09:00:00,ENERGYMETER,18634.26,kWh
ec958f72-79c0-41a8-8531-ce490d10977a,2025-03-07T10:00:00,ENERGYMETER,18634.27,kWh
ec958f72-79c0-41a8-8531-ce490d10977a,2025-03-07T11:00:00,ENERGYMETER,18634.28,kWh
ec958f72-79c0-41a8-8531-ce490d10977a,2025-03-07T12:00:00,ENERGYMETER,18634.29,kWh
ec958f72-79c0-41a8-8531-ce490d10977a,2025-03-07T13:00:00,ENERGYMETER,18634.3,kWh
ec958f72-79c0-41a8-8531-ce490d10977a,2025-03-07T14:00:00,ENERGYMETER,18634.31,kWh
ec958f72-79c0-41a8-8531-ce490d10977a,2025-03-07T15:00:00,ENERGYMETER,18634.32,kWh
ec958f72-79c0-41a8-8531-ce490d10977a,2025-03-07T16:00:00,ENERGYMETER,18634.33,kWh
ec958f72-79c0-41a8-8531-ce490d10977a,2025-03-07T17:00:00,ENERGYMETER,18634.34,kWh
ec958f72-79c0-41a8-8531-ce490d10977a,2025-03-07T18:00:00,ENERGYMETER,18634.35,kWh
ec958f72-79c0-41a8-8531-ce490d10977a,2025-03-07T19:00:00,ENERGYMETER,18638.4,kWh
ec958f72-79c0-41a8-8531-ce490d10977a,2025-03-07T20:00:00,ENERGYMETER,18643.36,kWh
ec958f72-79c0-41a8-8531-ce490d10977a,2025-03-07T21:00:00,ENERGYMETER,18648.3,kWh
ec958f72-79c0-41a8-8531-ce490d10977a,2025-03-07T22:00:00,ENERGYMETER,18652.89,kWh
ec958f72-79c0-41a8-8531-ce490d10977a,2025-03-07T23:00:00,ENERGYMETER,18656.98,kWh
ec958f72-79c0-41a8-8531-ce490d10977a,2025-03-08T00:00:00,ENERGYMETER,18661.05,kWh
ec958f72-79c0-41a8-8531-ce490d10977a,2025-03-08T01:00:00,ENERGYMETER,18665.1,kWh
ec958f72-79c0-41a8-8531-ce490d10977a,2025-03-08T02:00:00,ENERGYMETER,18669.14,kWh
ec958f72-79c0-41a8-8531-ce490d10977a,2025-03-08T03:00:00,ENERGYMETER,18673.18,kWh
ec958f72-79c0-41a8-8531-ce490d10977a,2025-03-08T04:00:00,ENERGYMETER,18677.22,kWh
ec958f72-79c0-41a8-8531-ce490d10977a,2025-03-08T05:00:00,ENERGYMETER,18681.66,kWh
ec958f72-79c0-41a8-8531-ce490d10977a,2025-03-08T06:00:00,ENERGYMETER,18686.27,kWh
ec958f72-79c0-41a8-8531-ce490d10977a,2025-03-08T07:00:00,ENERGYMETER,18687.75,kWh
ec958f72-79c0-41a8-8531-ce490d10977a,2025-03-08T08:00:00,ENERGYMETER,18687.76,kWh
ec958f72-79c0-41a8-8531-ce490d10977a,2025-03-08T09:00:00,ENERGYMETER,18687.77,kWh
ec958f72-79c0-41a8-8531-ce490d10977a,2025-03-08T10:00:00,ENERGYMETER,18687.78,kWh
ec958f72-79c0-41a8-8531-ce490d10977a,2025-03-08T11:00:00,ENERGYMETER,18687.79,kWh
ec958f72-79c0-41a8-8531-ce490d10977a,2025-03-08T12:00:00,ENERGYMETER,18687.8,kWh
ec958f72-79c0-41a8-8531-ce490d10977a,2025-03-08T13:00:00,ENERGYMETER,18687.81,kWh
ec958f72-79c0-41a8-8531-ce490d10977a,2025-03-08T14:00:00,ENERGYMETER,18687.82,kWh
ec958f72-79c0-41a8-8531-ce490d10977a,2025-03-08T15:00:00,ENERGYMETER,18687.83,kWh
ec958f72-79c0-41a8-8531-ce490d10977a,2025-03-08T16:00:00,ENERGYMETER,18687.84,kWh
ec958f72-79c0-41a8-8531-ce490d10977a,2025-03-08T17:00:00,ENERGYMETER,18687.85,kWh
ec958f72-79c0-41a8-8531-ce490d10977a,2025-03-08T18:00:00,ENERGYMETER,18687.86,kWh
ec958f72-79c0-41a8-8531-ce490d10977a,2025-03-08T19:00:00,ENERGYMETER,18691.84,kWh
ec958f72-79c0-41a8-8531-ce490d10977a,2025-03-08T20:00:00,ENERGYMETER,18696.82,kWh
ec958f72-79c0-41a8-8531-ce490d10977a,2025-03-08T21:00:00,ENERGYMETER,18701.79,kWh
ec958f72-79c0-41a8-8531-ce490d10977a,2025-03-08T22:00:00,ENERGYMETER,18706.4,kWh
ec958f72-79c0-41a8-8531-ce490d10977a,2025-03-08T23:00:00,ENERGYMETER,18710.5,kWh
ec958f72-79c0-41a8-8531-ce490d10977a,2025-03-09T00:00:00,ENERGYMETER,18714.58,kWh
ec958f72-79c0-41a8-8531-ce490d10977a,2025-03-09T01:00:00,ENERGYMETER,18718.64,kWh
ec958f72-79c0-41a8-8531-ce490d10977a,2025-03-09T02:00:00,ENERGYMETER,18722.68,kWh
ec958f72-79c0-41a8-8531-ce490d10977a,2025-03-09T03:00:00,ENERGYMETER,18726.73,kWh
ec958f72-79c0-41a8-8531-ce490d10977a,2025-03-09T04:00:00,ENERGYMETER,18730.79,kWh
ec958f72-79c0-41a8-8531-ce490d10977a,2025-03-09T05:00:00,ENERGYMETER,18735.24,kWh
ec958f72-79c0-41a8-8531-ce490d10977a,2025-03-09T06:00:00,ENERGYMETER,18739.85,kWh
ec958f72-79c0-41a8-8531-ce490d10977a,2025-03-09T07:00:00,ENERGYMETER,18741.26,kWh
ec958f72-79c0-41a8-8531-ce490d10977a,2025-03-09T08:00:00,ENERGYMETER,18741.27,kWh
ec958f72-79c0-41a8-8531-ce490d10977a,2025-03-09T09:00:00,ENERGYMETER,18741.28,kWh
ec958f72-79c0-41a8-8531-ce490d10977a,2025-03-09T10:00:00,ENERGYMETER,18741.29,kWh
ec958f72-79c0-41a8-8531-ce490d10977a,2025-03-09T11:00:00,ENERGYMETER,18741.3,kWh
ec958f72-79c0-41a8-8531-ce490d10977a,2025-03-09T12:00:00,ENERGYMETER,18741.31,kWh
ec958f72-79c0-41a8-8531-ce490d10977a,2025-03-09T13:00:00,ENERGYMETER,18741.32,kWh
ec958f72-79c0-41a8-8531-ce490d10977a,2025-03-09T14:00:00,ENERGYMETER,18741.33,kWh
ec958f72-79c0-41a8-8531-ce490d10977a,2025-03-09T15:00:00,ENERGYMETER,18741.34,kWh
ec958f72-79c0-41a8-8531-ce490d10977a,2025-03-09T16:00:00,ENERGYMETER,18741.35,kWh
ec958f72-79c0-41a8-8531-ce490d10977a,2025-03-09T17:00:00,ENERGYMETER,18741.36,kWh
ec958f72-79c0-41a8-8531-ce490d10977a,2025-03-09T18:00:00,ENERGYMETER,18741.37,kWh
ec958f72-79c0-41a8-8531-ce490d10977a,2025-03-09T19:00:00,ENERGYMETER,18745.18,kWh
ec958f72-79c0-41a8-8531-ce490d10977a,2025-03-09T20:00:00,ENERGYMETER,18750.14,kWh
ec958f72-79c0-41a8-8531-ce490d10977a,2025-03-09T21:00:00,ENERGYMETER,18755.08,kWh
ec958f72-79c0-41a8-8531-ce490d10977a,2025-03-09T22:00:00,ENERGYMETER,18759.67,kWh
ec958f72-79c0-41a8-8531-ce490d10977a,2025-03-09T23:00:00,ENERGYMETER,18763.76,kWh
ec958f72-79c0-41a8-8531-ce490d10977a,2025-03-10T00:00:00,ENERGYMETER,18767.83,kWh
ec958f72-79c0-41a8-8531-ce490d10977a,2025-03-10T01:00:00,ENERGYMETER,18771.87,kWh
ec958f72-79c0-41a8-8531-ce490d10977a,2025-03-10T02:00:00,ENERGYMETER,18775.92,kWh
ec958f72-79c0-41a8-8531-ce490d10977a,2025-03-10T03:00:00,ENERGYMETER,18779.96,kWh
ec958f72-79c0-41a8-8531-ce490d10977a,2025-03-10T04:00:00,ENERGYMETER,18784.02,kWh
ec958f72-79c0-41a8-8531-ce490d10977a,2025-03-10T05:00:00,ENERGYMETER,18788.46,kWh
ec958f72-79c0-41a8-8531-ce490d10977a,2025-03-10T06:00:00,ENERGYMETER,18793.08,kWh
ec958f72-79c0-41a8-8531-ce490d10977a,2025-03-10T07:00:00,ENERGYMETER,18794.32,kWh
ec958f72-79c0-41a8-8531-ce490d10977a,2025-03-10T08:00:00,ENERGYMETER,18794.33,kWh
ec958f72-79c0-41a8-8531-ce490d10977a,2025-03-10T09:00:00,ENERGYMETER,18794.34,kWh
ec958f72-79c0-41a8-8531-ce490d10977a,2025-03-10T10:00:00,ENERGYMETER,18794.34,kWh
ec958f72-79c0-41a8-8531-ce490d10977a,2025-03-10T11:00:00,ENERGYMETER,18794.35,kWh
ec958f72-79c0-41a8-8531-ce490d10977a,2025-03-10T12:00:00,ENERGYMETER,18794.36,kWh
ec958f72-79c0-41a8-8531-ce490d10977a,2025-03-10T13:00:00,ENERGYMETER,18794.37,kWh
ec958f72-79c0-41a8-8531-ce490d10977a,2025-03-10T14:00:00,ENERGYMETER,18794.38,kWh
ec958f72-79c0-41a8-8531-ce490d10977a,2025-03-10T15:00:00,ENERGYMETER,18794.39,kWh
ec958f72-79c0-41a8-8531-ce490d10977a,2025-03-10T16:00:00,ENERGYMETER,18794.4,kWh
ec958f72-79c0-41a8-8531-ce490d10977a,2025-03-10T17:00:00,ENERGYMETER,18794.41,kWh
ec958f72-79c0-41a8-8531-ce490d10977a,2025-03-10T18:00:00,ENERGYMETER,18794.42,kWh
ec958f72-79c0-41a8-8531-ce490d10977a,2025-03-10T19:00:00,ENERGYMETER,18798.15,kWh
ec958f72-79c0-41a8-8531-ce490d10977a,2025-03-10T20:00:00,ENERGYMETER,18803.1,kWh
ec958f72-79c0-41a8-8531-ce490d10977a,2025-03-10T21:00:00,ENERGYMETER,18808.04,kWh
ec958f72-79c0-41a8-8531-ce490d10977a,2025-03-10T22:00:00,ENERGYMETER,18812.63,kWh
ec958f72-79c0-41a8-8531-ce490d10977a,2025-03-10T23:00:00,ENERGYMETER,18816.71,kWh
ec958f72-79c0-41a8-8531-ce490d10977a,2025-03-11T00:00:00,ENERGYMETER,18820.78,kWh
ec958f72-79c0-41a8-8531-ce490d10977a,2025-03-11T01:00:00,ENERGYMETER,18824.82,kWh
ec958f72-79c0-41a8-8531-ce490d10977a,2025-03-11T02:00:00,ENERGYMETER,18828.86,kWh
ec958f72-79c0-41a8-8531-ce490d10977a,2025-03-11T03:00:00,ENERGYMETER,18832.91,kWh
ec958f72-79c0-41a8-8531-ce490d10977a,2025-03-11T04:00:00,ENERGYMETER,18836.96,kWh
ec958f72-79c0-41a8-8531-ce490d10977a,2025-03-11T05:00:00,ENERGYMETER,18841.41,kWh
ec958f72-79c0-41a8-8531-ce490d10977a,2025-03-11T06:00:00,ENERGYMETER,18846.02,kWh
ec958f72-79c0-41a8-8531-ce490d10977a,2025-03-11T07:00:00,ENERGYMETER,18847.1,kWh
ec958f72-79c0-41a8-8531-ce490d10977a,2025-03-11T08:00:00,ENERGYMETER,18847.11,kWh
ec958f72-79c0-41a8-8531-ce490d10977a,2025-03-11T09:00:00,ENERGYMETER,18847.12,kWh
ec958f72-79c0-41a8-8531-ce490d10977a,2025-03-11T10:00:00,ENERGYMETER,18847.13,kWh
ec958f72-79c0-41a8-8531-ce490d10977a,2025-03-11T11:00:00,ENERGYMETER,18847.14,kWh
ec958f72-79c0-41a8-8531-ce490d10977a,2025-03-11T12:00:00,ENERGYMETER,18847.15,kWh
ec958f72-79c0-41a8-8531-ce490d10977a,2025-03-11T13:00:00,ENERGYMETER,18847.16,kWh
ec958f72-79c0-41a8-8531-ce490d10977a,2025-03-11T14:00:00,ENERGYMETER,18847.17,kWh
ec958f72-79c0-41a8-8531-ce490d10977a,2025-03-11T15:00:00,ENERGYMETER,18847.18,kWh
ec958f72-79c0-41a8-8531-ce490d10977a,2025-03-11T16:00:00,ENERGYMETER,18847.19,kWh
ec958f72-79c0-41a8-8531-ce490d10977a,2025-03-11T17:00:00,ENERGYMETER,18847.2,kWh
ec958f72-79c0-41a8-8531-ce490d10977a,2025-03-11T18:00:00,ENERGYMETER,18847.21,kWh
ec958f72-79c0-41a8-8531-ce490d10977a,2025-03-11T19:00:00,ENERGYMETER,18850.78,kWh
ec958f72-79c0-41a8-8531-ce490d10977a,2025-03-11T20:00:00,ENERGYMETER,18855.74,kWh
ec958f72-79c0-41a8-8531-ce490d10977a,2025-03-11T21:00:00,ENERGYMETER,18860.69,kWh
ec958f72-79c0-41a8-8531-ce490d10977a,2025-03-11T22:00:00,ENERGYMETER,18865.29,kWh
ec958f72-79c0-41a8-8531-ce490d10977a,2025-03-11T23:00:00,ENERGYMETER,18869.39,kWh
ec958f72-79c0-41a8-8531-ce490d10977a,2025-03-12T00:00:00,ENERGYMETER,18873.47,kWh
ec958f72-79c0-41a8-8531-ce490d10977a,2025-03-12T01:00:00,ENERGYMETER,18877.53,kWh
ec958f72-79c0-41a8-8531-ce490d10977a,2025-03-12T02:00:00,ENERGYMETER,18881.57,kWh
ec958f72-79c0-41a8-8531-ce490d10977a,2025-03-12T03:00:00,ENERGYMETER,18885.63,kWh
ec958f72-79c0-41a8-8531-ce490d10977a,2025-03-12T04:00:00,ENERGYMETER,18889.68,kWh
ec958f72-79c0-41a8-8531-ce490d10977a,2025-03-12T05:00:00,ENERGYMETER,18894.13,kWh
ec958f72-79c0-41a8-8531-ce490d10977a,2025-03-12T06:00:00,ENERGYMETER,18898.75,kWh
ec958f72-79c0-41a8-8531-ce490d10977a,2025-03-12T07:00:00,ENERGYMETER,18899.67,kWh
ec958f72-79c0-41a8-8531-ce490d10977a,2025-03-12T08:00:00,ENERGYMETER,18899.68,kWh
ec958f72-79c0-41a8-8531-ce490d10977a,2025-03-12T09:00:00,ENERGYMETER,18899.68,kWh
ec958f72-79c0-41a8-8531-ce490d10977a,2025-03-12T10:00:00,ENERGYMETER,18899.69,kWh
ec958f72-79c0-41a8-8531-ce490d10977a,2025-03-12T11:00:00,ENERGYMETER,18899.7,kWh
ec958f72-79c0-41a8-8531-ce490d10977a,2025-03-12T12:00:00,ENERGYMETER,18899.71,kWh
ec958f72-79c0-41a8-8531-ce490d10977a,2025-03-12T13:00:00,ENERGYMETER,18899.72,kWh
ec958f72-79c0-41a8-8531-ce490d10977a,2025-03-12T14:00:00,ENERGYMETER,18899.73,kWh
ec958f72-79c0-41a8-8531-ce490d10977a,2025-03-12T15:00:00,ENERGYMETER,18899.74,kWh
ec958f72-79c0-41a8-8531-ce490d10977a,2025-03-12T16:00:00,ENERGYMETER,18899.75,kWh
ec958f72-79c0-41a8-8531-ce490d10977a,2025-03-12T17:00:00,ENERGYMETER,18899.76,kWh
ec958f72-79c0-41a8-8531-ce490d10977a,2025-03-12T18:00:00,ENERGYMETER,18899.77,kWh
ec958f72-79c0-41a8-8531-ce490d10977a,2025-03-12T19:00:00,ENERGYMETER,18903.28,kWh
ec958f72-79c0-41a8-8531-ce490d10977a,2025-03-12T20:00:00,ENERGYMETER,18908.26,kWh
ec958f72-79c0-41a8-8531-ce490d10977a,2025-03-12T21:00:00,ENERGYMETER,18913.23,kWh
ec958f72-79c0-41a8-8531-ce490d10977a,2025-03-12T22:00:00,ENERGYMETER,18917.84,kWh
ec958f72-79c0-41a8-8531-ce490d10977a,2025-03-12T23:00:00,ENERGYMETER,18921.93,kWh
ec958f72-79c0-41a8-8531-ce490d10977a,2025-03-13T00:00:00,ENERGYMETER,18926.0,kWh
ec958f72-79c0-41a8-8531-ce490d10977a,2025-03-13T01:00:00,ENERGYMETER,18930.05,kWh
ec958f72-79c0-41a8-8531-ce490d10977a,2025-03-13T02:00:00,ENERGYMETER,18934.1,kWh
ec958f72-79c0-41a8-8531-ce490d10977a,2025-03-13T03:00:00,ENERGYMETER,18938.14,kWh
ec958f72-79c0-41a8-8531-ce490d10977a,2025-03-13T04:00:00,ENERGYMETER,18942.19,kWh
ec958f72-79c0-41a8-8531-ce490d10977a,2025-03-13T05:00:00,ENERGYMETER,18946.64,kWh
ec958f72-79c0-41a8-8531-ce490d10977a,2025-03-13T06:00:00,ENERGYMETER,18951.26,kWh
ec958f72-79c0-41a8-8531-ce490d10977a,2025-03-13T07:00:00,ENERGYMETER,18952.02,kWh
ec958f72-79c0-41a8-8531-ce490d10977a,2025-03-13T08:00:00,ENERGYMETER,18952.03,kWh
ec958f72-79c0-41a8-8531-ce490d10977a,2025-03-13T09:00:00,ENERGYMETER,18952.04,kWh
ec958f72-79c0-41a8-8531-ce490d10977a,2025-03-13T10:00:00,ENERGYMETER,18952.05,kWh
ec958f72-79c0-41a8-8531-ce490d10977a,2025-03-13T11:00:00,ENERGYMETER,18952.06,kWh
ec958f72-79c0-41a8-8531-ce490d10977a,2025-03-13T12:00:00,ENERGYMETER,18952.07,kWh
ec958f72-79c0-41a8-8531-ce490d10977a,2025-03-13T13:00:00,ENERGYMETER,18952.07,kWh
ec958f72-79c0-41a8-8531-ce490d10977a,2025-03-13T14:00:00,ENERGYMETER,18952.08,kWh
ec958f72-79c0-41a8-8531-ce490d10977a,2025-03-13T15:00:00,ENERGYMETER,18952.09,kWh
ec958f72-79c0-41a8-8531-ce490d10977a,2025-03-13T16:00:00,ENERGYMETER,18952.1,kWh
ec958f72-79c0-41a8-8531-ce490d10977a,2025-03-13T17:00:00,ENERGYMETER,18952.11,kWh
ec958f72-79c0-41a8-8531-ce490d10977a,2025-03-13T18:00:00,ENERGYMETER,18952.12,kWh
ec958f72-79c0-41a8-8531-ce490d10977a,2025-03-13T19:00:00,ENERGYMETER,18955.54,kWh
ec958f72-79c0-41a8-8531-ce490d10977a,2025-03-13T20:00:00,ENERGYMETER,18960.52,kWh
ec958f72-79c0-41a8-8531-ce490d10977a,2025-03-13T21:00:00,ENERGYMETER,18965.49,kWh
ec958f72-79c0-41a8-8531-ce490d10977a,2025-03-13T22:00:00,ENERGYMETER,18970.09,kWh
ec958f72-79c0-41a8-8531-ce490d10977a,2025-03-13T23:00:00,ENERGYMETER,18974.2,kWh
ec958f72-79c0-41a8-8531-ce490d10977a,2025-03-14T00:00:00,ENERGYMETER,18978.29,kWh
ec958f72-79c0-41a8-8531-ce490d10977a,2025-03-14T01:00:00,ENERGYMETER,18982.35,kWh
ec958f72-79c0-41a8-8531-ce490d10977a,2025-03-14T02:00:00,ENERGYMETER,18986.41,kWh
ec958f72-79c0-41a8-8531-ce490d10977a,2025-03-14T03:00:00,ENERGYMETER,18990.48,kWh
ec958f72-79c0-41a8-8531-ce490d10977a,2025-03-14T04:00:00,ENERGYMETER,18994.55,kWh
ec958f72-79c0-41a8-8531-ce490d10977a,2025-03-14T05:00:00,ENERGYMETER,18999.03,kWh
ec958f72-79c0-41a8-8531-ce490d10977a,2025-03-14T06:00:00,ENERGYMETER,19003.67,kWh
ec958f72-79c0-41a8-8531-ce490d10977a,2025-03-14T07:00:00,ENERGYMETER,19004.35,kWh
ec958f72-79c0-41a8-8531-ce490d10977a,2025-03-14T08:00:00,ENERGYMETER,19004.36,kWh
ec958f72-79c0-41a8-8531-ce490d10977a,2025-03-14T09:00:00,ENERGYMETER,19004.37,kWh
ec958f72-79c0-41a8-8531-ce490d10977a,2025-03-14T10:00:00,ENERGYMETER,19004.38,kWh
ec958f72-79c0-41a8-8531-ce490d10977a,2025-03-14T11:00:00,ENERGYMETER,19004.39,kWh
ec958f72-79c0-41a8-8531-ce490d10977a,2025-03-14T12:00:00,ENERGYMETER,19004.39,kWh
ec958f72-79c0-41a8-8531-ce490d10977a,2025-03-14T13:00:00,ENERGYMETER,19004.4,kWh
ec958f72-79c0-41a8-8531-ce490d10977a,2025-03-14T14:00:00,ENERGYMETER,19004.41,kWh
ec958f72-79c0-41a8-8531-ce490d10977a,2025-03-14T15:00:00,ENERGYMETER,19004.42,kWh
ec958f72-79c0-41a8-8531-ce490d10977a,2025-03-14T16:00:00,ENERGYMETER,19004.43,kWh
ec958f72-79c0-41a8-8531-ce490d10977a,2025-03-14T17:00:00,ENERGYMETER,19004.44,kWh
ec958f72-79c0-41a8-8531-ce490d10977a,2025-03-14T18:00:00,ENERGYMETER,19004.45,kWh
ec958f72-79c0-41a8-8531-ce490d10977a,2025-03-14T19:00:00,ENERGYMETER,19007.7,kWh
ec958f72-79c0-41a8-8531-ce490d10977a,2025-03-14T20:00:00,ENERGYMETER,19012.68,kWh
ec958f72-79c0-41a8-8531-ce490d10977a,2025-03-14T21:00:00,ENERGYMETER,19017.64,kWh
ec958f72-79c0-41a8-8531-ce490d10977a,2025-03-14T22:00:00,ENERGYMETER,19022.23,kWh
ec958f72-79c0-41a8-8531-ce490d10977a,2025-03-14T23:00:00,ENERGYMETER,19026.34,kWh
ec958f72-79c0-41a8-8531-ce490d10977a,2025-03-15T00:00:00,ENERGYMETER,19030.42,kWh
ec958f72-79c0-41a8-8531-ce490d10977a,2025-03-15T01:00:00,ENERGYMETER,19034.48,kWh
ec958f72-79c0-41a8-8531-ce490d10977a,2025-03-15T02:00:00,ENERGYMETER,19038.54,kWh
ec958f72-79c0-41a8-8531-ce490d10977a,2025-03-15T03:00:00,ENERGYMETER,19042.6,kWh
ec958f72-79c0-41a8-8531-ce490d10977a,2025-03-15T04:00:00,ENERGYMETER,19046.68,kWh
ec958f72-79c0-41a8-8531-ce490d10977a,2025-03-15T05:00:00,ENERGYMETER,19051.14,kWh
ec958f72-79c0-41a8-8531-ce490d10977a,2025-03-15T06:00:00,ENERGYMETER,19055.77,kWh
ec958f72-79c0-41a8-8531-ce490d10977a,2025-03-15T07:00:00,ENERGYMETER,19056.28,kWh
ec958f72-79c0-41a8-8531-ce490d10977a,2025-03-15T08:00:00,ENERGYMETER,19056.29,kWh
ec958f72-79c0-41a8-8531-ce490d10977a,2025-03-15T09:00:00,ENERGYMETER,19056.3,kWh
ec958f72-79c0-41a8-8531-ce490d10977a,2025-03-15T10:00:00,ENERGYMETER,19056.31,kWh
ec958f72-79c0-41a8-8531-ce490d10977a,2025-03-15T11:00:00,ENERGYMETER,19056.32,kWh
ec958f72-79c0-41a8-8531-ce490d10977a,2025-03-15T12:00:00,ENERGYMETER,19056.33,kWh
ec958f72-79c0-41a8-8531-ce490d10977a,2025-03-15T13:00:00,ENERGYMETER,19056.34,kWh
ec958f72-79c0-41a8-8531-ce490d10977a,2025-03-15T14:00:00,ENERGYMETER,19056.35,kWh
ec958f72-79c0-41a8-8531-ce490d10977a,2025-03-15T15:00:00,ENERGYMETER,19056.36,kWh
ec958f72-79c0-41a8-8531-ce490d10977a,2025-03-15T16:00:00,ENERGYMETER,19056.36,kWh
ec958f72-79c0-41a8-8531-ce490d10977a,2025-03-15T17:00:00,ENERGYMETER,19056.37,kWh
ec958f72-79c0-41a8-8531-ce490d10977a,2025-03-15T18:00:00,ENERGYMETER,19056.38,kWh
ec958f72-79c0-41a8-8531-ce490d10977a,2025-03-15T19:00:00,ENERGYMETER,19059.57,kWh
ec958f72-79c0-41a8-8531-ce490d10977a,2025-03-15T20:00:00,ENERGYMETER,19064.56,kWh
ec958f72-79c0-41a8-8531-ce490d10977a,2025-03-15T21:00:00,ENERGYMETER,19069.53,kWh
ec958f72-79c0-41a8-8531-ce490d10977a,2025-03-15T22:00:00,ENERGYMETER,19074.12,kWh
ec958f72-79c0-41a8-8531-ce490d10977a,2025-03-15T23:00:00,ENERGYMETER,19078.22,kWh
ec958f72-79c0-41a8-8531-ce490d10977a,2025-03-16T00:00:00,ENERGYMETER,19082.3,kWh
ec958f72-79c0-41a8-8531-ce490d10977a,2025-03-16T01:00:00,ENERGYMETER,19086.36,kWh
ec958f72-79c0-41a8-8531-ce490d10977a,2025-03-16T02:00:00,ENERGYMETER,19090.41,kWh
ec958f72-79c0-41a8-8531-ce490d10977a,2025-03-16T03:00:00,ENERGYMETER,19094.47,kWh
ec958f72-79c0-41a8-8531-ce490d10977a,2025-03-16T04:00:00,ENERGYMETER,19098.53,kWh
ec958f72-79c0-41a8-8531-ce490d10977a,2025-03-16T05:00:00,ENERGYMETER,19103.01,kWh
ec958f72-79c0-41a8-8531-ce490d10977a,2025-03-16T06:00:00,ENERGYMETER,19107.64,kWh
ec958f72-79c0-41a8-8531-ce490d10977a,2025-03-16T07:00:00,ENERGYMETER,19108.0,kWh
ec958f72-79c0-41a8-8531-ce490d10977a,2025-03-16T08:00:00,ENERGYMETER,19108.01,kWh
ec958f72-79c0-41a8-8531-ce490d10977a,2025-03-16T09:00:00,ENERGYMETER,19108.02,kWh
ec958f72-79c0-41a8-8531-ce490d10977a,2025-03-16T10:00:00,ENERGYMETER,19108.03,kWh
ec958f72-79c0-41a8-8531-ce490d10977a,2025-03-16T11:00:00,ENERGYMETER,19108.04,kWh
ec958f72-79c0-41a8-8531-ce490d10977a,2025-03-16T12:00:00,ENERGYMETER,19108.05,kWh
ec958f72-79c0-41a8-8531-ce490d10977a,2025-03-16T13:00:00,ENERGYMETER,19108.06,kWh
ec958f72-79c0-41a8-8531-ce490d10977a,2025-03-16T14:00:00,ENERGYMETER,19108.06,kWh
ec958f72-79c0-41a8-8531-ce490d10977a,2025-03-16T15:00:00,ENERGYMETER,19108.07,kWh
ec958f72-79c0-41a8-8531-ce490d10977a,2025-03-16T16:00:00,ENERGYMETER,19108.08,kWh
ec958f72-79c0-41a8-8531-ce490d10977a,2025-03-16T17:00:00,ENERGYMETER,19108.09,kWh
ec958f72-79c0-41a8-8531-ce490d10977a,2025-03-16T18:00:00,ENERGYMETER,19108.1,kWh
ec958f72-79c0-41a8-8531-ce490d10977a,2025-03-16T19:00:00,ENERGYMETER,19111.2,kWh
ec958f72-79c0-41a8-8531-ce490d10977a,2025-03-16T20:00:00,ENERGYMETER,19116.18,kWh
ec958f72-79c0-41a8-8531-ce490d10977a,2025-03-16T21:00:00,ENERGYMETER,19121.15,kWh
ec958f72-79c0-41a8-8531-ce490d10977a,2025-03-16T22:00:00,ENERGYMETER,19125.74,kWh
ec958f72-79c0-41a8-8531-ce490d10977a,2025-03-16T23:00:00,ENERGYMETER,19129.85,kWh
ec958f72-79c0-41a8-8531-ce490d10977a,2025-03-17T00:00:00,ENERGYMETER,19133.94,kWh
ec958f72-79c0-41a8-8531-ce490d10977a,2025-03-17T01:00:00,ENERGYMETER,19138.01,kWh
ec958f72-79c0-41a8-8531-ce490d10977a,2025-03-17T02:00:00,ENERGYMETER,19142.08,kWh
ec958f72-79c0-41a8-8531-ce490d10977a,2025-03-17T03:00:00,ENERGYMETER,19146.15,kWh
ec958f72-79c0-41a8-8531-ce490d10977a,2025-03-17T04:00:00,ENERGYMETER,19150.23,kWh
ec958f72-79c0-41a8-8531-ce490d10977a,2025-03-17T05:00:00,ENERGYMETER,19154.71,kWh
ec958f72-79c0-41a8-8531-ce490d10977a,2025-03-17T06:00:00,ENERGYMETER,19159.36,kWh
ec958f72-79c0-41a8-8531-ce490d10977a,2025-03-17T07:00:00,ENERGYMETER,19159.55,kWh
ec958f72-79c0-41a8-8531-ce490d10977a,2025-03-17T08:00:00,ENERGYMETER,19159.56,kWh
ec958f72-79c0-41a8-8531-ce490d10977a,2025-03-17T09:00:00,ENERGYMETER,19159.57,kWh
ec958f72-79c0-41a8-8531-ce490d10977a,2025-03-17T10:00:00,ENERGYMETER,19159.58,kWh
ec958f72-79c0-41a8-8531-ce490d10977a,2025-03-17T11:00:00,ENERGYMETER,19159.59,kWh
ec958f72-79c0-41a8-8531-ce490d10977a,2025-03-17T12:00:00,ENERGYMETER,19159.6,kWh
ec958f72-79c0-41a8-8531-ce490d10977a,2025-03-17T13:00:00,ENERGYMETER,19159.61,kWh
ec958f72-79c0-41a8-8531-ce490d10977a,2025-03-17T14:00:00,ENERGYMETER,19159.62,kWh
ec958f72-79c0-41a8-8531-ce490d10977a,2025-03-17T15:00:00,ENERGYMETER,19159.63,kWh
ec958f72-79c0-41a8-8531-ce490d10977a,2025-03-17T16:00:00,ENERGYMETER,19159.64,kWh
ec958f72-79c0-41a8-8531-ce490d10977a,2025-03-17T17:00:00,ENERGYMETER,19159.65,kWh
ec958f72-79c0-41a8-8531-ce490d10977a,2025-03-17T18:00:00,ENERGYMETER,19159.66,kWh
ec958f72-79c0-41a8-8531-ce490d10977a,2025-03-17T19:00:00,ENERGYMETER,19162.56,kWh
ec958f72-79c0-41a8-8531-ce490d10977a,2025-03-17T20:00:00,ENERGYMETER,19167.54,kWh
ec958f72-79c0-41a8-8531-ce490d10977a,2025-03-17T21:00:00,ENERGYMETER,19172.5,kWh
ec958f72-79c0-41a8-8531-ce490d10977a,2025-03-17T22:00:00,ENERGYMETER,19177.09,kWh
ec958f72-79c0-41a8-8531-ce490d10977a,2025-03-17T23:00:00,ENERGYMETER,19181.2,kWh
ec958f72-79c0-41a8-8531-ce490d10977a,2025-03-18T00:00:00,ENERGYMETER,19185.28,kWh
ec958f72-79c0-41a8-8531-ce490d10977a,2025-03-18T01:00:00,ENERGYMETER,19189.34,kWh
ec958f72-79c0-41a8-8531-ce490d10977a,2025-03-18T02:00:00,ENERGYMETER,19193.39,kWh
ec958f72-79c0-41a8-8531-ce490d10977a,2025-03-18T03:00:00,ENERGYMETER,19197.45,kWh
ec958f72-79c0-41a8-8531-ce490d10977a,2025-03-18T04:00:00,ENERGYMETER,19201.51,kWh
ec958f72-79c0-41a8-8531-ce490d10977a,2025-03-18T05:00:00,ENERGYMETER,19205.98,kWh
ec958f72-79c0-41a8-8531-ce490d10977a,2025-03-18T06:00:00,ENERGYMETER,19210.6,kWh
ec958f72-79c0-41a8-8531-ce490d10977a,2025-03-18T07:00:00,ENERGYMETER,19210.64,kWh
ec958f72-79c0-41a8-8531-ce490d10977a,2025-03-18T08:00:00,ENERGYMETER,19210.65,kWh
ec958f72-79c0-41a8-8531-ce490d10977a,2025-03-18T09:00:00,ENERGYMETER,19210.66,kWh
ec958f72-79c0-41a8-8531-ce490d10977a,2025-03-18T10:00:00,ENERGYMETER,19210.67,kWh
ec958f72-79c0-41a8-8531-ce490d10977a,2025-03-18T11:00:00,ENERGYMETER,19210.68,kWh
ec958f72-79c0-41a8-8531-ce490d10977a,2025-03-18T12:00:00,ENERGYMETER,19210.69,kWh
ec958f72-79c0-41a8-8531-ce490d10977a,2025-03-18T13:00:00,ENERGYMETER,19210.7,kWh
ec958f72-79c0-41a8-8531-ce490d10977a,2025-03-18T14:00:00,ENERGYMETER,19210.71,kWh
ec958f72-79c0-41a8-8531-ce490d10977a,2025-03-18T15:00:00,ENERGYMETER,19210.72,kWh
ec958f72-79c0-41a8-8531-ce490d10977a,2025-03-18T16:00:00,ENERGYMETER,19210.73,kWh
ec958f72-79c0-41a8-8531-ce490d10977a,2025-03-18T17:00:00,ENERGYMETER,19210.74,kWh
ec958f72-79c0-41a8-8531-ce490d10977a,2025-03-18T18:00:00,ENERGYMETER,19210.75,kWh
ec958f72-79c0-41a8-8531-ce490d10977a,2025-03-18T19:00:00,ENERGYMETER,19213.65,kWh
ec958f72-79c0-41a8-8531-ce490d10977a,2025-03-18T20:00:00,ENERGYMETER,19218.62,kWh
ec958f72-79c0-41a8-8531-ce490d10977a,2025-03-18T21:00:00,ENERGYMETER,19223.59,kWh
ec958f72-79c0-41a8-8531-ce490d10977a,2025-03-18T22:00:00,ENERGYMETER,19228.16,kWh
ec958f72-79c0-41a8-8531-ce490d10977a,2025-03-18T23:00:00,ENERGYMETER,19232.26,kWh
ec958f72-79c0-41a8-8531-ce490d10977a,2025-03-19T00:00:00,ENERGYMETER,19236.34,kWh
ec958f72-79c0-41a8-8531-ce490d10977a,2025-03-19T01:00:00,ENERGYMETER,19240.39,kWh
ec958f72-79c0-41a8-8531-ce490d10977a,2025-03-19T02:00:00,ENERGYMETER,19244.44,kWh
ec958f72-79c0-41a8-8531-ce490d10977a,2025-03-19T03:00:00,ENERGYMETER,19248.5,kWh
ec958f72-79c0-41a8-8531-ce490d10977a,2025-03-19T04:00:00,ENERGYMETER,19252.56,kWh
ec958f72-79c0-41a8-8531-ce490d10977a,2025-03-19T05:00:00,ENERGYMETER,19257.05,kWh
ec958f72-79c0-41a8-8531-ce490d10977a,2025-03-19T06:00:00,ENERGYMETER,19261.55,kWh
ec958f72-79c0-41a8-8531-ce490d10977a,2025-03-19T07:00:00,ENERGYMETER,19261.56,kWh
ec958f72-79c0-41a8-8531-ce490d10977a,2025-03-19T08:00:00,ENERGYMETER,19261.57,kWh
ec958f72-79c0-41a8-8531-ce490d10977a,2025-03-19T09:00:00,ENERGYMETER,19261.58,kWh
ec958f72-79c0-41a8-8531-ce490d10977a,2025-03-19T10:00:00,ENERGYMETER,19261.59,kWh
ec958f72-79c0-41a8-8531-ce490d10977a,2025-03-19T11:00:00,ENERGYMETER,19261.59,kWh
ec958f72-79c0-41a8-8531-ce490d10977a,2025-03-19T12:00:00,ENERGYMETER,19261.6,kWh
ec958f72-79c0-41a8-8531-ce490d10977a,2025-03-19T13:00:00,ENERGYMETER,19261.61,kWh
ec958f72-79c0-41a8-8531-ce490d10977a,2025-03-19T14:00:00,ENERGYMETER,19261.62,kWh
ec958f72-79c0-41a8-8531-ce490d10977a,2025-03-19T15:00:00,ENERGYMETER,19261.63,kWh
ec958f72-79c0-41a8-8531-ce490d10977a,2025-03-19T16:00:00,ENERGYMETER,19261.64,kWh
ec958f72-79c0-41a8-8531-ce490d10977a,2025-03-19T17:00:00,ENERGYMETER,19261.65,kWh
ec958f72-79c0-41a8-8531-ce490d10977a,2025-03-19T18:00:00,ENERGYMETER,19261.66,kWh
ec958f72-79c0-41a8-8531-ce490d10977a,2025-03-19T19:00:00,ENERGYMETER,19264.39,kWh
ec958f72-79c0-41a8-8531-ce490d10977a,2025-03-19T20:00:00,ENERGYMETER,19269.35,kWh
ec958f72-79c0-41a8-8531-ce490d10977a,2025-03-19T21:00:00,ENERGYMETER,19274.29,kWh
ec958f72-79c0-41a8-8531-ce490d10977a,2025-03-19T22:00:00,ENERGYMETER,19278.85,kWh
ec958f72-79c0-41a8-8531-ce490d10977a,2025-03-19T23:00:00,ENERGYMETER,19282.93,kWh
ec958f72-79c0-41a8-8531-ce490d10977a,2025-03-20T00:00:00,ENERGYMETER,19286.99,kWh
ec958f72-79c0-41a8-8531-ce490d10977a,2025-03-20T01:00:00,ENERGYMETER,19291.03,kWh
ec958f72-79c0-41a8-8531-ce490d10977a,2025-03-20T02:00:00,ENERGYMETER,19295.06,kWh
ec958f72-79c0-41a8-8531-ce490d10977a,2025-03-20T03:00:00,ENERGYMETER,19299.1,kWh
ec958f72-79c0-41a8-8531-ce490d10977a,2025-03-20T04:00:00,ENERGYMETER,19303.14,kWh
ec958f72-79c0-41a8-8531-ce490d10977a,2025-03-20T05:00:00,ENERGYMETER,19307.6,kWh
ec958f72-79c0-41a8-8531-ce490d10977a,2025-03-20T06:00:00,ENERGYMETER,19312.0,kWh
ec958f72-79c0-41a8-8531-ce490d10977a,2025-03-20T07:00:00,ENERGYMETER,19312.01,kWh
ec958f72-79c0-41a8-8531-ce490d10977a,2025-03-20T08:00:00,ENERGYMETER,19312.02,kWh
ec958f72-79c0-41a8-8531-ce490d10977a,2025-03-20T09:00:00,ENERGYMETER,19312.03,kWh
ec958f72-79c0-41a8-8531-ce490d10977a,2025-03-20T10:00:00,ENERGYMETER,19312.04,kWh
ec958f72-79c0-41a8-8531-ce490d10977a,2025-03-20T11:00:00,ENERGYMETER,19312.05,kWh
ec958f72-79c0-41a8-8531-ce490d10977a,2025-03-20T12:00:00,ENERGYMETER,19312.06,kWh
ec958f72-79c0-41a8-8531-ce490d10977a,2025-03-20T13:00:00,ENERGYMETER,19312.07,kWh
ec958f72-79c0-41a8-8531-ce490d10977a,2025-03-20T14:00:00,ENERGYMETER,19312.08,kWh
ec958f72-79c0-41a8-8531-ce490d10977a,2025-03-20T15:00:00,ENERGYMETER,19312.09,kWh
ec958f72-79c0-41a8-8531-ce490d10977a,2025-03-20T16:00:00,ENERGYMETER,19312.09,kWh
ec958f72-79c0-41a8-8531-ce490d10977a,2025-03-20T17:00:00,ENERGYMETER,19312.1,kWh
ec958f72-79c0-41a8-8531-ce490d10977a,2025-03-20T18:00:00,ENERGYMETER,19312.11,kWh
ec958f72-79c0-41a8-8531-ce490d10977a,2025-03-20T19:00:00,ENERGYMETER,19314.76,kWh
ec958f72-79c0-41a8-8531-ce490d10977a,2025-03-20T20:00:00,ENERGYMETER,19319.7,kWh
ec958f72-79c0-41a8-8531-ce490d10977a,2025-03-20T21:00:00,ENERGYMETER,19324.63,kWh
ec958f72-79c0-41a8-8531-ce490d10977a,2025-03-20T22:00:00,ENERGYMETER,19329.18,kWh
ec958f72-79c0-41a8-8531-ce490d10977a,2025-03-20T23:00:00,ENERGYMETER,19333.24,kWh
ec958f72-79c0-41a8-8531-ce490d10977a,2025-03-21T00:00:00,ENERGYMETER,19337.29,kWh
ec958f72-79c0-41a8-8531-ce490d10977a,2025-03-21T01:00:00,ENERGYMETER,19341.33,kWh
ec958f72-79c0-41a8-8531-ce490d10977a,2025-03-21T02:00:00,ENERGYMETER,19345.36,kWh
ec958f72-79c0-41a8-8531-ce490d10977a,2025-03-21T03:00:00,ENERGYMETER,19349.4,kWh
ec958f72-79c0-41a8-8531-ce490d10977a,2025-03-21T04:00:00,ENERGYMETER,19353.45,kWh
ec958f72-79c0-41a8-8531-ce490d10977a,2025-03-21T05:00:00,ENERGYMETER,19357.92,kWh
ec958f72-79c0-41a8-8531-ce490d10977a,2025-03-21T06:00:00,ENERGYMETER,19362.18,kWh
ec958f72-79c0-41a8-8531-ce490d10977a,2025-03-21T07:00:00,ENERGYMETER,19362.19,kWh
ec958f72-79c0-41a8-8531-ce490d10977a,2025-03-21T08:00:00,ENERGYMETER,19362.2,kWh
ec958f72-79c0-41a8-8531-ce490d10977a,2025-03-21T09:00:00,ENERGYMETER,19362.21,kWh
ec958f72-79c0-41a8-8531-ce490d10977a,2025-03-21T10:00:00,ENERGYMETER,19362.22,kWh
ec958f72-79c0-41a8-8531-ce490d10977a,2025-03-21T11:00:00,ENERGYMETER,19362.23,kWh
ec958f72-79c0-41a8-8531-ce490d10977a,2025-03-21T12:00:00,ENERGYMETER,19362.23,kWh
ec958f72-79c0-41a8-8531-ce490d10977a,2025-03-21T13:00:00,ENERGYMETER,19362.24,kWh
ec958f72-79c0-41a8-8531-ce490d10977a,2025-03-21T14:00:00,ENERGYMETER,19362.25,kWh
ec958f72-79c0-41a8-8531-ce490d10977a,2025-03-21T15:00:00,ENERGYMETER,19362.26,kWh
ec958f72-79c0-41a8-8531-ce490d10977a,2025-03-21T16:00:00,ENERGYMETER,19362.27,kWh
ec958f72-79c0-41a8-8531-ce490d10977a,2025-03-21T17:00:00,ENERGYMETER,19362.28,kWh
ec958f72-79c0-41a8-8531-ce490d10977a,2025-03-21T18:00:00,ENERGYMETER,19362.29,kWh
ec958f72-79c0-41a8-8531-ce490d10977a,2025-03-21T19:00:00,ENERGYMETER,19364.85,kWh
ec958f72-79c0-41a8-8531-ce490d10977a,2025-03-21T20:00:00,ENERGYMETER,19369.8,kWh
ec958f72-79c0-41a8-8531-ce490d10977a,2025-03-21T21:00:00,ENERGYMETER,19374.74,kWh
ec958f72-79c0-41a8-8531-ce490d10977a,2025-03-21T22:00:00,ENERGYMETER,19379.28,kWh
ec958f72-79c0-41a8-8531-ce490d10977a,2025-03-21T23:00:00,ENERGYMETER,19383.36,kWh
ec958f72-79c0-41a8-8531-ce490d10977a,2025-03-22T00:00:00,ENERGYMETER,19387.42,kWh
ec958f72-79c0-41a8-8531-ce490d10977a,2025-03-22T01:00:00,ENERGYMETER,19391.46,kWh
ec958f72-79c0-41a8-8531-ce490d10977a,2025-03-22T02:00:00,ENERGYMETER,19395.5,kWh
ec958f72-79c0-41a8-8531-ce490d10977a,2025-03-22T03:00:00,ENERGYMETER,19399.54,kWh
ec958f72-79c0-41a8-8531-ce490d10977a,2025-03-22T04:00:00,ENERGYMETER,19403.59,kWh
ec958f72-79c0-41a8-8531-ce490d10977a,2025-03-22T05:00:00,ENERGYMETER,19408.07,kWh
ec958f72-79c0-41a8-8531-ce490d10977a,2025-03-22T06:00:00,ENERGYMETER,19412.16,kWh
ec958f72-79c0-41a8-8531-ce490d10977a,2025-03-22T07:00:00,ENERGYMETER,19412.17,kWh
ec958f72-79c0-41a8-8531-ce490d10977a,2025-03-22T08:00:00,ENERGYMETER,19412.18,kWh
ec958f72-79c0-41a8-8531-ce490d10977a,2025-03-22T09:00:00,ENERGYMETER,19412.19,kWh
ec958f72-79c0-41a8-8531-ce490d10977a,2025-03-22T10:00:00,ENERGYMETER,19412.2,kWh
ec958f72-79c0-41a8-8531-ce490d10977a,2025-03-22T11:00:00,ENERGYMETER,19412.21,kWh
ec958f72-79c0-41a8-8531-ce490d10977a,2025-03-22T12:00:00,ENERGYMETER,19412.22,kWh
ec958f72-79c0-41a8-8531-ce490d10977a,2025-03-22T13:00:00,ENERGYMETER,19412.23,kWh
ec958f72-79c0-41a8-8531-ce490d10977a,2025-03-22T14:00:00,ENERGYMETER,19412.24,kWh
ec958f72-79c0-41a8-8531-ce490d10977a,2025-03-22T15:00:00,ENERGYMETER,19412.25,kWh
ec958f72-79c0-41a8-8531-ce490d10977a,2025-03-22T16:00:00,ENERGYMETER,19412.26,kWh
ec958f72-79c0-41a8-8531-ce490d10977a,2025-03-22T17:00:00,ENERGYMETER,19412.27,kWh
ec958f72-79c0-41a8-8531-ce490d10977a,2025-03-22T18:00:00,ENERGYMETER,19412.27,kWh
ec958f72-79c0-41a8-8531-ce490d10977a,2025-03-22T19:00:00,ENERGYMETER,19414.77,kWh
ec958f72-79c0-41a8-8531-ce490d10977a,2025-03-22T20:00:00,ENERGYMETER,19419.74,kWh
ec958f72-79c0-41a8-8531-ce490d10977a,2025-03-22T21:00:00,ENERGYMETER,19424.69,kWh
ec958f72-79c0-41a8-8531-ce490d10977a,2025-03-22T22:00:00,ENERGYMETER,19429.24,kWh
ec958f72-79c0-41a8-8531-ce490d10977a,2025-03-22T23:00:00,ENERGYMETER,19433.34,kWh
ec958f72-79c0-41a8-8531-ce490d10977a,2025-03-23T00:00:00,ENERGYMETER,19437.41,kWh
ec958f72-79c0-41a8-8531-ce490d10977a,2025-03-23T01:00:00,ENERGYMETER,19441.47,kWh
ec958f72-79c0-41a8-8531-ce490d10977a,2025-03-23T02:00:00,ENERGYMETER,19445.51,kWh
ec958f72-79c0-41a8-8531-ce490d10977a,2025-03-23T03:00:00,ENERGYMETER,19449.56,kWh
ec958f72-79c0-41a8-8531-ce490d10977a,2025-03-23T04:00:00,ENERGYMETER,19453.61,kWh
ec958f72-79c0-41a8-8531-ce490d10977a,2025-03-23T05:00:00,ENERGYMETER,19458.09,kWh
ec958f72-79c0-41a8-8531-ce490d10977a,2025-03-23T06:00:00,ENERGYMETER,19462.04,kWh
ec958f72-79c0-41a8-8531-ce490d10977a,2025-03-23T07:00:00,ENERGYMETER,19462.04,kWh
ec958f72-79c0-41a8-8531-ce490d10977a,2025-03-23T08:00:00,ENERGYMETER,19462.05,kWh
ec958f72-79c0-41a8-8531-ce490d10977a,2025-03-23T09:00:00,ENERGYMETER,19462.06,kWh
ec958f72-79c0-41a8-8531-ce490d10977a,2025-03-23T10:00:00,ENERGYMETER,19462.07,kWh
ec958f72-79c0-41a8-8531-ce490d10977a,2025-03-23T11:00:00,ENERGYMETER,19462.08,kWh
ec958f72-79c0-41a8-8531-ce490d10977a,2025-03-23T12:00:00,ENERGYMETER,19462.09,kWh
ec958f72-79c0-41a8-8531-ce490d10977a,2025-03-23T13:00:00,ENERGYMETER,19462.1,kWh
ec958f72-79c0-41a8-8531-ce490d10977a,2025-03-23T14:00:00,ENERGYMETER,19462.11,kWh
ec958f72-79c0-41a8-8531-ce490d10977a,2025-03-23T15:00:00,ENERGYMETER,19462.12,kWh
ec958f72-79c0-41a8-8531-ce490d10977a,2025-03-23T16:00:00,ENERGYMETER,19462.13,kWh
ec958f72-79c0-41a8-8531-ce490d10977a,2025-03-23T17:00:00,ENERGYMETER,19462.14,kWh
ec958f72-79c0-41a8-8531-ce490d10977a,2025-03-23T18:00:00,ENERGYMETER,19462.15,kWh
ec958f72-79c0-41a8-8531-ce490d10977a,2025-03-23T19:00:00,ENERGYMETER,19464.48,kWh
ec958f72-79c0-41a8-8531-ce490d10977a,2025-03-23T20:00:00,ENERGYMETER,19469.44,kWh
ec958f72-79c0-41a8-8531-ce490d10977a,2025-03-23T21:00:00,ENERGYMETER,19474.39,kWh
ec958f72-79c0-41a8-8531-ce490d10977a,2025-03-23T22:00:00,ENERGYMETER,19478.93,kWh
ec958f72-79c0-41a8-8531-ce490d10977a,2025-03-23T23:00:00,ENERGYMETER,19483.02,kWh
ec958f72-79c0-41a8-8531-ce490d10977a,2025-03-24T00:00:00,ENERGYMETER,19487.09,kWh
ec958f72-79c0-41a8-8531-ce490d10977a,2025-03-24T01:00:00,ENERGYMETER,19491.14,kWh
ec958f72-79c0-41a8-8531-ce490d10977a,2025-03-24T02:00:00,ENERGYMETER,19495.19,kWh
ec958f72-79c0-41a8-8531-ce490d10977a,2025-03-24T03:00:00,ENERGYMETER,19499.24,kWh
ec958f72-79c0-41a8-8531-ce490d10977a,2025-03-24T04:00:00,ENERGYMETER,19503.29,kWh
ec958f72-79c0-41a8-8531-ce490d10977a,2025-03-24T05:00:00,ENERGYMETER,19507.77,kWh
ec958f72-79c0-41a8-8531-ce490d10977a,2025-03-24T06:00:00,ENERGYMETER,19511.57,kWh
ec958f72-79c0-41a8-8531-ce490d10977a,2025-03-24T07:00:00,ENERGYMETER,19511.58,kWh
ec958f72-79c0-41a8-8531-ce490d10977a,2025-03-24T08:00:00,ENERGYMETER,19511.59,kWh
ec958f72-79c0-41a8-8531-ce490d10977a,2025-03-24T09:00:00,ENERGYMETER,19511.6,kWh
ec958f72-79c0-41a8-8531-ce490d10977a,2025-03-24T10:00:00,ENERGYMETER,19511.61,kWh
ec958f72-79c0-41a8-8531-ce490d10977a,2025-03-24T11:00:00,ENERGYMETER,19511.62,kWh
ec958f72-79c0-41a8-8531-ce490d10977a,2025-03-24T12:00:00,ENERGYMETER,19511.63,kWh
ec958f72-79c0-41a8-8531-ce490d10977a,2025-03-24T13:00:00,ENERGYMETER,19511.64,kWh
ec958f72-79c0-41a8-8531-ce490d10977a,2025-03-24T14:00:00,ENERGYMETER,19511.64,kWh
ec958f72-79c0-41a8-8531-ce490d10977a,2025-03-24T15:00:00,ENERGYMETER,19511.65,kWh
ec958f72-79c0-41a8-8531-ce490d10977a,2025-03-24T16:00:00,ENERGYMETER,19511.66,kWh
ec958f72-79c0-41a8-8531-ce490d10977a,2025-03-24T17:00:00,ENERGYMETER,19511.67,kWh
ec958f72-79c0-41a8-8531-ce490d10977a,2025-03-24T18:00:00,ENERGYMETER,19511.68,kWh
ec958f72-79c0-41a8-8531-ce490d10977a,2025-03-24T19:00:00,ENERGYMETER,19513.94,kWh
ec958f72-79c0-41a8-8531-ce490d10977a,2025-03-24T20:00:00,ENERGYMETER,19518.93,kWh
ec958f72-79c0-41a8-8531-ce490d10977a,2025-03-24T21:00:00,ENERGYMETER,19523.9,kWh
ec958f72-79c0-41a8-8531-ce490d10977a,2025-03-24T22:00:00,ENERGYMETER,19528.46,kWh
ec958f72-79c0-41a8-8531-ce490d10977a,2025-03-24T23:00:00,ENERGYMETER,19532.56,kWh
ec958f72-79c0-41a8-8531-ce490d10977a,2025-03-25T00:00:00,ENERGYMETER,19536.63,kWh
ec958f72-79c0-41a8-8531-ce490d10977a,2025-03-25T01:00:00,ENERGYMETER,19540.69,kWh
ec958f72-79c0-41a8-8531-ce490d10977a,2025-03-25T02:00:00,ENERGYMETER,19544.73,kWh
ec958f72-79c0-41a8-8531-ce490d10977a,2025-03-25T03:00:00,ENERGYMETER,19548.78,kWh
ec958f72-79c0-41a8-8531-ce490d10977a,2025-03-25T04:00:00,ENERGYMETER,19552.83,kWh
ec958f72-79c0-41a8-8531-ce490d10977a,2025-03-25T05:00:00,ENERGYMETER,19557.31,kWh
ec958f72-79c0-41a8-8531-ce490d10977a,2025-03-25T06:00:00,ENERGYMETER,19561.03,kWh
ec958f72-79c0-41a8-8531-ce490d10977a,2025-03-25T07:00:00,ENERGYMETER,19561.04,kWh
ec958f72-79c0-41a8-8531-ce490d10977a,2025-03-25T08:00:00,ENERGYMETER,19561.05,kWh
ec958f72-79c0-41a8-8531-ce490d10977a,2025-03-25T09:00:00,ENERGYMETER,19561.06,kWh
ec958f72-79c0-41a8-8531-ce490d10977a,2025-03-25T10:00:00,ENERGYMETER,19561.07,kWh
ec958f72-79c0-41a8-8531-ce490d10977a,2025-03-25T11:00:00,ENERGYMETER,19561.08,kWh
ec958f72-79c0-41a8-8531-ce490d10977a,2025-03-25T12:00:00,ENERGYMETER,19561.09,kWh
ec958f72-79c0-41a8-8531-ce490d10977a,2025-03-25T13:00:00,ENERGYMETER,19561.1,kWh
ec958f72-79c0-41a8-8531-ce490d10977a,2025-03-25T14:00:00,ENERGYMETER,19561.11,kWh
ec958f72-79c0-41a8-8531-ce490d10977a,2025-03-25T15:00:00,ENERGYMETER,19561.12,kWh
ec958f72-79c0-41a8-8531-ce490d10977a,2025-03-25T16:00:00,ENERGYMETER,19561.13,kWh
ec958f72-79c0-41a8-8531-ce490d10977a,2025-03-25T17:00:00,ENERGYMETER,19561.13,kWh
ec958f72-79c0-41a8-8531-ce490d10977a,2025-03-25T18:00:00,ENERGYMETER,19561.14,kWh
ec958f72-79c0-41a8-8531-ce490d10977a,2025-03-25T19:00:00,ENERGYMETER,19563.31,kWh
ec958f72-79c0-41a8-8531-ce490d10977a,2025-03-25T20:00:00,ENERGYMETER,19568.29,kWh
ec958f72-79c0-41a8-8531-ce490d10977a,2025-03-25T21:00:00,ENERGYMETER,19573.26,kWh
ec958f72-79c0-41a8-8531-ce490d10977a,2025-03-25T22:00:00,ENERGYMETER,19577.82,kWh
ec958f72-79c0-41a8-8531-ce490d10977a,2025-03-25T23:00:00,ENERGYMETER,19581.91,kWh
ec958f72-79c0-41a8-8531-ce490d10977a,2025-03-26T00:00:00,ENERGYMETER,19585.99,kWh
ec958f72-79c0-41a8-8531-ce490d10977a,2025-03-26T01:00:00,ENERGYMETER,19590.04,kWh
ec958f72-79c0-41a8-8531-ce490d10977a,2025-03-26T02:00:00,ENERGYMETER,19594.09,kWh
ec958f72-79c0-41a8-8531-ce490d10977a,2025-03-26T03:00:00,ENERGYMETER,19598.14,kWh
ec958f72-79c0-41a8-8531-ce490d10977a,2025-03-26T04:00:00,ENERGYMETER,19602.2,kWh
ec958f72-79c0-41a8-8531-ce490d10977a,2025-03-26T05:00:00,ENERGYMETER,19606.68,kWh
ec958f72-79c0-41a8-8531-ce490d10977a,2025-03-26T06:00:00,ENERGYMETER,19610.09,kWh
ec958f72-79c0-41a8-8531-ce490d10977a,2025-03-26T07:00:00,ENERGYMETER,19610.1,kWh
ec958f72-79c0-41a8-8531-ce490d10977a,2025-03-26T08:00:00,ENERGYMETER,19610.11,kWh
ec958f72-79c0-41a8-8531-ce490d10977a,2025-03-26T09:00:00,ENERGYMETER,19610.12,kWh
ec958f72-79c0-41a8-8531-ce490d10977a,2025-03-26T10:00:00,ENERGYMETER,19610.13,kWh
ec958f72-79c0-41a8-8531-ce490d10977a,2025-03-26T11:00:00,ENERGYMETER,19610.14,kWh
ec958f72-79c0-41a8-8531-ce490d10977a,2025-03-26T12:00:00,ENERGYMETER,19610.15,kWh
ec958f72-79c0-41a8-8531-ce490d10977a,2025-03-26T13:00:00,ENERGYMETER,19610.16,kWh
ec958f72-79c0-41a8-8531-ce490d10977a,2025-03-26T14:00:00,ENERGYMETER,19610.17,kWh
ec958f72-79c0-41a8-8531-ce490d10977a,2025-03-26T15:00:00,ENERGYMETER,19610.18,kWh
ec958f72-79c0-41a8-8531-ce490d10977a,2025-03-26T16:00:00,ENERGYMETER,19610.19,kWh
ec958f72-79c0-41a8-8531-ce490d10977a,2025-03-26T17:00:00,ENERGYMETER,19610.19,kWh
ec958f72-79c0-41a8-8531-ce490d10977a,2025-03-26T18:00:00,ENERGYMETER,19610.2,kWh
ec958f72-79c0-41a8-8531-ce490d10977a,2025-03-26T19:00:00,ENERGYMETER,19612.29,kWh
ec958f72-79c0-41a8-8531-ce490d10977a,2025-03-26T20:00:00,ENERGYMETER,19617.27,kWh
ec958f72-79c0-41a8-8531-ce490d10977a,2025-03-26T21:00:00,ENERGYMETER,19622.23,kWh
ec958f72-79c0-41a8-8531-ce490d10977a,2025-03-26T22:00:00,ENERGYMETER,19626.77,kWh
ec958f72-79c0-41a8-8531-ce490d10977a,2025-03-26T23:00:00,ENERGYMETER,19630.85,kWh
ec958f72-79c0-41a8-8531-ce490d10977a,2025-03-27T00:00:00,ENERGYMETER,19634.92,kWh
ec958f72-79c0-41a8-8531-ce490d10977a,2025-03-27T01:00:00,ENERGYMETER,19638.97,kWh
ec958f72-79c0-41a8-8531-ce490d10977a,2025-03-27T02:00:00,ENERGYMETER,19643.01,kWh
ec958f72-79c0-41a8-8531-ce490d10977a,2025-03-27T03:00:00,ENERGYMETER,19647.05,kWh
ec958f72-79c0-41a8-8531-ce490d10977a,2025-03-27T04:00:00,ENERGYMETER,19651.09,kWh
ec958f72-79c0-41a8-8531-ce490d10977a,2025-03-27T05:00:00,ENERGYMETER,19655.59,kWh
ec958f72-79c0-41a8-8531-ce490d10977a,2025-03-27T06:00:00,ENERGYMETER,19658.92,kWh
ec958f72-79c0-41a8-8531-ce490d10977a,2025-03-27T07:00:00,ENERGYMETER,19658.93,kWh
ec958f72-79c0-41a8-8531-ce490d10977a,2025-03-27T08:00:00,ENERGYMETER,19658.94,kWh
ec958f72-79c0-41a8-8531-ce490d10977a,2025-03-27T09:00:00,ENERGYMETER,19658.95,kWh
ec958f72-79c0-41a8-8531-ce490d10977a,2025-03-27T10:00:00,ENERGYMETER,19658.96,kWh
ec958f72-79c0-41a8-8531-ce490d10977a,2025-03-27T11:00:00,ENERGYMETER,19658.97,kWh
ec958f72-79c0-41a8-8531-ce490d10977a,2025-03-27T12:00:00,ENERGYMETER,19658.98,kWh
ec958f72-79c0-41a8-8531-ce490d10977a,2025-03-27T13:00:00,ENERGYMETER,19658.99,kWh
ec958f72-79c0-41a8-8531-ce490d10977a,2025-03-27T14:00:00,ENERGYMETER,19658.99,kWh
ec958f72-79c0-41a8-8531-ce490d10977a,2025-03-27T15:00:00,ENERGYMETER,19659.0,kWh
ec958f72-79c0-41a8-8531-ce490d10977a,2025-03-27T16:00:00,ENERGYMETER,19659.01,kWh
ec958f72-79c0-41a8-8531-ce490d10977a,2025-03-27T17:00:00,ENERGYMETER,19659.02,kWh
ec958f72-79c0-41a8-8531-ce490d10977a,2025-03-27T18:00:00,ENERGYMETER,19659.03,kWh
ec958f72-79c0-41a8-8531-ce490d10977a,2025-03-27T19:00:00,ENERGYMETER,19661.03,kWh
ec958f72-79c0-41a8-8531-ce490d10977a,2025-03-27T20:00:00,ENERGYMETER,19666.0,kWh
ec958f72-79c0-41a8-8531-ce490d10977a,2025-03-27T21:00:00,ENERGYMETER,19670.95,kWh
ec958f72-79c0-41a8-8531-ce490d10977a,2025-03-27T22:00:00,ENERGYMETER,19675.47,kWh
ec958f72-79c0-41a8-8531-ce490d10977a,2025-03-27T23:00:00,ENERGYMETER,19679.55,kWh
ec958f72-79c0-41a8-8531-ce490d10977a,2025-03-28T00:00:00,ENERGYMETER,19683.61,kWh
ec958f72-79c0-41a8-8531-ce490d10977a,2025-03-28T01:00:00,ENERGYMETER,19687.66,kWh
ec958f72-79c0-41a8-8531-ce490d10977a,2025-03-28T02:00:00,ENERGYMETER,19691.7,kWh
ec958f72-79c0-41a8-8531-ce490d10977a,2025-03-28T03:00:00,ENERGYMETER,19695.74,kWh
ec958f72-79c0-41a8-8531-ce490d10977a,2025-03-28T04:00:00,ENERGYMETER,19699.79,kWh
ec958f72-79c0-41a8-8531-ce490d10977a,2025-03-28T05:00:00,ENERGYMETER,19704.28,kWh
ec958f72-79c0-41a8-8531-ce490d10977a,2025-03-28T06:00:00,ENERGYMETER,19707.46,kWh
ec958f72-79c0-41a8-8531-ce490d10977a,2025-03-28T07:00:00,ENERGYMETER,19707.47,kWh
ec958f72-79c0-41a8-8531-ce490d10977a,2025-03-28T08:00:00,ENERGYMETER,19707.48,kWh
ec958f72-79c0-41a8-8531-ce490d10977a,2025-03-28T09:00:00,ENERGYMETER,19707.49,kWh
ec958f72-79c0-41a8-8531-ce490d10977a,2025-03-28T10:00:00,ENERGYMETER,19707.5,kWh
ec958f72-79c0-41a8-8531-ce490d10977a,2025-03-28T11:00:00,ENERGYMETER,19707.51,kWh
ec958f72-79c0-41a8-8531-ce490d10977a,2025-03-28T12:00:00,ENERGYMETER,19707.52,kWh
ec958f72-79c0-41a8-8531-ce490d10977a,2025-03-28T13:00:00,ENERGYMETER,19707.53,kWh
ec958f72-79c0-41a8-8531-ce490d10977a,2025-03-28T14:00:00,ENERGYMETER,19707.54,kWh
ec958f72-79c0-41a8-8531-ce490d10977a,2025-03-28T15:00:00,ENERGYMETER,19707.55,kWh
ec958f72-79c0-41a8-8531-ce490d10977a,2025-03-28T16:00:00,ENERGYMETER,19707.56,kWh
ec958f72-79c0-41a8-8531-ce490d10977a,2025-03-28T17:00:00,ENERGYMETER,19707.57,kWh
ec958f72-79c0-41a8-8531-ce490d10977a,2025-03-28T18:00:00,ENERGYMETER,19707.58,kWh
ec958f72-79c0-41a8-8531-ce490d10977a,2025-03-28T19:00:00,ENERGYMETER,19709.4,kWh
ec958f72-79c0-41a8-8531-ce490d10977a,2025-03-28T20:00:00,ENERGYMETER,19714.38,kWh
ec958f72-79c0-41a8-8531-ce490d10977a,2025-03-28T21:00:00,ENERGYMETER,19719.33,kWh
ec958f72-79c0-41a8-8531-ce490d10977a,2025-03-28T22:00:00,ENERGYMETER,19723.86,kWh
ec958f72-79c0-41a8-8531-ce490d10977a,2025-03-28T23:00:00,ENERGYMETER,19727.95,kWh
ec958f72-79c0-41a8-8531-ce490d10977a,2025-03-29T01:00:00,ENERGYMETER,19736.09,kWh
ec958f72-79c0-41a8-8531-ce490d10977a,2025-03-29T02:00:00,ENERGYMETER,19740.15,kWh
ec958f72-79c0-41a8-8531-ce490d10977a,2025-03-29T03:00:00,ENERGYMETER,19744.2,kWh
ec958f72-79c0-41a8-8531-ce490d10977a,2025-03-29T04:00:00,ENERGYMETER,19748.26,kWh
ec958f72-79c0-41a8-8531-ce490d10977a,2025-03-29T05:00:00,ENERGYMETER,19752.77,kWh
ec958f72-79c0-41a8-8531-ce490d10977a,2025-03-29T06:00:00,ENERGYMETER,19755.8,kWh
ec958f72-79c0-41a8-8531-ce490d10977a,2025-03-29T07:00:00,ENERGYMETER,19755.81,kWh
ec958f72-79c0-41a8-8531-ce490d10977a,2025-03-29T08:00:00,ENERGYMETER,19755.82,kWh
ec958f72-79c0-41a8-8531-ce490d10977a,2025-03-29T09:00:00,ENERGYMETER,19755.83,kWh
ec958f72-79c0-41a8-8531-ce490d10977a,2025-03-29T10:00:00,ENERGYMETER,19755.84,kWh
ec958f72-79c0-41a8-8531-ce490d10977a,2025-03-29T11:00:00,ENERGYMETER,19755.85,kWh
ec958f72-79c0-41a8-8531-ce490d10977a,2025-03-29T12:00:00,ENERGYMETER,19755.86,kWh
ec958f72-79c0-41a8-8531-ce490d10977a,2025-03-29T13:00:00,ENERGYMETER,19755.87,kWh
ec958f72-79c0-41a8-8531-ce490d10977a,2025-03-29T14:00:00,ENERGYMETER,19755.88,kWh
ec958f72-79c0-41a8-8531-ce490d10977a,2025-03-29T15:00:00,ENERGYMETER,19755.89,kWh
ec958f72-79c0-41a8-8531-ce490d10977a,2025-03-29T16:00:00,ENERGYMETER,19755.9,kWh
ec958f72-79c0-41a8-8531-ce490d10977a,2025-03-29T17:00:00,ENERGYMETER,19755.91,kWh
ec958f72-79c0-41a8-8531-ce490d10977a,2025-03-29T18:00:00,ENERGYMETER,19755.92,kWh
ec958f72-79c0-41a8-8531-ce490d10977a,2025-03-29T19:00:00,ENERGYMETER,19757.66,kWh
ec958f72-79c0-41a8-8531-ce490d10977a,2025-03-29T20:00:00,ENERGYMETER,19762.64,kWh
ec958f72-79c0-41a8-8531-ce490d10977a,2025-03-29T21:00:00,ENERGYMETER,19767.59,kWh
ec958f72-79c0-41a8-8531-ce490d10977a,2025-03-29T22:00:00,ENERGYMETER,19772.11,kWh
ec958f72-79c0-41a8-8531-ce490d10977a,2025-03-29T23:00:00,ENERGYMETER,19776.21,kWh
ec958f72-79c0-41a8-8531-ce490d10977a,2025-03-30T00:00:00,ENERGYMETER,19780.28,kWh
ec958f72-79c0-41a8-8531-ce490d10977a,2025-03-30T01:00:00,ENERGYMETER,19784.33,kWh
ec958f72-79c0-41a8-8531-ce490d10977a,2025-03-30T02:00:00,ENERGYMETER,19788.38,kWh
ec958f72-79c0-41a8-8531-ce490d10977a,2025-03-30T03:00:00,ENERGYMETER,19792.43,kWh
ec958f72-79c0-41a8-8531-ce490d10977a,2025-03-30T04:00:00,ENERGYMETER,19796.49,kWh
ec958f72-79c0-41a8-8531-ce490d10977a,2025-03-30T05:00:00,ENERGYMETER,19800.99,kWh
ec958f72-79c0-41a8-8531-ce490d10977a,2025-03-30T06:00:00,ENERGYMETER,19803.87,kWh
ec958f72-79c0-41a8-8531-ce490d10977a,2025-03-30T07:00:00,ENERGYMETER,19803.88,kWh
ec958f72-79c0-41a8-8531-ce490d10977a,2025-03-30T08:00:00,ENERGYMETER,19803.89,kWh
ec958f72-79c0-41a8-8531-ce490d10977a,2025-03-30T09:00:00,ENERGYMETER,19803.9,kWh
ec958f72-79c0-41a8-8531-ce490d10977a,2025-03-30T10:00:00,ENERGYMETER,19803.91,kWh
ec958f72-79c0-41a8-8531-ce490d10977a,2025-03-30T11:00:00,ENERGYMETER,19803.92,kWh
ec958f72-79c0-41a8-8531-ce490d10977a,2025-03-30T12:00:00,ENERGYMETER,19803.93,kWh
ec958f72-79c0-41a8-8531-ce490d10977a,2025-03-30T13:00:00,ENERGYMETER,19803.94,kWh
ec958f72-79c0-41a8-8531-ce490d10977a,2025-03-30T14:00:00,ENERGYMETER,19803.95,kWh
ec958f72-79c0-41a8-8531-ce490d10977a,2025-03-30T15:00:00,ENERGYMETER,19803.95,kWh
ec958f72-79c0-41a8-8531-ce490d10977a,2025-03-30T16:00:00,ENERGYMETER,19803.96,kWh
ec958f72-79c0-41a8-8531-ce490d10977a,2025-03-30T17:00:00,ENERGYMETER,19803.97,kWh
ec958f72-79c0-41a8-8531-ce490d10977a,2025-03-30T18:00:00,ENERGYMETER,19803.98,kWh
ec958f72-79c0-41a8-8531-ce490d10977a,2025-03-30T19:00:00,ENERGYMETER,19805.64,kWh
ec958f72-79c0-41a8-8531-ce490d10977a,2025-03-30T20:00:00,ENERGYMETER,19810.62,kWh
ec958f72-79c0-41a8-8531-ce490d10977a,2025-03-30T21:00:00,ENERGYMETER,19815.57,kWh
ec958f72-79c0-41a8-8531-ce490d10977a,2025-03-30T22:00:00,ENERGYMETER,19820.08,kWh
ec958f72-79c0-41a8-8531-ce490d10977a,2025-03-30T23:00:00,ENERGYMETER,19824.17,kWh
ec958f72-79c0-41a8-8531-ce490d10977a,2025-03-31T00:00:00,ENERGYMETER,19828.23,kWh
ec958f72-79c0-41a8-8531-ce490d10977a,2025-03-31T01:00:00,ENERGYMETER,19832.28,kWh
ec958f72-79c0-41a8-8531-ce490d10977a,2025-03-31T02:00:00,ENERGYMETER,19836.32,kWh
ec958f72-79c0-41a8-8531-ce490d10977a,2025-03-31T03:00:00,ENERGYMETER,19840.36,kWh
ec958f72-79c0-41a8-8531-ce490d10977a,2025-03-31T04:00:00,ENERGYMETER,19844.41,kWh
ec958f72-79c0-41a8-8531-ce490d10977a,2025-03-31T05:00:00,ENERGYMETER,19848.93,kWh
ec958f72-79c0-41a8-8531-ce490d10977a,2025-03-31T06:00:00,ENERGYMETER,19851.65,kWh
ec958f72-79c0-41a8-8531-ce490d10977a,2025-03-31T07:00:00,ENERGYMETER,19851.66,kWh
ec958f72-79c0-41a8-8531-ce490d10977a,2025-03-31T08:00:00,ENERGYMETER,19851.67,kWh
ec958f72-79c0-41a8-8531-ce490d10977a,2025-03-31T09:00:00,ENERGYMETER,19851.68,kWh
ec958f72-79c0-41a8-8531-ce490d10977a,2025-03-31T10:00:00,ENERGYMETER,19851.69,kWh
ec958f72-79c0-41a8-8531-ce490d10977a,2025-03-31T11:00:00,ENERGYMETER,19851.69,kWh
ec958f72-79c0-41a8-8531-ce490d10977a,2025-03-31T12:00:00,ENERGYMETER,19851.7,kWh
ec958f72-79c0-41a8-8531-ce490d10977a,2025-03-31T13:00:00,ENERGYMETER,19851.71,kWh
ec958f72-79c0-41a8-8531-ce490d10977a,2025-03-31T14:00:00,ENERGYMETER,19851.72,kWh
ec958f72-79c0-41a8-8531-ce490d10977a,2025-03-31T15:00:00,ENERGYMETER,19851.73,kWh
ec958f72-79c0-41a8-8531-ce490d10977a,2025-03-31T16:00:00,ENERGYMETER,19851.74,kWh
ec958f72-79c0-41a8-8531-ce490d10977a,2025-03-31T17:00:00,ENERGYMETER,19851.75,kWh
ec958f72-79c0-41a8-8531-ce490d10977a,2025-03-31T18:00:00,ENERGYMETER,19851.76,kWh
ec958f72-79c0-41a8-8531-ce490d10977a,2025-03-31T19:00:00,ENERGYMETER,19853.33,kWh
ec958f72-79c0-41a8-8531-ce490d10977a,2025-03-31T20:00:00,ENERGYMETER,19858.29,kWh
ec958f72-79c0-41a8-8531-ce490d10977a,2025-03-31T21:00:00,ENERGYMETER,19863.22,kWh
ec958f72-79c0-41a8-8531-ce490d10977a,2025-03-31T22:00:00,ENERGYMETER,19867.7,kWh
ec958f72-79c0-41a8-8531-ce490d10977a,2025-03-31T23:00:00,ENERGYMETER,19871.78,kWh
ec958f72-79c0-41a8-8531-ce490d10977a,2025-04-01T00:00:00,ENERGYMETER,19875.84,kWh
ec958f72-79c0-41a8-8531-ce490d10977a,2025-04-01T01:00:00,ENERGYMETER,19879.88,kWh
ec958f72-79c0-41a8-8531-ce490d10977a,2025-04-01T02:00:00,ENERGYMETER,19883.92,kWh
ec958f72-79c0-41a8-8531-ce490d10977a,2025-04-01T03:00:00,ENERGYMETER,19887.97,kWh
ec958f72-79c0-41a8-8531-ce490d10977a,2025-04-01T04:00:00,ENERGYMETER,19892.02,kWh
ec958f72-79c0-41a8-8531-ce490d10977a,2025-04-01T05:00:00,ENERGYMETER,19896.53,kWh
ec958f72-79c0-41a8-8531-ce490d10977a,2025-04-01T06:00:00,ENERGYMETER,19899.17,kWh
ec958f72-79c0-41a8-8531-ce490d10977a,2025-04-01T07:00:00,ENERGYMETER,19899.18,kWh
ec958f72-79c0-41a8-8531-ce490d10977a,2025-04-01T08:00:00,ENERGYMETER,19899.19,kWh
ec958f72-79c0-41a8-8531-ce490d10977a,2025-04-01T09:00:00,ENERGYMETER,19899.2,kWh
ec958f72-79c0-41a8-8531-ce490d10977a,2025-04-01T10:00:00,ENERGYMETER,19899.21,kWh
ec958f72-79c0-41a8-8531-ce490d10977a,2025-04-01T11:00:00,ENERGYMETER,19899.22,kWh
ec958f72-79c0-41a8-8531-ce490d10977a,2025-04-01T12:00:00,ENERGYMETER,19899.23,kWh
ec958f72-79c0-41a8-8531-ce490d10977a,2025-04-01T13:00:00,ENERGYMETER,19899.24,kWh
ec958f72-79c0-41a8-8531-ce490d10977a,2025-04-01T14:00:00,ENERGYMETER,19899.25,kWh
ec958f72-79c0-41a8-8531-ce490d10977a,2025-04-01T15:00:00,ENERGYMETER,19899.26,kWh
ec958f72-79c0-41a8-8531-ce490d10977a,2025-04-01T16:00:00,ENERGYMETER,19899.27,kWh
ec958f72-79c0-41a8-8531-ce490d10977a,2025-04-01T17:00:00,ENERGYMETER,19899.28,kWh
ec958f72-79c0-41a8-8531-ce490d10977a,2025-04-01T18:00:00,ENERGYMETER,19899.29,kWh
ec958f72-79c0-41a8-8531-ce490d10977a,2025-04-01T19:00:00,ENERGYMETER,19900.69,kWh
ec958f72-79c0-41a8-8531-ce490d10977a,2025-04-01T20:00:00,ENERGYMETER,19905.64,kWh
ec958f72-79c0-41a8-8531-ce490d10977a,2025-04-01T21:00:00,ENERGYMETER,19910.57,kWh
ec958f72-79c0-41a8-8531-ce490d10977a,2025-04-01T22:00:00,ENERGYMETER,19915.07,kWh
ec958f72-79c0-41a8-8531-ce490d10977a,2025-04-01T23:00:00,ENERGYMETER,19919.15,kWh
ec958f72-79c0-41a8-8531-ce490d10977a,2025-04-02T00:00:00,ENERGYMETER,19923.22,kWh
ec958f72-79c0-41a8-8531-ce490d10977a,2025-04-02T01:00:00,ENERGYMETER,19927.27,kWh
ec958f72-79c0-41a8-8531-ce490d10977a,2025-04-02T02:00:00,ENERGYMETER,19931.31,kWh
ec958f72-79c0-41a8-8531-ce490d10977a,2025-04-02T03:00:00,ENERGYMETER,19935.37,kWh
ec958f72-79c0-41a8-8531-ce490d10977a,2025-04-02T04:00:00,ENERGYMETER,19939.42,kWh
ec958f72-79c0-41a8-8531-ce490d10977a,2025-04-02T05:00:00,ENERGYMETER,19943.93,kWh
ec958f72-79c0-41a8-8531-ce490d10977a,2025-04-02T06:00:00,ENERGYMETER,19946.42,kWh
ec958f72-79c0-41a8-8531-ce490d10977a,2025-04-02T07:00:00,ENERGYMETER,19946.43,kWh
ec958f72-79c0-41a8-8531-ce490d10977a,2025-04-02T08:00:00,ENERGYMETER,19946.44,kWh
ec958f72-79c0-41a8-8531-ce490d10977a,2025-04-02T09:00:00,ENERGYMETER,19946.45,kWh
ec958f72-79c0-41a8-8531-ce490d10977a,2025-04-02T10:00:00,ENERGYMETER,19946.46,kWh
ec958f72-79c0-41a8-8531-ce490d10977a,2025-04-02T11:00:00,ENERGYMETER,19946.47,kWh
ec958f72-79c0-41a8-8531-ce490d10977a,2025-04-02T12:00:00,ENERGYMETER,19946.48,kWh
ec958f72-79c0-41a8-8531-ce490d10977a,2025-04-02T13:00:00,ENERGYMETER,19946.49,kWh
ec958f72-79c0-41a8-8531-ce490d10977a,2025-04-02T14:00:00,ENERGYMETER,19946.5,kWh
ec958f72-79c0-41a8-8531-ce490d10977a,2025-04-02T15:00:00,ENERGYMETER,19946.51,kWh
ec958f72-79c0-41a8-8531-ce490d10977a,2025-04-02T16:00:00,ENERGYMETER,19946.52,kWh
ec958f72-79c0-41a8-8531-ce490d10977a,2025-04-02T17:00:00,ENERGYMETER,19946.53,kWh
ec958f72-79c0-41a8-8531-ce490d10977a,2025-04-02T18:00:00,ENERGYMETER,19946.54,kWh
ec958f72-79c0-41a8-8531-ce490d10977a,2025-04-02T19:00:00,ENERGYMETER,19947.86,kWh
ec958f72-79c0-41a8-8531-ce490d10977a,2025-04-02T20:00:00,ENERGYMETER,19952.84,kWh
ec958f72-79c0-41a8-8531-ce490d10977a,2025-04-02T21:00:00,ENERGYMETER,19957.81,kWh
ec958f72-79c0-41a8-8531-ce490d10977a,2025-04-02T22:00:00,ENERGYMETER,19962.33,kWh
ec958f72-79c0-41a8-8531-ce490d10977a,2025-06-03T01:00:00,ENERGYMETER,22420.81,kWh
ec958f72-79c0-41a8-8531-ce490d10977a,2025-06-03T02:00:00,ENERGYMETER,22424.84,kWh
ec958f72-79c0-41a8-8531-ce490d10977a,2025-06-03T03:00:00,ENERGYMETER,22428.87,kWh
ec958f72-79c0-41a8-8531-ce490d10977a,2025-06-03T04:00:00,ENERGYMETER,22432.91,kWh
ec958f72-79c0-41a8-8531-ce490d10977a,2025-06-03T05:00:00,ENERGYMETER,22433.37,kWh
ec958f72-79c0-41a8-8531-ce490d10977a,2025-06-03T06:00:00,ENERGYMETER,22433.38,kWh
ec958f72-79c0-41a8-8531-ce490d10977a,2025-06-03T07:00:00,ENERGYMETER,22433.39,kWh
ec958f72-79c0-41a8-8531-ce490d10977a,2025-06-03T08:00:00,ENERGYMETER,22433.4,kWh
ec958f72-79c0-41a8-8531-ce490d10977a,2025-06-03T09:00:00,ENERGYMETER,22433.41,kWh
ec958f72-79c0-41a8-8531-ce490d10977a,2025-06-03T10:00:00,ENERGYMETER,22433.42,kWh
ec958f72-79c0-41a8-8531-ce490d10977a,2025-06-03T11:00:00,ENERGYMETER,22433.43,kWh
ec958f72-79c0-41a8-8531-ce490d10977a,2025-06-03T12:00:00,ENERGYMETER,22433.44,kWh
ec958f72-79c0-41a8-8531-ce490d10977a,2025-06-03T13:00:00,ENERGYMETER,22433.45,kWh
ec958f72-79c0-41a8-8531-ce490d10977a,2025-06-03T14:00:00,ENERGYMETER,22433.46,kWh
ec958f72-79c0-41a8-8531-ce490d10977a,2025-06-03T15:00:00,ENERGYMETER,22433.46,kWh
ec958f72-79c0-41a8-8531-ce490d10977a,2025-06-03T16:00:00,ENERGYMETER,22433.47,kWh
ec958f72-79c0-41a8-8531-ce490d10977a,2025-06-03T17:00:00,ENERGYMETER,22433.48,kWh
ec958f72-79c0-41a8-8531-ce490d10977a,2025-06-03T18:00:00,ENERGYMETER,22433.49,kWh
ec958f72-79c0-41a8-8531-ce490d10977a,2025-06-03T19:00:00,ENERGYMETER,22433.5,kWh
ec958f72-79c0-41a8-8531-ce490d10977a,2025-06-03T20:00:00,ENERGYMETER,22433.92,kWh
ec958f72-79c0-41a8-8531-ce490d10977a,2025-06-03T21:00:00,ENERGYMETER,22438.89,kWh
ec958f72-79c0-41a8-8531-ce490d10977a,2025-06-03T22:00:00,ENERGYMETER,22443.27,kWh
ec958f72-79c0-41a8-8531-ce490d10977a,2025-06-05T01:00:00,ENERGYMETER,22490.02,kWh
ec958f72-79c0-41a8-8531-ce490d10977a,2025-06-05T02:00:00,ENERGYMETER,22494.05,kWh
ec958f72-79c0-41a8-8531-ce490d10977a,2025-06-05T03:00:00,ENERGYMETER,22498.09,kWh
ec958f72-79c0-41a8-8531-ce490d10977a,2025-06-05T04:00:00,ENERGYMETER,22502.14,kWh
ec958f72-79c0-41a8-8531-ce490d10977a,2025-06-05T05:00:00,ENERGYMETER,22502.61,kWh
ec958f72-79c0-41a8-8531-ce490d10977a,2025-06-05T06:00:00,ENERGYMETER,22502.61,kWh
ec958f72-79c0-41a8-8531-ce490d10977a,2025-06-05T07:00:00,ENERGYMETER,22502.62,kWh
ec958f72-79c0-41a8-8531-ce490d10977a,2025-06-05T08:00:00,ENERGYMETER,22502.63,kWh
ec958f72-79c0-41a8-8531-ce490d10977a,2025-06-05T09:00:00,ENERGYMETER,22502.64,kWh
ec958f72-79c0-41a8-8531-ce490d10977a,2025-06-05T10:00:00,ENERGYMETER,22502.65,kWh
ec958f72-79c0-41a8-8531-ce490d10977a,2025-06-05T11:00:00,ENERGYMETER,22502.66,kWh
ec958f72-79c0-41a8-8531-ce490d10977a,2025-06-05T12:00:00,ENERGYMETER,22502.67,kWh
ec958f72-79c0-41a8-8531-ce490d10977a,2025-06-05T13:00:00,ENERGYMETER,22502.68,kWh
ec958f72-79c0-41a8-8531-ce490d10977a,2025-06-05T14:00:00,ENERGYMETER,22502.69,kWh
ec958f72-79c0-41a8-8531-ce490d10977a,2025-06-05T15:00:00,ENERGYMETER,22502.7,kWh
ec958f72-79c0-41a8-8531-ce490d10977a,2025-06-05T16:00:00,ENERGYMETER,22502.71,kWh
ec958f72-79c0-41a8-8531-ce490d10977a,2025-06-05T17:00:00,ENERGYMETER,22502.72,kWh
ec958f72-79c0-41a8-8531-ce490d10977a,2025-06-05T18:00:00,ENERGYMETER,22502.73,kWh
ec958f72-79c0-41a8-8531-ce490d10977a,2025-06-05T19:00:00,ENERGYMETER,22502.74,kWh
ec958f72-79c0-41a8-8531-ce490d10977a,2025-06-05T20:00:00,ENERGYMETER,22503.07,kWh
ec958f72-79c0-41a8-8531-ce490d10977a,2025-06-05T21:00:00,ENERGYMETER,22508.03,kWh
ec958f72-79c0-41a8-8531-ce490d10977a,2025-06-05T22:00:00,ENERGYMETER,22512.4,kWh
ec958f72-79c0-41a8-8531-ce490d10977a,2025-06-07T01:00:00,ENERGYMETER,22558.95,kWh
ec958f72-79c0-41a8-8531-ce490d10977a,2025-06-07T02:00:00,ENERGYMETER,22562.97,kWh
ec958f72-79c0-41a8-8531-ce490d10977a,2025-06-07T03:00:00,ENERGYMETER,22567.0,kWh
ec958f72-79c0-41a8-8531-ce490d10977a,2025-06-07T04:00:00,ENERGYMETER,22571.05,kWh
ec958f72-79c0-41a8-8531-ce490d10977a,2025-06-07T05:00:00,ENERGYMETER,22571.42,kWh
ec958f72-79c0-41a8-8531-ce490d10977a,2025-06-07T06:00:00,ENERGYMETER,22571.43,kWh
ec958f72-79c0-41a8-8531-ce490d10977a,2025-06-07T07:00:00,ENERGYMETER,22571.44,kWh
ec958f72-79c0-41a8-8531-ce490d10977a,2025-06-07T08:00:00,ENERGYMETER,22571.45,kWh
ec958f72-79c0-41a8-8531-ce490d10977a,2025-06-07T09:00:00,ENERGYMETER,22571.46,kWh
ec958f72-79c0-41a8-8531-ce490d10977a,2025-06-07T10:00:00,ENERGYMETER,22571.47,kWh
ec958f72-79c0-41a8-8531-ce490d10977a,2025-06-07T11:00:00,ENERGYMETER,22571.48,kWh
ec958f72-79c0-41a8-8531-ce490d10977a,2025-06-07T12:00:00,ENERGYMETER,22571.49,kWh
ec958f72-79c0-41a8-8531-ce490d10977a,2025-06-07T13:00:00,ENERGYMETER,22571.5,kWh
ec958f72-79c0-41a8-8531-ce490d10977a,2025-06-07T14:00:00,ENERGYMETER,22571.51,kWh
ec958f72-79c0-41a8-8531-ce490d10977a,2025-06-07T15:00:00,ENERGYMETER,22571.52,kWh
ec958f72-79c0-41a8-8531-ce490d10977a,2025-06-07T16:00:00,ENERGYMETER,22571.53,kWh
ec958f72-79c0-41a8-8531-ce490d10977a,2025-06-07T17:00:00,ENERGYMETER,22571.54,kWh
ec958f72-79c0-41a8-8531-ce490d10977a,2025-06-07T18:00:00,ENERGYMETER,22571.55,kWh
ec958f72-79c0-41a8-8531-ce490d10977a,2025-06-07T19:00:00,ENERGYMETER,22571.56,kWh
ec958f72-79c0-41a8-8531-ce490d10977a,2025-06-07T20:00:00,ENERGYMETER,22571.73,kWh
ec958f72-79c0-41a8-8531-ce490d10977a,2025-06-07T21:00:00,ENERGYMETER,22576.7,kWh
ec958f72-79c0-41a8-8531-ce490d10977a,2025-06-07T22:00:00,ENERGYMETER,22581.1,kWh
ec958f72-79c0-41a8-8531-ce490d10977a,2025-06-09T01:00:00,ENERGYMETER,22627.48,kWh
ec958f72-79c0-41a8-8531-ce490d10977a,2025-06-09T02:00:00,ENERGYMETER,22631.51,kWh
ec958f72-79c0-41a8-8531-ce490d10977a,2025-06-09T03:00:00,ENERGYMETER,22635.55,kWh
ec958f72-79c0-41a8-8531-ce490d10977a,2025-06-09T04:00:00,ENERGYMETER,22639.59,kWh
ec958f72-79c0-41a8-8531-ce490d10977a,2025-06-09T05:00:00,ENERGYMETER,22639.98,kWh
ec958f72-79c0-41a8-8531-ce490d10977a,2025-06-09T06:00:00,ENERGYMETER,22639.99,kWh
ec958f72-79c0-41a8-8531-ce490d10977a,2025-06-09T07:00:00,ENERGYMETER,22640.0,kWh
ec958f72-79c0-41a8-8531-ce490d10977a,2025-06-09T08:00:00,ENERGYMETER,22640.01,kWh
ec958f72-79c0-41a8-8531-ce490d10977a,2025-06-09T09:00:00,ENERGYMETER,22640.02,kWh
ec958f72-79c0-41a8-8531-ce490d10977a,2025-06-09T10:00:00,ENERGYMETER,22640.03,kWh
ec958f72-79c0-41a8-8531-ce490d10977a,2025-06-09T11:00:00,ENERGYMETER,22640.04,kWh
ec958f72-79c0-41a8-8531-ce490d10977a,2025-06-09T12:00:00,ENERGYMETER,22640.04,kWh
ec958f72-79c0-41a8-8531-ce490d10977a,2025-06-09T13:00:00,ENERGYMETER,22640.05,kWh
ec958f72-79c0-41a8-8531-ce490d10977a,2025-06-09T14:00:00,ENERGYMETER,22640.06,kWh
ec958f72-79c0-41a8-8531-ce490d10977a,2025-06-09T15:00:00,ENERGYMETER,22640.07,kWh
ec958f72-79c0-41a8-8531-ce490d10977a,2025-06-09T16:00:00,ENERGYMETER,22640.08,kWh
ec958f72-79c0-41a8-8531-ce490d10977a,2025-06-09T17:00:00,ENERGYMETER,22640.09,kWh
ec958f72-79c0-41a8-8531-ce490d10977a,2025-06-09T18:00:00,ENERGYMETER,22640.1,kWh
ec958f72-79c0-41a8-8531-ce490d10977a,2025-06-09T19:00:00,ENERGYMETER,22640.11,kWh
ec958f72-79c0-41a8-8531-ce490d10977a,2025-06-09T20:00:00,ENERGYMETER,22640.19,kWh
ec958f72-79c0-41a8-8531-ce490d10977a,2025-06-09T21:00:00,ENERGYMETER,22645.13,kWh
ec958f72-79c0-41a8-8531-ce490d10977a,2025-06-09T22:00:00,ENERGYMETER,22649.5,kWh
ec958f72-79c0-41a8-8531-ce490d10977a,2025-06-11T01:00:00,ENERGYMETER,22695.38,kWh
ec958f72-79c0-41a8-8531-ce490d10977a,2025-06-11T02:00:00,ENERGYMETER,22699.39,kWh
ec958f72-79c0-41a8-8531-ce490d10977a,2025-06-11T03:00:00,ENERGYMETER,22703.4,kWh
ec958f72-79c0-41a8-8531-ce490d10977a,2025-06-11T04:00:00,ENERGYMETER,22707.4,kWh
ec958f72-79c0-41a8-8531-ce490d10977a,2025-06-11T05:00:00,ENERGYMETER,22707.69,kWh
ec958f72-79c0-41a8-8531-ce490d10977a,2025-06-11T06:00:00,ENERGYMETER,22707.7,kWh
ec958f72-79c0-41a8-8531-ce490d10977a,2025-06-11T07:00:00,ENERGYMETER,22707.71,kWh
ec958f72-79c0-41a8-8531-ce490d10977a,2025-06-11T08:00:00,ENERGYMETER,22707.72,kWh
ec958f72-79c0-41a8-8531-ce490d10977a,2025-06-11T09:00:00,ENERGYMETER,22707.73,kWh
ec958f72-79c0-41a8-8531-ce490d10977a,2025-06-11T10:00:00,ENERGYMETER,22707.74,kWh
ec958f72-79c0-41a8-8531-ce490d10977a,2025-06-11T11:00:00,ENERGYMETER,22707.75,kWh
ec958f72-79c0-41a8-8531-ce490d10977a,2025-06-11T12:00:00,ENERGYMETER,22707.76,kWh
ec958f72-79c0-41a8-8531-ce490d10977a,2025-06-11T13:00:00,ENERGYMETER,22707.77,kWh
ec958f72-79c0-41a8-8531-ce490d10977a,2025-06-11T14:00:00,ENERGYMETER,22707.78,kWh
ec958f72-79c0-41a8-8531-ce490d10977a,2025-06-11T15:00:00,ENERGYMETER,22707.79,kWh
ec958f72-79c0-41a8-8531-ce490d10977a,2025-06-11T16:00:00,ENERGYMETER,22707.8,kWh
ec958f72-79c0-41a8-8531-ce490d10977a,2025-06-11T17:00:00,ENERGYMETER,22707.81,kWh
ec958f72-79c0-41a8-8531-ce490d10977a,2025-06-11T18:00:00,ENERGYMETER,22707.82,kWh
ec958f72-79c0-41a8-8531-ce490d10977a,2025-06-11T19:00:00,ENERGYMETER,22707.83,kWh
ec958f72-79c0-41a8-8531-ce490d10977a,2025-06-11T20:00:00,ENERGYMETER,22707.84,kWh
ec958f72-79c0-41a8-8531-ce490d10977a,2025-06-11T21:00:00,ENERGYMETER,22712.75,kWh
ec958f72-79c0-41a8-8531-ce490d10977a,2025-06-11T22:00:00,ENERGYMETER,22717.11,kWh
ec958f72-79c0-41a8-8531-ce490d10977a,2025-06-13T01:00:00,ENERGYMETER,22762.55,kWh
ec958f72-79c0-41a8-8531-ce490d10977a,2025-06-13T02:00:00,ENERGYMETER,22766.49,kWh
ec958f72-79c0-41a8-8531-ce490d10977a,2025-06-13T03:00:00,ENERGYMETER,22770.43,kWh
ec958f72-79c0-41a8-8531-ce490d10977a,2025-06-13T04:00:00,ENERGYMETER,22774.38,kWh
ec958f72-79c0-41a8-8531-ce490d10977a,2025-06-13T05:00:00,ENERGYMETER,22774.6,kWh
ec958f72-79c0-41a8-8531-ce490d10977a,2025-06-13T06:00:00,ENERGYMETER,22774.61,kWh
ec958f72-79c0-41a8-8531-ce490d10977a,2025-06-13T07:00:00,ENERGYMETER,22774.62,kWh
ec958f72-79c0-41a8-8531-ce490d10977a,2025-06-13T08:00:00,ENERGYMETER,22774.63,kWh
ec958f72-79c0-41a8-8531-ce490d10977a,2025-06-13T09:00:00,ENERGYMETER,22774.64,kWh
ec958f72-79c0-41a8-8531-ce490d10977a,2025-06-13T10:00:00,ENERGYMETER,22774.65,kWh
ec958f72-79c0-41a8-8531-ce490d10977a,2025-06-13T11:00:00,ENERGYMETER,22774.66,kWh
ec958f72-79c0-41a8-8531-ce490d10977a,2025-06-13T12:00:00,ENERGYMETER,22774.67,kWh
ec958f72-79c0-41a8-8531-ce490d10977a,2025-06-13T13:00:00,ENERGYMETER,22774.68,kWh
ec958f72-79c0-41a8-8531-ce490d10977a,2025-06-13T14:00:00,ENERGYMETER,22774.68,kWh
ec958f72-79c0-41a8-8531-ce490d10977a,2025-06-13T15:00:00,ENERGYMETER,22774.69,kWh
ec958f72-79c0-41a8-8531-ce490d10977a,2025-06-13T16:00:00,ENERGYMETER,22774.7,kWh
ec958f72-79c0-41a8-8531-ce490d10977a,2025-06-13T17:00:00,ENERGYMETER,22774.71,kWh
ec958f72-79c0-41a8-8531-ce490d10977a,2025-06-13T18:00:00,ENERGYMETER,22774.72,kWh
ec958f72-79c0-41a8-8531-ce490d10977a,2025-06-13T19:00:00,ENERGYMETER,22774.73,kWh
ec958f72-79c0-41a8-8531-ce490d10977a,2025-06-13T20:00:00,ENERGYMETER,22774.74,kWh
ec958f72-79c0-41a8-8531-ce490d10977a,2025-06-13T21:00:00,ENERGYMETER,22779.53,kWh
ec958f72-79c0-41a8-8531-ce490d10977a,2025-06-13T22:00:00,ENERGYMETER,22783.82,kWh
